walk_id	walk_cn	order	edge_id	type	label	edge_cn
7	0.01	1	66	REF	REF066	0.94
7	0.01	2	65	REF	REF065	0.85
7	0.01	3	64	REF	REF064	1.83
7	0.01	4	63	REF	REF063	2.01
7	0.01	5	62	REF	REF062	2.01
7	0.01	6	72	ALT	SV05	0.56
7	0.01	7	53	REF	REF053	3.24
7	0.01	8	52	REF	REF052	2.02
7	0.01	9	51	REF	REF051	2.02
7	0.01	10	50	REF	REF050	3.02
7	0.01	11	49	REF	REF049	2.04
7	0.01	12	48	REF	REF048	2.04
7	0.01	13	47	REF	REF047	3.65
7	0.01	14	69	ALT	SV02	0.98
7	0.01	15	64	REF	REF064	1.83
7	0.01	16	63	REF	REF063	2.01
7	0.01	17	62	REF	REF062	2.01
7	0.01	18	72	ALT	SV05	0.56
7	0.01	19	53	REF	REF053	3.24
7	0.01	20	52	REF	REF052	2.02
7	0.01	21	51	REF	REF051	2.02
7	0.01	22	50	REF	REF050	3.02
7	0.01	23	49	REF	REF049	2.04
7	0.01	24	48	REF	REF048	2.04
7	0.01	25	47	REF	REF047	3.65
7	0.01	26	69	ALT	SV02	0.98
7	0.01	27	64	REF	REF064	1.83
7	0.01	28	63	REF	REF063	2.01
7	0.01	29	62	REF	REF062	2.01
7	0.01	30	72	ALT	SV05	0.56
7	0.01	31	53	REF	REF053	3.24
7	0.01	32	52	REF	REF052	2.02
7	0.01	33	51	REF	REF051	2.02
7	0.01	34	50	REF	REF050	3.02
7	0.01	35	49	REF	REF049	2.04
7	0.01	36	48	REF	REF048	2.04
7	0.01	37	47	REF	REF047	3.65
7	0.01	38	69	ALT	SV02	0.98
7	0.01	39	64	REF	REF064	1.83
7	0.01	40	63	REF	REF063	2.01
7	0.01	41	62	REF	REF062	2.01
7	0.01	42	72	ALT	SV05	0.56
7	0.01	43	53	REF	REF053	3.24
7	0.01	44	52	REF	REF052	2.02
7	0.01	45	51	REF	REF051	2.02
7	0.01	46	50	REF	REF050	3.02
7	0.01	47	49	REF	REF049	2.04
7	0.01	48	48	REF	REF048	2.04
7	0.01	49	47	REF	REF047	3.65
7	0.01	50	69	ALT	SV02	0.98
7	0.01	51	64	REF	REF064	1.83
7	0.01	52	63	REF	REF063	2.01
7	0.01	53	62	REF	REF062	2.01
7	0.01	54	72	ALT	SV05	0.56
7	0.01	55	53	REF	REF053	3.24
7	0.01	56	52	REF	REF052	2.02
7	0.01	57	51	REF	REF051	2.02
7	0.01	58	50	REF	REF050	3.02
7	0.01	59	49	REF	REF049	2.04
7	0.01	60	48	REF	REF048	2.04
7	0.01	61	47	REF	REF047	3.65
7	0.01	62	69	ALT	SV02	0.98
7	0.01	63	64	REF	REF064	1.83
7	0.01	64	63	REF	REF063	2.01
7	0.01	65	62	REF	REF062	2.01
7	0.01	66	72	ALT	SV05	0.56
7	0.01	67	53	REF	REF053	3.24
7	0.01	68	52	REF	REF052	2.02
7	0.01	69	51	REF	REF051	2.02
7	0.01	70	50	REF	REF050	3.02
7	0.01	71	49	REF	REF049	2.04
7	0.01	72	48	REF	REF048	2.04
7	0.01	73	47	REF	REF047	3.65
7	0.01	74	69	ALT	SV02	0.98
7	0.01	75	64	REF	REF064	1.83
7	0.01	76	63	REF	REF063	2.01
7	0.01	77	62	REF	REF062	2.01
7	0.01	78	72	ALT	SV05	0.56
7	0.01	79	53	REF	REF053	3.24
7	0.01	80	52	REF	REF052	2.02
7	0.01	81	51	REF	REF051	2.02
7	0.01	82	50	REF	REF050	3.02
7	0.01	83	49	REF	REF049	2.04
7	0.01	84	48	REF	REF048	2.04
7	0.01	85	47	REF	REF047	3.65
7	0.01	86	69	ALT	SV02	0.98
7	0.01	87	64	REF	REF064	1.83
7	0.01	88	63	REF	REF063	2.01
7	0.01	89	62	REF	REF062	2.01
7	0.01	90	72	ALT	SV05	0.56
7	0.01	91	53	REF	REF053	3.24
7	0.01	92	52	REF	REF052	2.02
7	0.01	93	51	REF	REF051	2.02
7	0.01	94	50	REF	REF050	3.02
7	0.01	95	49	REF	REF049	2.04
7	0.01	96	48	REF	REF048	2.04
7	0.01	97	47	REF	REF047	3.65
7	0.01	98	69	ALT	SV02	0.98
7	0.01	99	64	REF	REF064	1.83
7	0.01	100	63	REF	REF063	2.01
7	0.01	101	62	REF	REF062	2.01
7	0.01	102	72	ALT	SV05	0.56
7	0.01	103	53	REF	REF053	3.24
7	0.01	104	52	REF	REF052	2.02
7	0.01	105	51	REF	REF051	2.02
7	0.01	106	50	REF	REF050	3.02
7	0.01	107	49	REF	REF049	2.04
7	0.01	108	48	REF	REF048	2.04
7	0.01	109	47	REF	REF047	3.65
7	0.01	110	69	ALT	SV02	0.98
7	0.01	111	64	REF	REF064	1.83
7	0.01	112	63	REF	REF063	2.01
7	0.01	113	62	REF	REF062	2.01
7	0.01	114	72	ALT	SV05	0.56
7	0.01	115	53	REF	REF053	3.24
7	0.01	116	52	REF	REF052	2.02
7	0.01	117	51	REF	REF051	2.02
7	0.01	118	50	REF	REF050	3.02
7	0.01	119	49	REF	REF049	2.04
7	0.01	120	48	REF	REF048	2.04
7	0.01	121	47	REF	REF047	3.65
7	0.01	122	69	ALT	SV02	0.98
7	0.01	123	64	REF	REF064	1.83
7	0.01	124	63	REF	REF063	2.01
7	0.01	125	62	REF	REF062	2.01
7	0.01	126	72	ALT	SV05	0.56
7	0.01	127	53	REF	REF053	3.24
7	0.01	128	52	REF	REF052	2.02
7	0.01	129	51	REF	REF051	2.02
7	0.01	130	50	REF	REF050	3.02
7	0.01	131	49	REF	REF049	2.04
7	0.01	132	48	REF	REF048	2.04
7	0.01	133	47	REF	REF047	3.65
7	0.01	134	69	ALT	SV02	0.98
7	0.01	135	64	REF	REF064	1.83
7	0.01	136	63	REF	REF063	2.01
7	0.01	137	62	REF	REF062	2.01
7	0.01	138	72	ALT	SV05	0.56
7	0.01	139	53	REF	REF053	3.24
7	0.01	140	52	REF	REF052	2.02
7	0.01	141	51	REF	REF051	2.02
7	0.01	142	50	REF	REF050	3.02
7	0.01	143	49	REF	REF049	2.04
7	0.01	144	48	REF	REF048	2.04
7	0.01	145	47	REF	REF047	3.65
7	0.01	146	69	ALT	SV02	0.98
7	0.01	147	64	REF	REF064	1.83
7	0.01	148	63	REF	REF063	2.01
7	0.01	149	62	REF	REF062	2.01
7	0.01	150	72	ALT	SV05	0.56
7	0.01	151	53	REF	REF053	3.24
7	0.01	152	52	REF	REF052	2.02
7	0.01	153	51	REF	REF051	2.02
7	0.01	154	50	REF	REF050	3.02
7	0.01	155	49	REF	REF049	2.04
7	0.01	156	48	REF	REF048	2.04
7	0.01	157	47	REF	REF047	3.65
7	0.01	158	69	ALT	SV02	0.98
7	0.01	159	64	REF	REF064	1.83
7	0.01	160	63	REF	REF063	2.01
7	0.01	161	62	REF	REF062	2.01
7	0.01	162	72	ALT	SV05	0.56
7	0.01	163	53	REF	REF053	3.24
7	0.01	164	52	REF	REF052	2.02
7	0.01	165	51	REF	REF051	2.02
7	0.01	166	50	REF	REF050	3.02
7	0.01	167	49	REF	REF049	2.04
7	0.01	168	48	REF	REF048	2.04
7	0.01	169	47	REF	REF047	3.65
7	0.01	170	69	ALT	SV02	0.98
7	0.01	171	64	REF	REF064	1.83
7	0.01	172	63	REF	REF063	2.01
7	0.01	173	62	REF	REF062	2.01
7	0.01	174	72	ALT	SV05	0.56
7	0.01	175	53	REF	REF053	3.24
7	0.01	176	52	REF	REF052	2.02
7	0.01	177	51	REF	REF051	2.02
7	0.01	178	50	REF	REF050	3.02
7	0.01	179	49	REF	REF049	2.04
7	0.01	180	48	REF	REF048	2.04
7	0.01	181	47	REF	REF047	3.65
7	0.01	182	69	ALT	SV02	0.98
7	0.01	183	64	REF	REF064	1.83
7	0.01	184	63	REF	REF063	2.01
7	0.01	185	62	REF	REF062	2.01
7	0.01	186	72	ALT	SV05	0.56
7	0.01	187	53	REF	REF053	3.24
7	0.01	188	52	REF	REF052	2.02
7	0.01	189	51	REF	REF051	2.02
7	0.01	190	50	REF	REF050	3.02
7	0.01	191	49	REF	REF049	2.04
7	0.01	192	48	REF	REF048	2.04
7	0.01	193	47	REF	REF047	3.65
7	0.01	194	69	ALT	SV02	0.98
7	0.01	195	64	REF	REF064	1.83
7	0.01	196	63	REF	REF063	2.01
7	0.01	197	62	REF	REF062	2.01
7	0.01	198	72	ALT	SV05	0.56
7	0.01	199	53	REF	REF053	3.24
7	0.01	200	52	REF	REF052	2.02
7	0.01	201	51	REF	REF051	2.02
7	0.01	202	50	REF	REF050	3.02
7	0.01	203	49	REF	REF049	2.04
7	0.01	204	48	REF	REF048	2.04
7	0.01	205	47	REF	REF047	3.65
7	0.01	206	69	ALT	SV02	0.98
7	0.01	207	64	REF	REF064	1.83
7	0.01	208	63	REF	REF063	2.01
7	0.01	209	62	REF	REF062	2.01
7	0.01	210	72	ALT	SV05	0.56
7	0.01	211	53	REF	REF053	3.24
7	0.01	212	52	REF	REF052	2.02
7	0.01	213	51	REF	REF051	2.02
7	0.01	214	50	REF	REF050	3.02
7	0.01	215	49	REF	REF049	2.04
7	0.01	216	48	REF	REF048	2.04
7	0.01	217	47	REF	REF047	3.65
7	0.01	218	69	ALT	SV02	0.98
7	0.01	219	64	REF	REF064	1.83
7	0.01	220	63	REF	REF063	2.01
7	0.01	221	62	REF	REF062	2.01
7	0.01	222	72	ALT	SV05	0.56
7	0.01	223	53	REF	REF053	3.24
7	0.01	224	52	REF	REF052	2.02
7	0.01	225	51	REF	REF051	2.02
7	0.01	226	50	REF	REF050	3.02
7	0.01	227	49	REF	REF049	2.04
7	0.01	228	48	REF	REF048	2.04
7	0.01	229	47	REF	REF047	3.65
7	0.01	230	69	ALT	SV02	0.98
7	0.01	231	64	REF	REF064	1.83
7	0.01	232	63	REF	REF063	2.01
7	0.01	233	62	REF	REF062	2.01
7	0.01	234	72	ALT	SV05	0.56
7	0.01	235	53	REF	REF053	3.24
7	0.01	236	52	REF	REF052	2.02
7	0.01	237	51	REF	REF051	2.02
7	0.01	238	50	REF	REF050	3.02
7	0.01	239	49	REF	REF049	2.04
7	0.01	240	48	REF	REF048	2.04
7	0.01	241	47	REF	REF047	3.65
7	0.01	242	69	ALT	SV02	0.98
7	0.01	243	64	REF	REF064	1.83
7	0.01	244	63	REF	REF063	2.01
7	0.01	245	62	REF	REF062	2.01
7	0.01	246	72	ALT	SV05	0.56
7	0.01	247	53	REF	REF053	3.24
7	0.01	248	52	REF	REF052	2.02
7	0.01	249	51	REF	REF051	2.02
7	0.01	250	50	REF	REF050	3.02
7	0.01	251	49	REF	REF049	2.04
7	0.01	252	48	REF	REF048	2.04
7	0.01	253	47	REF	REF047	3.65
7	0.01	254	69	ALT	SV02	0.98
7	0.01	255	64	REF	REF064	1.83
7	0.01	256	63	REF	REF063	2.01
7	0.01	257	62	REF	REF062	2.01
7	0.01	258	72	ALT	SV05	0.56
7	0.01	259	53	REF	REF053	3.24
7	0.01	260	52	REF	REF052	2.02
7	0.01	261	51	REF	REF051	2.02
7	0.01	262	50	REF	REF050	3.02
7	0.01	263	49	REF	REF049	2.04
7	0.01	264	48	REF	REF048	2.04
7	0.01	265	47	REF	REF047	3.65
7	0.01	266	69	ALT	SV02	0.98
7	0.01	267	64	REF	REF064	1.83
7	0.01	268	63	REF	REF063	2.01
7	0.01	269	62	REF	REF062	2.01
7	0.01	270	72	ALT	SV05	0.56
7	0.01	271	53	REF	REF053	3.24
7	0.01	272	52	REF	REF052	2.02
7	0.01	273	51	REF	REF051	2.02
7	0.01	274	50	REF	REF050	3.02
7	0.01	275	49	REF	REF049	2.04
7	0.01	276	48	REF	REF048	2.04
7	0.01	277	47	REF	REF047	3.65
7	0.01	278	69	ALT	SV02	0.98
7	0.01	279	64	REF	REF064	1.83
7	0.01	280	63	REF	REF063	2.01
7	0.01	281	62	REF	REF062	2.01
7	0.01	282	72	ALT	SV05	0.56
7	0.01	283	53	REF	REF053	3.24
7	0.01	284	52	REF	REF052	2.02
7	0.01	285	51	REF	REF051	2.02
7	0.01	286	50	REF	REF050	3.02
7	0.01	287	49	REF	REF049	2.04
7	0.01	288	48	REF	REF048	2.04
7	0.01	289	47	REF	REF047	3.65
7	0.01	290	69	ALT	SV02	0.98
7	0.01	291	64	REF	REF064	1.83
7	0.01	292	63	REF	REF063	2.01
7	0.01	293	62	REF	REF062	2.01
7	0.01	294	72	ALT	SV05	0.56
7	0.01	295	53	REF	REF053	3.24
7	0.01	296	52	REF	REF052	2.02
7	0.01	297	51	REF	REF051	2.02
7	0.01	298	50	REF	REF050	3.02
7	0.01	299	49	REF	REF049	2.04
7	0.01	300	48	REF	REF048	2.04
7	0.01	301	47	REF	REF047	3.65
7	0.01	302	69	ALT	SV02	0.98
7	0.01	303	64	REF	REF064	1.83
7	0.01	304	63	REF	REF063	2.01
7	0.01	305	62	REF	REF062	2.01
7	0.01	306	72	ALT	SV05	0.56
7	0.01	307	53	REF	REF053	3.24
7	0.01	308	52	REF	REF052	2.02
7	0.01	309	51	REF	REF051	2.02
7	0.01	310	50	REF	REF050	3.02
7	0.01	311	49	REF	REF049	2.04
7	0.01	312	48	REF	REF048	2.04
7	0.01	313	47	REF	REF047	3.65
7	0.01	314	69	ALT	SV02	0.98
7	0.01	315	64	REF	REF064	1.83
7	0.01	316	63	REF	REF063	2.01
7	0.01	317	62	REF	REF062	2.01
7	0.01	318	72	ALT	SV05	0.56
7	0.01	319	53	REF	REF053	3.24
7	0.01	320	52	REF	REF052	2.02
7	0.01	321	51	REF	REF051	2.02
7	0.01	322	50	REF	REF050	3.02
7	0.01	323	49	REF	REF049	2.04
7	0.01	324	48	REF	REF048	2.04
7	0.01	325	47	REF	REF047	3.65
7	0.01	326	69	ALT	SV02	0.98
7	0.01	327	64	REF	REF064	1.83
7	0.01	328	63	REF	REF063	2.01
7	0.01	329	62	REF	REF062	2.01
7	0.01	330	72	ALT	SV05	0.56
7	0.01	331	53	REF	REF053	3.24
7	0.01	332	52	REF	REF052	2.02
7	0.01	333	51	REF	REF051	2.02
7	0.01	334	50	REF	REF050	3.02
7	0.01	335	49	REF	REF049	2.04
7	0.01	336	48	REF	REF048	2.04
7	0.01	337	47	REF	REF047	3.65
7	0.01	338	69	ALT	SV02	0.98
7	0.01	339	64	REF	REF064	1.83
7	0.01	340	63	REF	REF063	2.01
7	0.01	341	62	REF	REF062	2.01
7	0.01	342	72	ALT	SV05	0.56
7	0.01	343	53	REF	REF053	3.24
7	0.01	344	52	REF	REF052	2.02
7	0.01	345	51	REF	REF051	2.02
7	0.01	346	50	REF	REF050	3.02
7	0.01	347	49	REF	REF049	2.04
7	0.01	348	48	REF	REF048	2.04
7	0.01	349	47	REF	REF047	3.65
7	0.01	350	69	ALT	SV02	0.98
7	0.01	351	64	REF	REF064	1.83
7	0.01	352	63	REF	REF063	2.01
7	0.01	353	62	REF	REF062	2.01
7	0.01	354	72	ALT	SV05	0.56
7	0.01	355	53	REF	REF053	3.24
7	0.01	356	52	REF	REF052	2.02
7	0.01	357	51	REF	REF051	2.02
7	0.01	358	50	REF	REF050	3.02
7	0.01	359	49	REF	REF049	2.04
7	0.01	360	48	REF	REF048	2.04
7	0.01	361	47	REF	REF047	3.65
7	0.01	362	69	ALT	SV02	0.98
7	0.01	363	64	REF	REF064	1.83
7	0.01	364	63	REF	REF063	2.01
7	0.01	365	62	REF	REF062	2.01
7	0.01	366	72	ALT	SV05	0.56
7	0.01	367	53	REF	REF053	3.24
7	0.01	368	52	REF	REF052	2.02
7	0.01	369	51	REF	REF051	2.02
7	0.01	370	50	REF	REF050	3.02
7	0.01	371	49	REF	REF049	2.04
7	0.01	372	48	REF	REF048	2.04
7	0.01	373	47	REF	REF047	3.65
7	0.01	374	69	ALT	SV02	0.98
7	0.01	375	64	REF	REF064	1.83
7	0.01	376	63	REF	REF063	2.01
7	0.01	377	62	REF	REF062	2.01
7	0.01	378	72	ALT	SV05	0.56
7	0.01	379	53	REF	REF053	3.24
7	0.01	380	52	REF	REF052	2.02
7	0.01	381	51	REF	REF051	2.02
7	0.01	382	50	REF	REF050	3.02
7	0.01	383	49	REF	REF049	2.04
7	0.01	384	48	REF	REF048	2.04
7	0.01	385	47	REF	REF047	3.65
7	0.01	386	69	ALT	SV02	0.98
7	0.01	387	64	REF	REF064	1.83
7	0.01	388	63	REF	REF063	2.01
7	0.01	389	62	REF	REF062	2.01
7	0.01	390	72	ALT	SV05	0.56
7	0.01	391	53	REF	REF053	3.24
7	0.01	392	52	REF	REF052	2.02
7	0.01	393	51	REF	REF051	2.02
7	0.01	394	50	REF	REF050	3.02
7	0.01	395	49	REF	REF049	2.04
7	0.01	396	48	REF	REF048	2.04
7	0.01	397	47	REF	REF047	3.65
7	0.01	398	69	ALT	SV02	0.98
7	0.01	399	64	REF	REF064	1.83
7	0.01	400	63	REF	REF063	2.01
7	0.01	401	62	REF	REF062	2.01
7	0.01	402	72	ALT	SV05	0.56
7	0.01	403	53	REF	REF053	3.24
7	0.01	404	52	REF	REF052	2.02
7	0.01	405	51	REF	REF051	2.02
7	0.01	406	50	REF	REF050	3.02
7	0.01	407	49	REF	REF049	2.04
7	0.01	408	48	REF	REF048	2.04
7	0.01	409	47	REF	REF047	3.65
7	0.01	410	69	ALT	SV02	0.98
7	0.01	411	64	REF	REF064	1.83
7	0.01	412	63	REF	REF063	2.01
7	0.01	413	62	REF	REF062	2.01
7	0.01	414	72	ALT	SV05	0.56
7	0.01	415	53	REF	REF053	3.24
7	0.01	416	52	REF	REF052	2.02
7	0.01	417	51	REF	REF051	2.02
7	0.01	418	50	REF	REF050	3.02
7	0.01	419	49	REF	REF049	2.04
7	0.01	420	48	REF	REF048	2.04
7	0.01	421	47	REF	REF047	3.65
7	0.01	422	69	ALT	SV02	0.98
7	0.01	423	64	REF	REF064	1.83
7	0.01	424	63	REF	REF063	2.01
7	0.01	425	62	REF	REF062	2.01
7	0.01	426	72	ALT	SV05	0.56
7	0.01	427	53	REF	REF053	3.24
7	0.01	428	52	REF	REF052	2.02
7	0.01	429	51	REF	REF051	2.02
7	0.01	430	50	REF	REF050	3.02
7	0.01	431	49	REF	REF049	2.04
7	0.01	432	48	REF	REF048	2.04
7	0.01	433	47	REF	REF047	3.65
7	0.01	434	69	ALT	SV02	0.98
7	0.01	435	64	REF	REF064	1.83
7	0.01	436	63	REF	REF063	2.01
7	0.01	437	62	REF	REF062	2.01
7	0.01	438	72	ALT	SV05	0.56
7	0.01	439	53	REF	REF053	3.24
7	0.01	440	52	REF	REF052	2.02
7	0.01	441	51	REF	REF051	2.02
7	0.01	442	50	REF	REF050	3.02
7	0.01	443	49	REF	REF049	2.04
7	0.01	444	48	REF	REF048	2.04
7	0.01	445	47	REF	REF047	3.65
7	0.01	446	69	ALT	SV02	0.98
7	0.01	447	64	REF	REF064	1.83
7	0.01	448	63	REF	REF063	2.01
7	0.01	449	62	REF	REF062	2.01
7	0.01	450	72	ALT	SV05	0.56
7	0.01	451	53	REF	REF053	3.24
7	0.01	452	52	REF	REF052	2.02
7	0.01	453	51	REF	REF051	2.02
7	0.01	454	50	REF	REF050	3.02
7	0.01	455	49	REF	REF049	2.04
7	0.01	456	48	REF	REF048	2.04
7	0.01	457	47	REF	REF047	3.65
7	0.01	458	69	ALT	SV02	0.98
7	0.01	459	64	REF	REF064	1.83
7	0.01	460	63	REF	REF063	2.01
7	0.01	461	62	REF	REF062	2.01
7	0.01	462	61	REF	REF061	1.45
7	0.01	463	60	REF	REF060	1.01
7	0.01	464	59	REF	REF059	1.01
7	0.01	465	58	REF	REF058	2.25
7	0.01	466	57	REF	REF057	3.98
7	0.01	467	56	REF	REF056	2.17
7	0.01	468	55	REF	REF055	2.17
7	0.01	469	54	REF	REF054	2.17
7	0.01	470	53	REF	REF053	3.24
7	0.01	471	52	REF	REF052	2.02
7	0.01	472	51	REF	REF051	2.02
7	0.01	473	50	REF	REF050	3.02
7	0.01	474	49	REF	REF049	2.04
7	0.01	475	48	REF	REF048	2.04
7	0.01	476	47	REF	REF047	3.65
7	0.01	477	69	ALT	SV02	0.98
7	0.01	478	64	REF	REF064	1.83
7	0.01	479	63	REF	REF063	2.01
7	0.01	480	62	REF	REF062	2.01
7	0.01	481	61	REF	REF061	1.45
7	0.01	482	60	REF	REF060	1.01
7	0.01	483	59	REF	REF059	1.01
7	0.01	484	58	REF	REF058	2.25
7	0.01	485	57	REF	REF057	3.98
7	0.01	486	56	REF	REF056	2.17
7	0.01	487	55	REF	REF055	2.17
7	0.01	488	54	REF	REF054	2.17
7	0.01	489	53	REF	REF053	3.24
7	0.01	490	52	REF	REF052	2.02
7	0.01	491	51	REF	REF051	2.02
7	0.01	492	50	REF	REF050	3.02
7	0.01	493	49	REF	REF049	2.04
7	0.01	494	48	REF	REF048	2.04
7	0.01	495	47	REF	REF047	3.65
7	0.01	496	69	ALT	SV02	0.98
7	0.01	497	64	REF	REF064	1.83
7	0.01	498	63	REF	REF063	2.01
7	0.01	499	62	REF	REF062	2.01
7	0.01	500	61	REF	REF061	1.45
7	0.01	501	60	REF	REF060	1.01
7	0.01	502	59	REF	REF059	1.01
7	0.01	503	58	REF	REF058	2.25
7	0.01	504	57	REF	REF057	3.98
7	0.01	505	56	REF	REF056	2.17
7	0.01	506	55	REF	REF055	2.17
7	0.01	507	54	REF	REF054	2.17
7	0.01	508	53	REF	REF053	3.24
7	0.01	509	52	REF	REF052	2.02
7	0.01	510	51	REF	REF051	2.02
7	0.01	511	50	REF	REF050	3.02
7	0.01	512	49	REF	REF049	2.04
7	0.01	513	48	REF	REF048	2.04
7	0.01	514	47	REF	REF047	3.65
7	0.01	515	69	ALT	SV02	0.98
7	0.01	516	64	REF	REF064	1.83
7	0.01	517	63	REF	REF063	2.01
7	0.01	518	62	REF	REF062	2.01
7	0.01	519	61	REF	REF061	1.45
7	0.01	520	60	REF	REF060	1.01
7	0.01	521	59	REF	REF059	1.01
7	0.01	522	58	REF	REF058	2.25
7	0.01	523	57	REF	REF057	3.98
7	0.01	524	56	REF	REF056	2.17
7	0.01	525	55	REF	REF055	2.17
7	0.01	526	54	REF	REF054	2.17
7	0.01	527	53	REF	REF053	3.24
7	0.01	528	52	REF	REF052	2.02
7	0.01	529	51	REF	REF051	2.02
7	0.01	530	50	REF	REF050	3.02
7	0.01	531	49	REF	REF049	2.04
7	0.01	532	48	REF	REF048	2.04
7	0.01	533	47	REF	REF047	3.65
7	0.01	534	69	ALT	SV02	0.98
7	0.01	535	64	REF	REF064	1.83
7	0.01	536	63	REF	REF063	2.01
7	0.01	537	62	REF	REF062	2.01
7	0.01	538	61	REF	REF061	1.45
7	0.01	539	60	REF	REF060	1.01
7	0.01	540	59	REF	REF059	1.01
7	0.01	541	58	REF	REF058	2.25
7	0.01	542	57	REF	REF057	3.98
7	0.01	543	56	REF	REF056	2.17
7	0.01	544	55	REF	REF055	2.17
7	0.01	545	54	REF	REF054	2.17
7	0.01	546	53	REF	REF053	3.24
7	0.01	547	52	REF	REF052	2.02
7	0.01	548	51	REF	REF051	2.02
7	0.01	549	50	REF	REF050	3.02
7	0.01	550	49	REF	REF049	2.04
7	0.01	551	48	REF	REF048	2.04
7	0.01	552	47	REF	REF047	3.65
7	0.01	553	69	ALT	SV02	0.98
7	0.01	554	64	REF	REF064	1.83
7	0.01	555	63	REF	REF063	2.01
7	0.01	556	62	REF	REF062	2.01
7	0.01	557	61	REF	REF061	1.45
7	0.01	558	60	REF	REF060	1.01
7	0.01	559	59	REF	REF059	1.01
7	0.01	560	58	REF	REF058	2.25
7	0.01	561	57	REF	REF057	3.98
7	0.01	562	56	REF	REF056	2.17
7	0.01	563	55	REF	REF055	2.17
7	0.01	564	54	REF	REF054	2.17
7	0.01	565	53	REF	REF053	3.24
7	0.01	566	52	REF	REF052	2.02
7	0.01	567	51	REF	REF051	2.02
7	0.01	568	50	REF	REF050	3.02
7	0.01	569	49	REF	REF049	2.04
7	0.01	570	48	REF	REF048	2.04
7	0.01	571	47	REF	REF047	3.65
7	0.01	572	69	ALT	SV02	0.98
7	0.01	573	64	REF	REF064	1.83
7	0.01	574	63	REF	REF063	2.01
7	0.01	575	62	REF	REF062	2.01
7	0.01	576	61	REF	REF061	1.45
7	0.01	577	60	REF	REF060	1.01
7	0.01	578	59	REF	REF059	1.01
7	0.01	579	58	REF	REF058	2.25
7	0.01	580	57	REF	REF057	3.98
7	0.01	581	56	REF	REF056	2.17
7	0.01	582	55	REF	REF055	2.17
7	0.01	583	54	REF	REF054	2.17
7	0.01	584	53	REF	REF053	3.24
7	0.01	585	52	REF	REF052	2.02
7	0.01	586	51	REF	REF051	2.02
7	0.01	587	50	REF	REF050	3.02
7	0.01	588	49	REF	REF049	2.04
7	0.01	589	48	REF	REF048	2.04
7	0.01	590	47	REF	REF047	3.65
7	0.01	591	69	ALT	SV02	0.98
7	0.01	592	64	REF	REF064	1.83
7	0.01	593	63	REF	REF063	2.01
7	0.01	594	62	REF	REF062	2.01
7	0.01	595	61	REF	REF061	1.45
7	0.01	596	60	REF	REF060	1.01
7	0.01	597	59	REF	REF059	1.01
7	0.01	598	58	REF	REF058	2.25
7	0.01	599	57	REF	REF057	3.98
7	0.01	600	56	REF	REF056	2.17
7	0.01	601	55	REF	REF055	2.17
7	0.01	602	54	REF	REF054	2.17
7	0.01	603	53	REF	REF053	3.24
7	0.01	604	52	REF	REF052	2.02
7	0.01	605	51	REF	REF051	2.02
7	0.01	606	50	REF	REF050	3.02
7	0.01	607	49	REF	REF049	2.04
7	0.01	608	48	REF	REF048	2.04
7	0.01	609	47	REF	REF047	3.65
7	0.01	610	69	ALT	SV02	0.98
7	0.01	611	64	REF	REF064	1.83
7	0.01	612	63	REF	REF063	2.01
7	0.01	613	62	REF	REF062	2.01
7	0.01	614	61	REF	REF061	1.45
7	0.01	615	60	REF	REF060	1.01
7	0.01	616	59	REF	REF059	1.01
7	0.01	617	58	REF	REF058	2.25
7	0.01	618	57	REF	REF057	3.98
7	0.01	619	56	REF	REF056	2.17
7	0.01	620	55	REF	REF055	2.17
7	0.01	621	54	REF	REF054	2.17
7	0.01	622	53	REF	REF053	3.24
7	0.01	623	52	REF	REF052	2.02
7	0.01	624	51	REF	REF051	2.02
7	0.01	625	50	REF	REF050	3.02
7	0.01	626	49	REF	REF049	2.04
7	0.01	627	48	REF	REF048	2.04
7	0.01	628	47	REF	REF047	3.65
7	0.01	629	69	ALT	SV02	0.98
7	0.01	630	64	REF	REF064	1.83
7	0.01	631	63	REF	REF063	2.01
7	0.01	632	62	REF	REF062	2.01
7	0.01	633	61	REF	REF061	1.45
7	0.01	634	60	REF	REF060	1.01
7	0.01	635	59	REF	REF059	1.01
7	0.01	636	58	REF	REF058	2.25
7	0.01	637	57	REF	REF057	3.98
7	0.01	638	56	REF	REF056	2.17
7	0.01	639	55	REF	REF055	2.17
7	0.01	640	54	REF	REF054	2.17
7	0.01	641	53	REF	REF053	3.24
7	0.01	642	52	REF	REF052	2.02
7	0.01	643	51	REF	REF051	2.02
7	0.01	644	50	REF	REF050	3.02
7	0.01	645	49	REF	REF049	2.04
7	0.01	646	48	REF	REF048	2.04
7	0.01	647	47	REF	REF047	3.65
7	0.01	648	69	ALT	SV02	0.98
7	0.01	649	64	REF	REF064	1.83
7	0.01	650	63	REF	REF063	2.01
7	0.01	651	62	REF	REF062	2.01
7	0.01	652	61	REF	REF061	1.45
7	0.01	653	60	REF	REF060	1.01
7	0.01	654	59	REF	REF059	1.01
7	0.01	655	58	REF	REF058	2.25
7	0.01	656	57	REF	REF057	3.98
7	0.01	657	56	REF	REF056	2.17
7	0.01	658	55	REF	REF055	2.17
7	0.01	659	54	REF	REF054	2.17
7	0.01	660	53	REF	REF053	3.24
7	0.01	661	52	REF	REF052	2.02
7	0.01	662	51	REF	REF051	2.02
7	0.01	663	50	REF	REF050	3.02
7	0.01	664	49	REF	REF049	2.04
7	0.01	665	48	REF	REF048	2.04
7	0.01	666	47	REF	REF047	3.65
7	0.01	667	69	ALT	SV02	0.98
7	0.01	668	64	REF	REF064	1.83
7	0.01	669	63	REF	REF063	2.01
7	0.01	670	62	REF	REF062	2.01
7	0.01	671	61	REF	REF061	1.45
7	0.01	672	60	REF	REF060	1.01
7	0.01	673	59	REF	REF059	1.01
7	0.01	674	58	REF	REF058	2.25
7	0.01	675	57	REF	REF057	3.98
7	0.01	676	56	REF	REF056	2.17
7	0.01	677	55	REF	REF055	2.17
7	0.01	678	54	REF	REF054	2.17
7	0.01	679	53	REF	REF053	3.24
7	0.01	680	52	REF	REF052	2.02
7	0.01	681	51	REF	REF051	2.02
7	0.01	682	50	REF	REF050	3.02
7	0.01	683	49	REF	REF049	2.04
7	0.01	684	48	REF	REF048	2.04
7	0.01	685	47	REF	REF047	3.65
7	0.01	686	69	ALT	SV02	0.98
7	0.01	687	64	REF	REF064	1.83
7	0.01	688	63	REF	REF063	2.01
7	0.01	689	62	REF	REF062	2.01
7	0.01	690	61	REF	REF061	1.45
7	0.01	691	60	REF	REF060	1.01
7	0.01	692	59	REF	REF059	1.01
7	0.01	693	58	REF	REF058	2.25
7	0.01	694	57	REF	REF057	3.98
7	0.01	695	56	REF	REF056	2.17
7	0.01	696	55	REF	REF055	2.17
7	0.01	697	54	REF	REF054	2.17
7	0.01	698	53	REF	REF053	3.24
7	0.01	699	52	REF	REF052	2.02
7	0.01	700	51	REF	REF051	2.02
7	0.01	701	50	REF	REF050	3.02
7	0.01	702	49	REF	REF049	2.04
7	0.01	703	48	REF	REF048	2.04
7	0.01	704	47	REF	REF047	3.65
7	0.01	705	69	ALT	SV02	0.98
7	0.01	706	64	REF	REF064	1.83
7	0.01	707	63	REF	REF063	2.01
7	0.01	708	62	REF	REF062	2.01
7	0.01	709	61	REF	REF061	1.45
7	0.01	710	60	REF	REF060	1.01
7	0.01	711	59	REF	REF059	1.01
7	0.01	712	58	REF	REF058	2.25
7	0.01	713	57	REF	REF057	3.98
7	0.01	714	56	REF	REF056	2.17
7	0.01	715	55	REF	REF055	2.17
7	0.01	716	54	REF	REF054	2.17
7	0.01	717	53	REF	REF053	3.24
7	0.01	718	52	REF	REF052	2.02
7	0.01	719	51	REF	REF051	2.02
7	0.01	720	50	REF	REF050	3.02
7	0.01	721	49	REF	REF049	2.04
7	0.01	722	48	REF	REF048	2.04
7	0.01	723	47	REF	REF047	3.65
7	0.01	724	69	ALT	SV02	0.98
7	0.01	725	64	REF	REF064	1.83
7	0.01	726	63	REF	REF063	2.01
7	0.01	727	62	REF	REF062	2.01
7	0.01	728	61	REF	REF061	1.45
7	0.01	729	60	REF	REF060	1.01
7	0.01	730	59	REF	REF059	1.01
7	0.01	731	58	REF	REF058	2.25
7	0.01	732	57	REF	REF057	3.98
7	0.01	733	56	REF	REF056	2.17
7	0.01	734	55	REF	REF055	2.17
7	0.01	735	54	REF	REF054	2.17
7	0.01	736	53	REF	REF053	3.24
7	0.01	737	52	REF	REF052	2.02
7	0.01	738	51	REF	REF051	2.02
7	0.01	739	50	REF	REF050	3.02
7	0.01	740	49	REF	REF049	2.04
7	0.01	741	48	REF	REF048	2.04
7	0.01	742	47	REF	REF047	3.65
7	0.01	743	69	ALT	SV02	0.98
7	0.01	744	64	REF	REF064	1.83
7	0.01	745	63	REF	REF063	2.01
7	0.01	746	62	REF	REF062	2.01
7	0.01	747	61	REF	REF061	1.45
7	0.01	748	60	REF	REF060	1.01
7	0.01	749	59	REF	REF059	1.01
7	0.01	750	58	REF	REF058	2.25
7	0.01	751	57	REF	REF057	3.98
7	0.01	752	56	REF	REF056	2.17
7	0.01	753	55	REF	REF055	2.17
7	0.01	754	54	REF	REF054	2.17
7	0.01	755	53	REF	REF053	3.24
7	0.01	756	52	REF	REF052	2.02
7	0.01	757	51	REF	REF051	2.02
7	0.01	758	50	REF	REF050	3.02
7	0.01	759	49	REF	REF049	2.04
7	0.01	760	48	REF	REF048	2.04
7	0.01	761	47	REF	REF047	3.65
7	0.01	762	69	ALT	SV02	0.98
7	0.01	763	64	REF	REF064	1.83
7	0.01	764	63	REF	REF063	2.01
7	0.01	765	62	REF	REF062	2.01
7	0.01	766	61	REF	REF061	1.45
7	0.01	767	60	REF	REF060	1.01
7	0.01	768	59	REF	REF059	1.01
7	0.01	769	58	REF	REF058	2.25
7	0.01	770	57	REF	REF057	3.98
7	0.01	771	56	REF	REF056	2.17
7	0.01	772	55	REF	REF055	2.17
7	0.01	773	54	REF	REF054	2.17
7	0.01	774	53	REF	REF053	3.24
7	0.01	775	52	REF	REF052	2.02
7	0.01	776	51	REF	REF051	2.02
7	0.01	777	50	REF	REF050	3.02
7	0.01	778	49	REF	REF049	2.04
7	0.01	779	48	REF	REF048	2.04
7	0.01	780	47	REF	REF047	3.65
7	0.01	781	69	ALT	SV02	0.98
7	0.01	782	64	REF	REF064	1.83
7	0.01	783	63	REF	REF063	2.01
7	0.01	784	62	REF	REF062	2.01
7	0.01	785	61	REF	REF061	1.45
7	0.01	786	60	REF	REF060	1.01
7	0.01	787	59	REF	REF059	1.01
7	0.01	788	58	REF	REF058	2.25
7	0.01	789	57	REF	REF057	3.98
7	0.01	790	56	REF	REF056	2.17
7	0.01	791	55	REF	REF055	2.17
7	0.01	792	54	REF	REF054	2.17
7	0.01	793	53	REF	REF053	3.24
7	0.01	794	52	REF	REF052	2.02
7	0.01	795	51	REF	REF051	2.02
7	0.01	796	50	REF	REF050	3.02
7	0.01	797	49	REF	REF049	2.04
7	0.01	798	48	REF	REF048	2.04
7	0.01	799	47	REF	REF047	3.65
7	0.01	800	69	ALT	SV02	0.98
7	0.01	801	64	REF	REF064	1.83
7	0.01	802	63	REF	REF063	2.01
7	0.01	803	62	REF	REF062	2.01
7	0.01	804	61	REF	REF061	1.45
7	0.01	805	60	REF	REF060	1.01
7	0.01	806	59	REF	REF059	1.01
7	0.01	807	58	REF	REF058	2.25
7	0.01	808	57	REF	REF057	3.98
7	0.01	809	56	REF	REF056	2.17
7	0.01	810	55	REF	REF055	2.17
7	0.01	811	54	REF	REF054	2.17
7	0.01	812	53	REF	REF053	3.24
7	0.01	813	52	REF	REF052	2.02
7	0.01	814	51	REF	REF051	2.02
7	0.01	815	50	REF	REF050	3.02
7	0.01	816	49	REF	REF049	2.04
7	0.01	817	48	REF	REF048	2.04
7	0.01	818	47	REF	REF047	3.65
7	0.01	819	69	ALT	SV02	0.98
7	0.01	820	64	REF	REF064	1.83
7	0.01	821	63	REF	REF063	2.01
7	0.01	822	62	REF	REF062	2.01
7	0.01	823	61	REF	REF061	1.45
7	0.01	824	60	REF	REF060	1.01
7	0.01	825	59	REF	REF059	1.01
7	0.01	826	58	REF	REF058	2.25
7	0.01	827	57	REF	REF057	3.98
7	0.01	828	56	REF	REF056	2.17
7	0.01	829	55	REF	REF055	2.17
7	0.01	830	54	REF	REF054	2.17
7	0.01	831	53	REF	REF053	3.24
7	0.01	832	52	REF	REF052	2.02
7	0.01	833	51	REF	REF051	2.02
7	0.01	834	50	REF	REF050	3.02
7	0.01	835	49	REF	REF049	2.04
7	0.01	836	48	REF	REF048	2.04
7	0.01	837	47	REF	REF047	3.65
7	0.01	838	69	ALT	SV02	0.98
7	0.01	839	64	REF	REF064	1.83
7	0.01	840	63	REF	REF063	2.01
7	0.01	841	62	REF	REF062	2.01
7	0.01	842	61	REF	REF061	1.45
7	0.01	843	60	REF	REF060	1.01
7	0.01	844	59	REF	REF059	1.01
7	0.01	845	58	REF	REF058	2.25
7	0.01	846	57	REF	REF057	3.98
7	0.01	847	56	REF	REF056	2.17
7	0.01	848	55	REF	REF055	2.17
7	0.01	849	54	REF	REF054	2.17
7	0.01	850	53	REF	REF053	3.24
7	0.01	851	52	REF	REF052	2.02
7	0.01	852	51	REF	REF051	2.02
7	0.01	853	50	REF	REF050	3.02
7	0.01	854	49	REF	REF049	2.04
7	0.01	855	48	REF	REF048	2.04
7	0.01	856	47	REF	REF047	3.65
7	0.01	857	69	ALT	SV02	0.98
7	0.01	858	64	REF	REF064	1.83
7	0.01	859	63	REF	REF063	2.01
7	0.01	860	62	REF	REF062	2.01
7	0.01	861	61	REF	REF061	1.45
7	0.01	862	60	REF	REF060	1.01
7	0.01	863	59	REF	REF059	1.01
7	0.01	864	58	REF	REF058	2.25
7	0.01	865	57	REF	REF057	3.98
7	0.01	866	56	REF	REF056	2.17
7	0.01	867	55	REF	REF055	2.17
7	0.01	868	54	REF	REF054	2.17
7	0.01	869	53	REF	REF053	3.24
7	0.01	870	52	REF	REF052	2.02
7	0.01	871	51	REF	REF051	2.02
7	0.01	872	50	REF	REF050	3.02
7	0.01	873	49	REF	REF049	2.04
7	0.01	874	48	REF	REF048	2.04
7	0.01	875	47	REF	REF047	3.65
7	0.01	876	69	ALT	SV02	0.98
7	0.01	877	64	REF	REF064	1.83
7	0.01	878	63	REF	REF063	2.01
7	0.01	879	62	REF	REF062	2.01
7	0.01	880	61	REF	REF061	1.45
7	0.01	881	60	REF	REF060	1.01
7	0.01	882	59	REF	REF059	1.01
7	0.01	883	58	REF	REF058	2.25
7	0.01	884	57	REF	REF057	3.98
7	0.01	885	56	REF	REF056	2.17
7	0.01	886	55	REF	REF055	2.17
7	0.01	887	54	REF	REF054	2.17
7	0.01	888	53	REF	REF053	3.24
7	0.01	889	52	REF	REF052	2.02
7	0.01	890	51	REF	REF051	2.02
7	0.01	891	50	REF	REF050	3.02
7	0.01	892	49	REF	REF049	2.04
7	0.01	893	48	REF	REF048	2.04
7	0.01	894	47	REF	REF047	3.65
7	0.01	895	69	ALT	SV02	0.98
7	0.01	896	64	REF	REF064	1.83
7	0.01	897	63	REF	REF063	2.01
7	0.01	898	62	REF	REF062	2.01
7	0.01	899	61	REF	REF061	1.45
7	0.01	900	60	REF	REF060	1.01
7	0.01	901	59	REF	REF059	1.01
7	0.01	902	58	REF	REF058	2.25
7	0.01	903	57	REF	REF057	3.98
7	0.01	904	56	REF	REF056	2.17
7	0.01	905	55	REF	REF055	2.17
7	0.01	906	54	REF	REF054	2.17
7	0.01	907	53	REF	REF053	3.24
7	0.01	908	52	REF	REF052	2.02
7	0.01	909	51	REF	REF051	2.02
7	0.01	910	50	REF	REF050	3.02
7	0.01	911	49	REF	REF049	2.04
7	0.01	912	48	REF	REF048	2.04
7	0.01	913	47	REF	REF047	3.65
7	0.01	914	69	ALT	SV02	0.98
7	0.01	915	64	REF	REF064	1.83
7	0.01	916	63	REF	REF063	2.01
7	0.01	917	62	REF	REF062	2.01
7	0.01	918	61	REF	REF061	1.45
7	0.01	919	60	REF	REF060	1.01
7	0.01	920	59	REF	REF059	1.01
7	0.01	921	58	REF	REF058	2.25
7	0.01	922	57	REF	REF057	3.98
7	0.01	923	56	REF	REF056	2.17
7	0.01	924	55	REF	REF055	2.17
7	0.01	925	54	REF	REF054	2.17
7	0.01	926	53	REF	REF053	3.24
7	0.01	927	52	REF	REF052	2.02
7	0.01	928	51	REF	REF051	2.02
7	0.01	929	50	REF	REF050	3.02
7	0.01	930	49	REF	REF049	2.04
7	0.01	931	48	REF	REF048	2.04
7	0.01	932	47	REF	REF047	3.65
7	0.01	933	69	ALT	SV02	0.98
7	0.01	934	64	REF	REF064	1.83
7	0.01	935	63	REF	REF063	2.01
7	0.01	936	62	REF	REF062	2.01
7	0.01	937	61	REF	REF061	1.45
7	0.01	938	60	REF	REF060	1.01
7	0.01	939	59	REF	REF059	1.01
7	0.01	940	58	REF	REF058	2.25
7	0.01	941	57	REF	REF057	3.98
7	0.01	942	56	REF	REF056	2.17
7	0.01	943	55	REF	REF055	2.17
7	0.01	944	54	REF	REF054	2.17
7	0.01	945	53	REF	REF053	3.24
7	0.01	946	52	REF	REF052	2.02
7	0.01	947	51	REF	REF051	2.02
7	0.01	948	50	REF	REF050	3.02
7	0.01	949	49	REF	REF049	2.04
7	0.01	950	48	REF	REF048	2.04
7	0.01	951	47	REF	REF047	3.65
7	0.01	952	69	ALT	SV02	0.98
7	0.01	953	64	REF	REF064	1.83
7	0.01	954	63	REF	REF063	2.01
7	0.01	955	62	REF	REF062	2.01
7	0.01	956	61	REF	REF061	1.45
7	0.01	957	60	REF	REF060	1.01
7	0.01	958	59	REF	REF059	1.01
7	0.01	959	58	REF	REF058	2.25
7	0.01	960	57	REF	REF057	3.98
7	0.01	961	56	REF	REF056	2.17
7	0.01	962	55	REF	REF055	2.17
7	0.01	963	54	REF	REF054	2.17
7	0.01	964	53	REF	REF053	3.24
7	0.01	965	52	REF	REF052	2.02
7	0.01	966	51	REF	REF051	2.02
7	0.01	967	50	REF	REF050	3.02
7	0.01	968	49	REF	REF049	2.04
7	0.01	969	48	REF	REF048	2.04
7	0.01	970	47	REF	REF047	3.65
7	0.01	971	69	ALT	SV02	0.98
7	0.01	972	64	REF	REF064	1.83
7	0.01	973	63	REF	REF063	2.01
7	0.01	974	62	REF	REF062	2.01
7	0.01	975	61	REF	REF061	1.45
7	0.01	976	60	REF	REF060	1.01
7	0.01	977	59	REF	REF059	1.01
7	0.01	978	58	REF	REF058	2.25
7	0.01	979	57	REF	REF057	3.98
7	0.01	980	56	REF	REF056	2.17
7	0.01	981	55	REF	REF055	2.17
7	0.01	982	54	REF	REF054	2.17
7	0.01	983	53	REF	REF053	3.24
7	0.01	984	52	REF	REF052	2.02
7	0.01	985	51	REF	REF051	2.02
7	0.01	986	50	REF	REF050	3.02
7	0.01	987	49	REF	REF049	2.04
7	0.01	988	48	REF	REF048	2.04
7	0.01	989	47	REF	REF047	3.65
7	0.01	990	69	ALT	SV02	0.98
7	0.01	991	64	REF	REF064	1.83
7	0.01	992	63	REF	REF063	2.01
7	0.01	993	62	REF	REF062	2.01
7	0.01	994	61	REF	REF061	1.45
7	0.01	995	60	REF	REF060	1.01
7	0.01	996	59	REF	REF059	1.01
7	0.01	997	58	REF	REF058	2.25
7	0.01	998	57	REF	REF057	3.98
7	0.01	999	56	REF	REF056	2.17
7	0.01	1000	55	REF	REF055	2.17
7	0.01	1001	54	REF	REF054	2.17
7	0.01	1002	53	REF	REF053	3.24
7	0.01	1003	52	REF	REF052	2.02
7	0.01	1004	51	REF	REF051	2.02
7	0.01	1005	50	REF	REF050	3.02
7	0.01	1006	49	REF	REF049	2.04
7	0.01	1007	48	REF	REF048	2.04
7	0.01	1008	47	REF	REF047	3.65
7	0.01	1009	69	ALT	SV02	0.98
7	0.01	1010	64	REF	REF064	1.83
7	0.01	1011	63	REF	REF063	2.01
7	0.01	1012	62	REF	REF062	2.01
7	0.01	1013	61	REF	REF061	1.45
7	0.01	1014	60	REF	REF060	1.01
7	0.01	1015	59	REF	REF059	1.01
7	0.01	1016	58	REF	REF058	2.25
7	0.01	1017	57	REF	REF057	3.98
7	0.01	1018	56	REF	REF056	2.17
7	0.01	1019	55	REF	REF055	2.17
7	0.01	1020	54	REF	REF054	2.17
7	0.01	1021	53	REF	REF053	3.24
7	0.01	1022	52	REF	REF052	2.02
7	0.01	1023	51	REF	REF051	2.02
7	0.01	1024	50	REF	REF050	3.02
7	0.01	1025	49	REF	REF049	2.04
7	0.01	1026	48	REF	REF048	2.04
7	0.01	1027	47	REF	REF047	3.65
7	0.01	1028	69	ALT	SV02	0.98
7	0.01	1029	64	REF	REF064	1.83
7	0.01	1030	63	REF	REF063	2.01
7	0.01	1031	62	REF	REF062	2.01
7	0.01	1032	61	REF	REF061	1.45
7	0.01	1033	60	REF	REF060	1.01
7	0.01	1034	59	REF	REF059	1.01
7	0.01	1035	58	REF	REF058	2.25
7	0.01	1036	57	REF	REF057	3.98
7	0.01	1037	56	REF	REF056	2.17
7	0.01	1038	55	REF	REF055	2.17
7	0.01	1039	54	REF	REF054	2.17
7	0.01	1040	53	REF	REF053	3.24
7	0.01	1041	52	REF	REF052	2.02
7	0.01	1042	51	REF	REF051	2.02
7	0.01	1043	50	REF	REF050	3.02
7	0.01	1044	49	REF	REF049	2.04
7	0.01	1045	48	REF	REF048	2.04
7	0.01	1046	47	REF	REF047	3.65
7	0.01	1047	69	ALT	SV02	0.98
7	0.01	1048	64	REF	REF064	1.83
7	0.01	1049	63	REF	REF063	2.01
7	0.01	1050	62	REF	REF062	2.01
7	0.01	1051	61	REF	REF061	1.45
7	0.01	1052	60	REF	REF060	1.01
7	0.01	1053	59	REF	REF059	1.01
7	0.01	1054	58	REF	REF058	2.25
7	0.01	1055	57	REF	REF057	3.98
7	0.01	1056	56	REF	REF056	2.17
7	0.01	1057	55	REF	REF055	2.17
7	0.01	1058	54	REF	REF054	2.17
7	0.01	1059	53	REF	REF053	3.24
7	0.01	1060	52	REF	REF052	2.02
7	0.01	1061	51	REF	REF051	2.02
7	0.01	1062	50	REF	REF050	3.02
7	0.01	1063	49	REF	REF049	2.04
7	0.01	1064	48	REF	REF048	2.04
7	0.01	1065	47	REF	REF047	3.65
7	0.01	1066	69	ALT	SV02	0.98
7	0.01	1067	64	REF	REF064	1.83
7	0.01	1068	63	REF	REF063	2.01
7	0.01	1069	62	REF	REF062	2.01
7	0.01	1070	61	REF	REF061	1.45
7	0.01	1071	60	REF	REF060	1.01
7	0.01	1072	59	REF	REF059	1.01
7	0.01	1073	58	REF	REF058	2.25
7	0.01	1074	57	REF	REF057	3.98
7	0.01	1075	56	REF	REF056	2.17
7	0.01	1076	55	REF	REF055	2.17
7	0.01	1077	54	REF	REF054	2.17
7	0.01	1078	53	REF	REF053	3.24
7	0.01	1079	52	REF	REF052	2.02
7	0.01	1080	51	REF	REF051	2.02
7	0.01	1081	50	REF	REF050	3.02
7	0.01	1082	49	REF	REF049	2.04
7	0.01	1083	48	REF	REF048	2.04
7	0.01	1084	47	REF	REF047	3.65
7	0.01	1085	69	ALT	SV02	0.98
7	0.01	1086	64	REF	REF064	1.83
7	0.01	1087	63	REF	REF063	2.01
7	0.01	1088	62	REF	REF062	2.01
7	0.01	1089	61	REF	REF061	1.45
7	0.01	1090	60	REF	REF060	1.01
7	0.01	1091	59	REF	REF059	1.01
7	0.01	1092	58	REF	REF058	2.25
7	0.01	1093	57	REF	REF057	3.98
7	0.01	1094	56	REF	REF056	2.17
7	0.01	1095	55	REF	REF055	2.17
7	0.01	1096	54	REF	REF054	2.17
7	0.01	1097	53	REF	REF053	3.24
7	0.01	1098	52	REF	REF052	2.02
7	0.01	1099	51	REF	REF051	2.02
7	0.01	1100	50	REF	REF050	3.02
7	0.01	1101	49	REF	REF049	2.04
7	0.01	1102	48	REF	REF048	2.04
7	0.01	1103	47	REF	REF047	3.65
7	0.01	1104	69	ALT	SV02	0.98
7	0.01	1105	64	REF	REF064	1.83
7	0.01	1106	63	REF	REF063	2.01
7	0.01	1107	62	REF	REF062	2.01
7	0.01	1108	61	REF	REF061	1.45
7	0.01	1109	60	REF	REF060	1.01
7	0.01	1110	59	REF	REF059	1.01
7	0.01	1111	58	REF	REF058	2.25
7	0.01	1112	57	REF	REF057	3.98
7	0.01	1113	56	REF	REF056	2.17
7	0.01	1114	55	REF	REF055	2.17
7	0.01	1115	54	REF	REF054	2.17
7	0.01	1116	53	REF	REF053	3.24
7	0.01	1117	52	REF	REF052	2.02
7	0.01	1118	51	REF	REF051	2.02
7	0.01	1119	50	REF	REF050	3.02
7	0.01	1120	49	REF	REF049	2.04
7	0.01	1121	48	REF	REF048	2.04
7	0.01	1122	47	REF	REF047	3.65
7	0.01	1123	69	ALT	SV02	0.98
7	0.01	1124	64	REF	REF064	1.83
7	0.01	1125	63	REF	REF063	2.01
7	0.01	1126	62	REF	REF062	2.01
7	0.01	1127	61	REF	REF061	1.45
7	0.01	1128	60	REF	REF060	1.01
7	0.01	1129	59	REF	REF059	1.01
7	0.01	1130	58	REF	REF058	2.25
7	0.01	1131	57	REF	REF057	3.98
7	0.01	1132	56	REF	REF056	2.17
7	0.01	1133	55	REF	REF055	2.17
7	0.01	1134	54	REF	REF054	2.17
7	0.01	1135	53	REF	REF053	3.24
7	0.01	1136	52	REF	REF052	2.02
7	0.01	1137	51	REF	REF051	2.02
7	0.01	1138	50	REF	REF050	3.02
7	0.01	1139	49	REF	REF049	2.04
7	0.01	1140	48	REF	REF048	2.04
7	0.01	1141	47	REF	REF047	3.65
7	0.01	1142	69	ALT	SV02	0.98
7	0.01	1143	64	REF	REF064	1.83
7	0.01	1144	63	REF	REF063	2.01
7	0.01	1145	62	REF	REF062	2.01
7	0.01	1146	61	REF	REF061	1.45
7	0.01	1147	60	REF	REF060	1.01
7	0.01	1148	59	REF	REF059	1.01
7	0.01	1149	58	REF	REF058	2.25
7	0.01	1150	57	REF	REF057	3.98
7	0.01	1151	56	REF	REF056	2.17
7	0.01	1152	55	REF	REF055	2.17
7	0.01	1153	54	REF	REF054	2.17
7	0.01	1154	53	REF	REF053	3.24
7	0.01	1155	52	REF	REF052	2.02
7	0.01	1156	51	REF	REF051	2.02
7	0.01	1157	50	REF	REF050	3.02
7	0.01	1158	49	REF	REF049	2.04
7	0.01	1159	48	REF	REF048	2.04
7	0.01	1160	47	REF	REF047	3.65
7	0.01	1161	69	ALT	SV02	0.98
7	0.01	1162	64	REF	REF064	1.83
7	0.01	1163	63	REF	REF063	2.01
7	0.01	1164	62	REF	REF062	2.01
7	0.01	1165	61	REF	REF061	1.45
7	0.01	1166	60	REF	REF060	1.01
7	0.01	1167	59	REF	REF059	1.01
7	0.01	1168	58	REF	REF058	2.25
7	0.01	1169	57	REF	REF057	3.98
7	0.01	1170	56	REF	REF056	2.17
7	0.01	1171	55	REF	REF055	2.17
7	0.01	1172	54	REF	REF054	2.17
7	0.01	1173	53	REF	REF053	3.24
7	0.01	1174	52	REF	REF052	2.02
7	0.01	1175	51	REF	REF051	2.02
7	0.01	1176	50	REF	REF050	3.02
7	0.01	1177	49	REF	REF049	2.04
7	0.01	1178	48	REF	REF048	2.04
7	0.01	1179	47	REF	REF047	3.65
7	0.01	1180	69	ALT	SV02	0.98
7	0.01	1181	64	REF	REF064	1.83
7	0.01	1182	63	REF	REF063	2.01
7	0.01	1183	62	REF	REF062	2.01
7	0.01	1184	61	REF	REF061	1.45
7	0.01	1185	60	REF	REF060	1.01
7	0.01	1186	59	REF	REF059	1.01
7	0.01	1187	58	REF	REF058	2.25
7	0.01	1188	57	REF	REF057	3.98
7	0.01	1189	56	REF	REF056	2.17
7	0.01	1190	55	REF	REF055	2.17
7	0.01	1191	54	REF	REF054	2.17
7	0.01	1192	53	REF	REF053	3.24
7	0.01	1193	52	REF	REF052	2.02
7	0.01	1194	51	REF	REF051	2.02
7	0.01	1195	50	REF	REF050	3.02
7	0.01	1196	49	REF	REF049	2.04
7	0.01	1197	48	REF	REF048	2.04
7	0.01	1198	47	REF	REF047	3.65
7	0.01	1199	69	ALT	SV02	0.98
7	0.01	1200	64	REF	REF064	1.83
7	0.01	1201	63	REF	REF063	2.01
7	0.01	1202	62	REF	REF062	2.01
7	0.01	1203	61	REF	REF061	1.45
7	0.01	1204	60	REF	REF060	1.01
7	0.01	1205	59	REF	REF059	1.01
7	0.01	1206	58	REF	REF058	2.25
7	0.01	1207	57	REF	REF057	3.98
7	0.01	1208	56	REF	REF056	2.17
7	0.01	1209	55	REF	REF055	2.17
7	0.01	1210	54	REF	REF054	2.17
7	0.01	1211	53	REF	REF053	3.24
7	0.01	1212	52	REF	REF052	2.02
7	0.01	1213	51	REF	REF051	2.02
7	0.01	1214	50	REF	REF050	3.02
7	0.01	1215	49	REF	REF049	2.04
7	0.01	1216	48	REF	REF048	2.04
7	0.01	1217	47	REF	REF047	3.65
7	0.01	1218	69	ALT	SV02	0.98
7	0.01	1219	64	REF	REF064	1.83
7	0.01	1220	63	REF	REF063	2.01
7	0.01	1221	62	REF	REF062	2.01
7	0.01	1222	61	REF	REF061	1.45
7	0.01	1223	60	REF	REF060	1.01
7	0.01	1224	59	REF	REF059	1.01
7	0.01	1225	58	REF	REF058	2.25
7	0.01	1226	57	REF	REF057	3.98
7	0.01	1227	56	REF	REF056	2.17
7	0.01	1228	55	REF	REF055	2.17
7	0.01	1229	54	REF	REF054	2.17
7	0.01	1230	53	REF	REF053	3.24
7	0.01	1231	52	REF	REF052	2.02
7	0.01	1232	51	REF	REF051	2.02
7	0.01	1233	50	REF	REF050	3.02
7	0.01	1234	49	REF	REF049	2.04
7	0.01	1235	48	REF	REF048	2.04
7	0.01	1236	47	REF	REF047	3.65
7	0.01	1237	69	ALT	SV02	0.98
7	0.01	1238	64	REF	REF064	1.83
7	0.01	1239	63	REF	REF063	2.01
7	0.01	1240	62	REF	REF062	2.01
7	0.01	1241	61	REF	REF061	1.45
7	0.01	1242	60	REF	REF060	1.01
7	0.01	1243	59	REF	REF059	1.01
7	0.01	1244	58	REF	REF058	2.25
7	0.01	1245	57	REF	REF057	3.98
7	0.01	1246	56	REF	REF056	2.17
7	0.01	1247	55	REF	REF055	2.17
7	0.01	1248	54	REF	REF054	2.17
7	0.01	1249	53	REF	REF053	3.24
7	0.01	1250	52	REF	REF052	2.02
7	0.01	1251	51	REF	REF051	2.02
7	0.01	1252	50	REF	REF050	3.02
7	0.01	1253	49	REF	REF049	2.04
7	0.01	1254	48	REF	REF048	2.04
7	0.01	1255	47	REF	REF047	3.65
7	0.01	1256	46	REF	REF046	1.34
7	0.01	1257	45	REF	REF045	1.34
7	0.01	1258	44	REF	REF044	1.34
7	0.01	1259	43	REF	REF043	1.34
7	0.01	1260	42	REF	REF042	1.04
7	0.01	1261	41	REF	REF041	1.13
7	0.01	1262	40	REF	REF040	1.11
7	0.01	1263	39	REF	REF039	1.11
7	0.01	1264	38	REF	REF038	1.32
7	0.01	1265	37	REF	REF037	1.32
7	0.01	1266	36	REF	REF036	1.11
7	0.01	1267	35	REF	REF035	1.11
7	0.01	1268	34	REF	REF034	17.91
7	0.01	1269	33	REF	REF033	10.41
7	0.01	1270	32	REF	REF032	6.16
7	0.01	1271	31	REF	REF031	0.01
7	0.01	1272	30	REF	REF030	0.01
7	0.01	1273	29	REF	REF029	1.17
7	0.01	1274	73	ALT	SV06	1.51
7	0.01	1275	73	ALT	SV06	1.51
7	0.01	1276	73	ALT	SV06	1.51
7	0.01	1277	73	ALT	SV06	1.51
7	0.01	1278	73	ALT	SV06	1.51
7	0.01	1279	73	ALT	SV06	1.51
7	0.01	1280	73	ALT	SV06	1.51
7	0.01	1281	73	ALT	SV06	1.51
7	0.01	1282	73	ALT	SV06	1.51
7	0.01	1283	73	ALT	SV06	1.51
7	0.01	1284	73	ALT	SV06	1.51
7	0.01	1285	73	ALT	SV06	1.51
7	0.01	1286	73	ALT	SV06	1.51
7	0.01	1287	73	ALT	SV06	1.51
7	0.01	1288	73	ALT	SV06	1.51
7	0.01	1289	73	ALT	SV06	1.51
7	0.01	1290	73	ALT	SV06	1.51
7	0.01	1291	73	ALT	SV06	1.51
7	0.01	1292	73	ALT	SV06	1.51
7	0.01	1293	73	ALT	SV06	1.51
7	0.01	1294	73	ALT	SV06	1.51
7	0.01	1295	73	ALT	SV06	1.51
7	0.01	1296	73	ALT	SV06	1.51
7	0.01	1297	73	ALT	SV06	1.51
7	0.01	1298	73	ALT	SV06	1.51
7	0.01	1299	73	ALT	SV06	1.51
7	0.01	1300	73	ALT	SV06	1.51
7	0.01	1301	73	ALT	SV06	1.51
7	0.01	1302	73	ALT	SV06	1.51
7	0.01	1303	73	ALT	SV06	1.51
7	0.01	1304	73	ALT	SV06	1.51
7	0.01	1305	73	ALT	SV06	1.51
7	0.01	1306	73	ALT	SV06	1.51
7	0.01	1307	73	ALT	SV06	1.51
7	0.01	1308	73	ALT	SV06	1.51
7	0.01	1309	73	ALT	SV06	1.51
7	0.01	1310	73	ALT	SV06	1.51
7	0.01	1311	73	ALT	SV06	1.51
7	0.01	1312	73	ALT	SV06	1.51
7	0.01	1313	73	ALT	SV06	1.51
7	0.01	1314	73	ALT	SV06	1.51
7	0.01	1315	73	ALT	SV06	1.51
7	0.01	1316	73	ALT	SV06	1.51
7	0.01	1317	73	ALT	SV06	1.51
7	0.01	1318	73	ALT	SV06	1.51
7	0.01	1319	73	ALT	SV06	1.51
7	0.01	1320	73	ALT	SV06	1.51
7	0.01	1321	73	ALT	SV06	1.51
7	0.01	1322	73	ALT	SV06	1.51
7	0.01	1323	73	ALT	SV06	1.51
7	0.01	1324	73	ALT	SV06	1.51
7	0.01	1325	73	ALT	SV06	1.51
7	0.01	1326	73	ALT	SV06	1.51
7	0.01	1327	73	ALT	SV06	1.51
7	0.01	1328	73	ALT	SV06	1.51
7	0.01	1329	73	ALT	SV06	1.51
7	0.01	1330	73	ALT	SV06	1.51
7	0.01	1331	73	ALT	SV06	1.51
7	0.01	1332	73	ALT	SV06	1.51
7	0.01	1333	73	ALT	SV06	1.51
7	0.01	1334	73	ALT	SV06	1.51
7	0.01	1335	73	ALT	SV06	1.51
7	0.01	1336	73	ALT	SV06	1.51
7	0.01	1337	73	ALT	SV06	1.51
7	0.01	1338	73	ALT	SV06	1.51
7	0.01	1339	73	ALT	SV06	1.51
7	0.01	1340	73	ALT	SV06	1.51
7	0.01	1341	73	ALT	SV06	1.51
7	0.01	1342	73	ALT	SV06	1.51
7	0.01	1343	73	ALT	SV06	1.51
7	0.01	1344	73	ALT	SV06	1.51
7	0.01	1345	73	ALT	SV06	1.51
7	0.01	1346	73	ALT	SV06	1.51
7	0.01	1347	73	ALT	SV06	1.51
7	0.01	1348	73	ALT	SV06	1.51
7	0.01	1349	73	ALT	SV06	1.51
7	0.01	1350	73	ALT	SV06	1.51
7	0.01	1351	73	ALT	SV06	1.51
7	0.01	1352	73	ALT	SV06	1.51
7	0.01	1353	73	ALT	SV06	1.51
7	0.01	1354	73	ALT	SV06	1.51
7	0.01	1355	73	ALT	SV06	1.51
7	0.01	1356	73	ALT	SV06	1.51
7	0.01	1357	73	ALT	SV06	1.51
7	0.01	1358	73	ALT	SV06	1.51
7	0.01	1359	73	ALT	SV06	1.51
7	0.01	1360	73	ALT	SV06	1.51
7	0.01	1361	73	ALT	SV06	1.51
7	0.01	1362	73	ALT	SV06	1.51
7	0.01	1363	73	ALT	SV06	1.51
7	0.01	1364	73	ALT	SV06	1.51
7	0.01	1365	73	ALT	SV06	1.51
7	0.01	1366	73	ALT	SV06	1.51
7	0.01	1367	73	ALT	SV06	1.51
7	0.01	1368	73	ALT	SV06	1.51
7	0.01	1369	73	ALT	SV06	1.51
7	0.01	1370	73	ALT	SV06	1.51
7	0.01	1371	73	ALT	SV06	1.51
7	0.01	1372	73	ALT	SV06	1.51
7	0.01	1373	73	ALT	SV06	1.51
7	0.01	1374	73	ALT	SV06	1.51
7	0.01	1375	73	ALT	SV06	1.51
7	0.01	1376	73	ALT	SV06	1.51
7	0.01	1377	73	ALT	SV06	1.51
7	0.01	1378	73	ALT	SV06	1.51
7	0.01	1379	73	ALT	SV06	1.51
7	0.01	1380	73	ALT	SV06	1.51
7	0.01	1381	73	ALT	SV06	1.51
7	0.01	1382	73	ALT	SV06	1.51
7	0.01	1383	73	ALT	SV06	1.51
7	0.01	1384	73	ALT	SV06	1.51
7	0.01	1385	73	ALT	SV06	1.51
7	0.01	1386	73	ALT	SV06	1.51
7	0.01	1387	73	ALT	SV06	1.51
7	0.01	1388	73	ALT	SV06	1.51
7	0.01	1389	73	ALT	SV06	1.51
7	0.01	1390	73	ALT	SV06	1.51
7	0.01	1391	73	ALT	SV06	1.51
7	0.01	1392	73	ALT	SV06	1.51
7	0.01	1393	73	ALT	SV06	1.51
7	0.01	1394	73	ALT	SV06	1.51
7	0.01	1395	73	ALT	SV06	1.51
7	0.01	1396	73	ALT	SV06	1.51
7	0.01	1397	73	ALT	SV06	1.51
7	0.01	1398	73	ALT	SV06	1.51
7	0.01	1399	73	ALT	SV06	1.51
7	0.01	1400	73	ALT	SV06	1.51
7	0.01	1401	73	ALT	SV06	1.51
7	0.01	1402	73	ALT	SV06	1.51
7	0.01	1403	73	ALT	SV06	1.51
7	0.01	1404	73	ALT	SV06	1.51
7	0.01	1405	73	ALT	SV06	1.51
7	0.01	1406	73	ALT	SV06	1.51
7	0.01	1407	73	ALT	SV06	1.51
7	0.01	1408	73	ALT	SV06	1.51
7	0.01	1409	73	ALT	SV06	1.51
7	0.01	1410	73	ALT	SV06	1.51
7	0.01	1411	73	ALT	SV06	1.51
7	0.01	1412	73	ALT	SV06	1.51
7	0.01	1413	73	ALT	SV06	1.51
7	0.01	1414	73	ALT	SV06	1.51
7	0.01	1415	73	ALT	SV06	1.51
7	0.01	1416	73	ALT	SV06	1.51
7	0.01	1417	73	ALT	SV06	1.51
7	0.01	1418	73	ALT	SV06	1.51
7	0.01	1419	73	ALT	SV06	1.51
7	0.01	1420	73	ALT	SV06	1.51
7	0.01	1421	73	ALT	SV06	1.51
7	0.01	1422	73	ALT	SV06	1.51
7	0.01	1423	73	ALT	SV06	1.51
7	0.01	1424	73	ALT	SV06	1.51
7	0.01	1425	28	REF	REF028	1.17
7	0.01	1426	27	REF	REF027	1.34
7	0.01	1427	26	REF	REF026	0.1
7	0.01	1428	25	REF	REF025	0.1
7	0.01	1429	24	REF	REF024	0.79
7	0.01	1430	23	REF	REF023	1.9
7	0.01	1431	22	REF	REF022	4.26
7	0.01	1432	21	REF	REF021	4.26
7	0.01	1433	20	REF	REF020	1.31
7	0.01	1434	19	REF	REF019	1.08
7	0.01	1435	18	REF	REF018	1.08
7	0.01	1436	17	REF	REF017	1.11
7	0.01	1437	16	REF	REF016	0.92
7	0.01	1438	15	REF	REF015	0.92
7	0.01	1439	14	REF	REF014	1.98
7	0.01	1440	13	REF	REF013	1.98
7	0.01	1441	12	REF	REF012	2.26
7	0.01	1442	11	REF	REF011	2.26
7	0.01	1443	10	REF	REF010	1.7
8	0.01	1	61	REF	REF061	1.45
8	0.01	2	62	REF	REF062	2.01
8	0.01	3	63	REF	REF063	2.01
8	0.01	4	75	ALT	SV08	1.14
8	0.01	5	43	REF	REF043	1.34
8	0.01	6	44	REF	REF044	1.34
8	0.01	7	45	REF	REF045	1.34
8	0.01	8	46	REF	REF046	1.34
8	0.01	9	47	REF	REF047	3.65
8	0.01	10	48	REF	REF048	2.04
8	0.01	11	49	REF	REF049	2.04
8	0.01	12	50	REF	REF050	3.02
8	0.01	13	51	REF	REF051	2.02
8	0.01	14	52	REF	REF052	2.02
8	0.01	15	53	REF	REF053	3.24
8	0.01	16	54	REF	REF054	2.17
8	0.01	17	55	REF	REF055	2.17
8	0.01	18	56	REF	REF056	2.17
8	0.01	19	57	REF	REF057	3.98
8	0.01	20	58	REF	REF058	2.25
8	0.01	21	59	REF	REF059	1.01
8	0.01	22	60	REF	REF060	1.01
8	0.01	23	61	REF	REF061	1.45
8	0.01	24	62	REF	REF062	2.01
8	0.01	25	63	REF	REF063	2.01
8	0.01	26	75	ALT	SV08	1.14
8	0.01	27	43	REF	REF043	1.34
8	0.01	28	44	REF	REF044	1.34
8	0.01	29	45	REF	REF045	1.34
8	0.01	30	46	REF	REF046	1.34
8	0.01	31	47	REF	REF047	3.65
8	0.01	32	48	REF	REF048	2.04
8	0.01	33	49	REF	REF049	2.04
8	0.01	34	50	REF	REF050	3.02
8	0.01	35	51	REF	REF051	2.02
8	0.01	36	52	REF	REF052	2.02
8	0.01	37	53	REF	REF053	3.24
8	0.01	38	54	REF	REF054	2.17
8	0.01	39	55	REF	REF055	2.17
8	0.01	40	56	REF	REF056	2.17
8	0.01	41	57	REF	REF057	3.98
8	0.01	42	58	REF	REF058	2.25
8	0.01	43	59	REF	REF059	1.01
8	0.01	44	60	REF	REF060	1.01
8	0.01	45	61	REF	REF061	1.45
8	0.01	46	62	REF	REF062	2.01
8	0.01	47	63	REF	REF063	2.01
8	0.01	48	75	ALT	SV08	1.14
8	0.01	49	43	REF	REF043	1.34
8	0.01	50	44	REF	REF044	1.34
8	0.01	51	45	REF	REF045	1.34
8	0.01	52	46	REF	REF046	1.34
8	0.01	53	47	REF	REF047	3.65
8	0.01	54	48	REF	REF048	2.04
8	0.01	55	49	REF	REF049	2.04
8	0.01	56	50	REF	REF050	3.02
8	0.01	57	51	REF	REF051	2.02
8	0.01	58	52	REF	REF052	2.02
8	0.01	59	53	REF	REF053	3.24
8	0.01	60	54	REF	REF054	2.17
8	0.01	61	55	REF	REF055	2.17
8	0.01	62	56	REF	REF056	2.17
8	0.01	63	57	REF	REF057	3.98
8	0.01	64	58	REF	REF058	2.25
8	0.01	65	59	REF	REF059	1.01
8	0.01	66	60	REF	REF060	1.01
8	0.01	67	61	REF	REF061	1.45
8	0.01	68	62	REF	REF062	2.01
8	0.01	69	63	REF	REF063	2.01
8	0.01	70	75	ALT	SV08	1.14
8	0.01	71	43	REF	REF043	1.34
8	0.01	72	44	REF	REF044	1.34
8	0.01	73	45	REF	REF045	1.34
8	0.01	74	46	REF	REF046	1.34
8	0.01	75	47	REF	REF047	3.65
8	0.01	76	48	REF	REF048	2.04
8	0.01	77	49	REF	REF049	2.04
8	0.01	78	50	REF	REF050	3.02
8	0.01	79	51	REF	REF051	2.02
8	0.01	80	52	REF	REF052	2.02
8	0.01	81	53	REF	REF053	3.24
8	0.01	82	54	REF	REF054	2.17
8	0.01	83	55	REF	REF055	2.17
8	0.01	84	56	REF	REF056	2.17
8	0.01	85	57	REF	REF057	3.98
8	0.01	86	58	REF	REF058	2.25
8	0.01	87	59	REF	REF059	1.01
8	0.01	88	60	REF	REF060	1.01
8	0.01	89	61	REF	REF061	1.45
8	0.01	90	62	REF	REF062	2.01
8	0.01	91	63	REF	REF063	2.01
8	0.01	92	75	ALT	SV08	1.14
8	0.01	93	43	REF	REF043	1.34
8	0.01	94	44	REF	REF044	1.34
8	0.01	95	45	REF	REF045	1.34
8	0.01	96	46	REF	REF046	1.34
8	0.01	97	47	REF	REF047	3.65
8	0.01	98	48	REF	REF048	2.04
8	0.01	99	49	REF	REF049	2.04
8	0.01	100	50	REF	REF050	3.02
8	0.01	101	51	REF	REF051	2.02
8	0.01	102	52	REF	REF052	2.02
8	0.01	103	53	REF	REF053	3.24
8	0.01	104	54	REF	REF054	2.17
8	0.01	105	55	REF	REF055	2.17
8	0.01	106	56	REF	REF056	2.17
8	0.01	107	57	REF	REF057	3.98
8	0.01	108	58	REF	REF058	2.25
8	0.01	109	59	REF	REF059	1.01
8	0.01	110	60	REF	REF060	1.01
8	0.01	111	61	REF	REF061	1.45
8	0.01	112	62	REF	REF062	2.01
8	0.01	113	63	REF	REF063	2.01
8	0.01	114	75	ALT	SV08	1.14
8	0.01	115	43	REF	REF043	1.34
8	0.01	116	44	REF	REF044	1.34
8	0.01	117	45	REF	REF045	1.34
8	0.01	118	46	REF	REF046	1.34
8	0.01	119	47	REF	REF047	3.65
8	0.01	120	48	REF	REF048	2.04
8	0.01	121	49	REF	REF049	2.04
8	0.01	122	50	REF	REF050	3.02
8	0.01	123	51	REF	REF051	2.02
8	0.01	124	52	REF	REF052	2.02
8	0.01	125	53	REF	REF053	3.24
8	0.01	126	54	REF	REF054	2.17
8	0.01	127	55	REF	REF055	2.17
8	0.01	128	56	REF	REF056	2.17
8	0.01	129	57	REF	REF057	3.98
8	0.01	130	58	REF	REF058	2.25
8	0.01	131	59	REF	REF059	1.01
8	0.01	132	60	REF	REF060	1.01
8	0.01	133	61	REF	REF061	1.45
8	0.01	134	62	REF	REF062	2.01
8	0.01	135	63	REF	REF063	2.01
8	0.01	136	75	ALT	SV08	1.14
8	0.01	137	43	REF	REF043	1.34
8	0.01	138	44	REF	REF044	1.34
8	0.01	139	45	REF	REF045	1.34
8	0.01	140	46	REF	REF046	1.34
8	0.01	141	47	REF	REF047	3.65
8	0.01	142	48	REF	REF048	2.04
8	0.01	143	49	REF	REF049	2.04
8	0.01	144	50	REF	REF050	3.02
8	0.01	145	51	REF	REF051	2.02
8	0.01	146	52	REF	REF052	2.02
8	0.01	147	53	REF	REF053	3.24
8	0.01	148	54	REF	REF054	2.17
8	0.01	149	55	REF	REF055	2.17
8	0.01	150	56	REF	REF056	2.17
8	0.01	151	57	REF	REF057	3.98
8	0.01	152	58	REF	REF058	2.25
8	0.01	153	59	REF	REF059	1.01
8	0.01	154	60	REF	REF060	1.01
8	0.01	155	61	REF	REF061	1.45
8	0.01	156	62	REF	REF062	2.01
8	0.01	157	63	REF	REF063	2.01
8	0.01	158	75	ALT	SV08	1.14
8	0.01	159	43	REF	REF043	1.34
8	0.01	160	44	REF	REF044	1.34
8	0.01	161	45	REF	REF045	1.34
8	0.01	162	46	REF	REF046	1.34
8	0.01	163	47	REF	REF047	3.65
8	0.01	164	48	REF	REF048	2.04
8	0.01	165	49	REF	REF049	2.04
8	0.01	166	50	REF	REF050	3.02
8	0.01	167	51	REF	REF051	2.02
8	0.01	168	52	REF	REF052	2.02
8	0.01	169	53	REF	REF053	3.24
8	0.01	170	54	REF	REF054	2.17
8	0.01	171	55	REF	REF055	2.17
8	0.01	172	56	REF	REF056	2.17
8	0.01	173	57	REF	REF057	3.98
8	0.01	174	58	REF	REF058	2.25
8	0.01	175	59	REF	REF059	1.01
8	0.01	176	60	REF	REF060	1.01
8	0.01	177	61	REF	REF061	1.45
8	0.01	178	62	REF	REF062	2.01
8	0.01	179	63	REF	REF063	2.01
8	0.01	180	75	ALT	SV08	1.14
8	0.01	181	43	REF	REF043	1.34
8	0.01	182	44	REF	REF044	1.34
8	0.01	183	45	REF	REF045	1.34
8	0.01	184	46	REF	REF046	1.34
8	0.01	185	47	REF	REF047	3.65
8	0.01	186	48	REF	REF048	2.04
8	0.01	187	49	REF	REF049	2.04
8	0.01	188	50	REF	REF050	3.02
8	0.01	189	51	REF	REF051	2.02
8	0.01	190	52	REF	REF052	2.02
8	0.01	191	53	REF	REF053	3.24
8	0.01	192	54	REF	REF054	2.17
8	0.01	193	55	REF	REF055	2.17
8	0.01	194	56	REF	REF056	2.17
8	0.01	195	57	REF	REF057	3.98
8	0.01	196	58	REF	REF058	2.25
8	0.01	197	59	REF	REF059	1.01
8	0.01	198	60	REF	REF060	1.01
8	0.01	199	61	REF	REF061	1.45
8	0.01	200	62	REF	REF062	2.01
8	0.01	201	63	REF	REF063	2.01
8	0.01	202	75	ALT	SV08	1.14
8	0.01	203	43	REF	REF043	1.34
8	0.01	204	44	REF	REF044	1.34
8	0.01	205	45	REF	REF045	1.34
8	0.01	206	46	REF	REF046	1.34
8	0.01	207	47	REF	REF047	3.65
8	0.01	208	48	REF	REF048	2.04
8	0.01	209	49	REF	REF049	2.04
8	0.01	210	50	REF	REF050	3.02
8	0.01	211	51	REF	REF051	2.02
8	0.01	212	52	REF	REF052	2.02
8	0.01	213	53	REF	REF053	3.24
8	0.01	214	54	REF	REF054	2.17
8	0.01	215	55	REF	REF055	2.17
8	0.01	216	56	REF	REF056	2.17
8	0.01	217	57	REF	REF057	3.98
8	0.01	218	58	REF	REF058	2.25
8	0.01	219	59	REF	REF059	1.01
8	0.01	220	60	REF	REF060	1.01
8	0.01	221	61	REF	REF061	1.45
8	0.01	222	62	REF	REF062	2.01
8	0.01	223	63	REF	REF063	2.01
8	0.01	224	75	ALT	SV08	1.14
8	0.01	225	43	REF	REF043	1.34
8	0.01	226	44	REF	REF044	1.34
8	0.01	227	45	REF	REF045	1.34
8	0.01	228	46	REF	REF046	1.34
8	0.01	229	47	REF	REF047	3.65
8	0.01	230	48	REF	REF048	2.04
8	0.01	231	49	REF	REF049	2.04
8	0.01	232	50	REF	REF050	3.02
8	0.01	233	51	REF	REF051	2.02
8	0.01	234	52	REF	REF052	2.02
8	0.01	235	53	REF	REF053	3.24
8	0.01	236	54	REF	REF054	2.17
8	0.01	237	55	REF	REF055	2.17
8	0.01	238	56	REF	REF056	2.17
8	0.01	239	57	REF	REF057	3.98
8	0.01	240	58	REF	REF058	2.25
8	0.01	241	59	REF	REF059	1.01
8	0.01	242	60	REF	REF060	1.01
8	0.01	243	61	REF	REF061	1.45
8	0.01	244	62	REF	REF062	2.01
8	0.01	245	63	REF	REF063	2.01
8	0.01	246	75	ALT	SV08	1.14
8	0.01	247	43	REF	REF043	1.34
8	0.01	248	44	REF	REF044	1.34
8	0.01	249	45	REF	REF045	1.34
8	0.01	250	46	REF	REF046	1.34
8	0.01	251	47	REF	REF047	3.65
8	0.01	252	48	REF	REF048	2.04
8	0.01	253	49	REF	REF049	2.04
8	0.01	254	50	REF	REF050	3.02
8	0.01	255	51	REF	REF051	2.02
8	0.01	256	52	REF	REF052	2.02
8	0.01	257	53	REF	REF053	3.24
8	0.01	258	54	REF	REF054	2.17
8	0.01	259	55	REF	REF055	2.17
8	0.01	260	56	REF	REF056	2.17
8	0.01	261	57	REF	REF057	3.98
8	0.01	262	58	REF	REF058	2.25
8	0.01	263	59	REF	REF059	1.01
8	0.01	264	60	REF	REF060	1.01
8	0.01	265	61	REF	REF061	1.45
8	0.01	266	62	REF	REF062	2.01
8	0.01	267	63	REF	REF063	2.01
8	0.01	268	75	ALT	SV08	1.14
8	0.01	269	43	REF	REF043	1.34
8	0.01	270	44	REF	REF044	1.34
8	0.01	271	45	REF	REF045	1.34
8	0.01	272	46	REF	REF046	1.34
8	0.01	273	47	REF	REF047	3.65
8	0.01	274	48	REF	REF048	2.04
8	0.01	275	49	REF	REF049	2.04
8	0.01	276	50	REF	REF050	3.02
8	0.01	277	51	REF	REF051	2.02
8	0.01	278	52	REF	REF052	2.02
8	0.01	279	53	REF	REF053	3.24
8	0.01	280	54	REF	REF054	2.17
8	0.01	281	55	REF	REF055	2.17
8	0.01	282	56	REF	REF056	2.17
8	0.01	283	57	REF	REF057	3.98
8	0.01	284	58	REF	REF058	2.25
8	0.01	285	59	REF	REF059	1.01
8	0.01	286	60	REF	REF060	1.01
8	0.01	287	61	REF	REF061	1.45
8	0.01	288	62	REF	REF062	2.01
8	0.01	289	63	REF	REF063	2.01
8	0.01	290	75	ALT	SV08	1.14
8	0.01	291	43	REF	REF043	1.34
8	0.01	292	44	REF	REF044	1.34
8	0.01	293	45	REF	REF045	1.34
8	0.01	294	46	REF	REF046	1.34
8	0.01	295	47	REF	REF047	3.65
8	0.01	296	48	REF	REF048	2.04
8	0.01	297	49	REF	REF049	2.04
8	0.01	298	50	REF	REF050	3.02
8	0.01	299	51	REF	REF051	2.02
8	0.01	300	52	REF	REF052	2.02
8	0.01	301	53	REF	REF053	3.24
8	0.01	302	54	REF	REF054	2.17
8	0.01	303	55	REF	REF055	2.17
8	0.01	304	56	REF	REF056	2.17
8	0.01	305	57	REF	REF057	3.98
8	0.01	306	58	REF	REF058	2.25
8	0.01	307	59	REF	REF059	1.01
8	0.01	308	60	REF	REF060	1.01
8	0.01	309	61	REF	REF061	1.45
8	0.01	310	62	REF	REF062	2.01
8	0.01	311	63	REF	REF063	2.01
8	0.01	312	75	ALT	SV08	1.14
8	0.01	313	43	REF	REF043	1.34
8	0.01	314	44	REF	REF044	1.34
8	0.01	315	45	REF	REF045	1.34
8	0.01	316	46	REF	REF046	1.34
8	0.01	317	47	REF	REF047	3.65
8	0.01	318	48	REF	REF048	2.04
8	0.01	319	49	REF	REF049	2.04
8	0.01	320	50	REF	REF050	3.02
8	0.01	321	51	REF	REF051	2.02
8	0.01	322	52	REF	REF052	2.02
8	0.01	323	53	REF	REF053	3.24
8	0.01	324	54	REF	REF054	2.17
8	0.01	325	55	REF	REF055	2.17
8	0.01	326	56	REF	REF056	2.17
8	0.01	327	57	REF	REF057	3.98
8	0.01	328	58	REF	REF058	2.25
8	0.01	329	59	REF	REF059	1.01
8	0.01	330	60	REF	REF060	1.01
8	0.01	331	61	REF	REF061	1.45
8	0.01	332	62	REF	REF062	2.01
8	0.01	333	63	REF	REF063	2.01
8	0.01	334	75	ALT	SV08	1.14
8	0.01	335	43	REF	REF043	1.34
8	0.01	336	44	REF	REF044	1.34
8	0.01	337	45	REF	REF045	1.34
8	0.01	338	46	REF	REF046	1.34
8	0.01	339	47	REF	REF047	3.65
8	0.01	340	48	REF	REF048	2.04
8	0.01	341	49	REF	REF049	2.04
8	0.01	342	50	REF	REF050	3.02
8	0.01	343	51	REF	REF051	2.02
8	0.01	344	52	REF	REF052	2.02
8	0.01	345	53	REF	REF053	3.24
8	0.01	346	54	REF	REF054	2.17
8	0.01	347	55	REF	REF055	2.17
8	0.01	348	56	REF	REF056	2.17
8	0.01	349	57	REF	REF057	3.98
8	0.01	350	58	REF	REF058	2.25
8	0.01	351	59	REF	REF059	1.01
8	0.01	352	60	REF	REF060	1.01
8	0.01	353	61	REF	REF061	1.45
8	0.01	354	62	REF	REF062	2.01
8	0.01	355	63	REF	REF063	2.01
8	0.01	356	75	ALT	SV08	1.14
8	0.01	357	43	REF	REF043	1.34
8	0.01	358	44	REF	REF044	1.34
8	0.01	359	45	REF	REF045	1.34
8	0.01	360	46	REF	REF046	1.34
8	0.01	361	47	REF	REF047	3.65
8	0.01	362	48	REF	REF048	2.04
8	0.01	363	49	REF	REF049	2.04
8	0.01	364	50	REF	REF050	3.02
8	0.01	365	51	REF	REF051	2.02
8	0.01	366	52	REF	REF052	2.02
8	0.01	367	53	REF	REF053	3.24
8	0.01	368	54	REF	REF054	2.17
8	0.01	369	55	REF	REF055	2.17
8	0.01	370	56	REF	REF056	2.17
8	0.01	371	57	REF	REF057	3.98
8	0.01	372	58	REF	REF058	2.25
8	0.01	373	59	REF	REF059	1.01
8	0.01	374	60	REF	REF060	1.01
8	0.01	375	61	REF	REF061	1.45
8	0.01	376	62	REF	REF062	2.01
8	0.01	377	63	REF	REF063	2.01
8	0.01	378	75	ALT	SV08	1.14
8	0.01	379	43	REF	REF043	1.34
8	0.01	380	44	REF	REF044	1.34
8	0.01	381	45	REF	REF045	1.34
8	0.01	382	46	REF	REF046	1.34
8	0.01	383	47	REF	REF047	3.65
8	0.01	384	48	REF	REF048	2.04
8	0.01	385	49	REF	REF049	2.04
8	0.01	386	50	REF	REF050	3.02
8	0.01	387	51	REF	REF051	2.02
8	0.01	388	52	REF	REF052	2.02
8	0.01	389	53	REF	REF053	3.24
8	0.01	390	54	REF	REF054	2.17
8	0.01	391	55	REF	REF055	2.17
8	0.01	392	56	REF	REF056	2.17
8	0.01	393	57	REF	REF057	3.98
8	0.01	394	58	REF	REF058	2.25
8	0.01	395	59	REF	REF059	1.01
8	0.01	396	60	REF	REF060	1.01
9	0.78	1	2	REF	REF002	0.83
9	0.78	2	80	ALT	SV13	0.83
9	0.78	3	5	REF	REF005	0.99
9	0.78	4	6	REF	REF006	0.99
9	0.78	5	7	REF	REF007	1.9
9	0.78	6	77	ALT	SV10	1.12
9	0.78	7	23	REF	REF023	1.9
9	0.78	8	22	REF	REF022	4.26
9	0.78	9	21	REF	REF021	4.26
9	0.78	10	71	ALT	SV04	1.06
9	0.78	11	14	REF	REF014	1.98
9	0.78	12	13	REF	REF013	1.98
9	0.78	13	12	REF	REF012	2.26
9	0.78	14	11	REF	REF011	2.26
9	0.78	15	10	REF	REF010	1.7
10	0.28	1	11	REF	REF011	2.26
10	0.28	2	12	REF	REF012	2.26
10	0.28	3	13	REF	REF013	1.98
10	0.28	4	14	REF	REF014	1.98
10	0.28	5	71	ALT	SV04	1.06
10	0.28	6	21	REF	REF021	4.26
10	0.28	7	22	REF	REF022	4.26
10	0.28	8	23	REF	REF023	1.9
10	0.28	9	24	REF	REF024	0.79
10	0.28	10	79	ALT	SV12	0.91
11	0.59	1	75	ALT	SV08	1.14
11	0.59	2	68	ALT	SV01	1.01
11	0.59	3	53	REF	REF053	3.24
11	0.59	4	54	REF	REF054	2.17
11	0.59	5	55	REF	REF055	2.17
11	0.59	6	56	REF	REF056	2.17
11	0.59	7	57	REF	REF057	3.98
11	0.59	8	58	REF	REF058	2.25
12	0.04	1	2	REF	REF002	0.83
12	0.04	2	80	ALT	SV13	0.83
12	0.04	3	5	REF	REF005	0.99
12	0.04	4	6	REF	REF006	0.99
12	0.04	5	7	REF	REF007	1.9
12	0.04	6	77	ALT	SV10	1.12
12	0.04	7	23	REF	REF023	1.9
12	0.04	8	22	REF	REF022	4.26
12	0.04	9	21	REF	REF021	4.26
13	0.12	1	75	ALT	SV08	1.14
13	0.12	2	68	ALT	SV01	1.01
13	0.12	3	53	REF	REF053	3.24
13	0.12	4	54	REF	REF054	2.17
13	0.12	5	55	REF	REF055	2.17
13	0.12	6	56	REF	REF056	2.17
13	0.12	7	57	REF	REF057	3.98
14	0.25	1	75	ALT	SV08	1.14
14	0.25	2	68	ALT	SV01	1.01
14	0.25	3	53	REF	REF053	3.24
15	0.28	1	32	REF	REF032	6.16
15	0.28	2	33	REF	REF033	10.41
15	0.28	3	34	REF	REF034	17.91
15	0.28	4	35	REF	REF035	1.11
15	0.28	5	36	REF	REF036	1.11
15	0.28	6	37	REF	REF037	1.32
15	0.28	7	38	REF	REF038	1.32
15	0.28	8	39	REF	REF039	1.11
15	0.28	9	40	REF	REF040	1.11
15	0.28	10	41	REF	REF041	1.13
15	0.28	11	42	REF	REF042	1.04
15	0.28	12	43	REF	REF043	1.34
15	0.28	13	44	REF	REF044	1.34
15	0.28	14	45	REF	REF045	1.34
15	0.28	15	46	REF	REF046	1.34
15	0.28	16	47	REF	REF047	3.65
15	0.28	17	78	ALT	SV11	1.61
15	0.28	18	57	REF	REF057	3.98
15	0.28	19	56	REF	REF056	2.17
15	0.28	20	55	REF	REF055	2.17
15	0.28	21	54	REF	REF054	2.17
15	0.28	22	53	REF	REF053	3.24
15	0.28	23	52	REF	REF052	2.02
15	0.28	24	51	REF	REF051	2.02
15	0.28	25	50	REF	REF050	3.02
15	0.28	26	49	REF	REF049	2.04
15	0.28	27	48	REF	REF048	2.04
15	0.28	28	47	REF	REF047	3.65
15	0.28	29	46	REF	REF046	1.34
15	0.28	30	45	REF	REF045	1.34
15	0.28	31	44	REF	REF044	1.34
15	0.28	32	43	REF	REF043	1.34
15	0.28	33	42	REF	REF042	1.04
15	0.28	34	41	REF	REF041	1.13
15	0.28	35	40	REF	REF040	1.11
15	0.28	36	39	REF	REF039	1.11
15	0.28	37	38	REF	REF038	1.32
15	0.28	38	37	REF	REF037	1.32
15	0.28	39	36	REF	REF036	1.11
15	0.28	40	35	REF	REF035	1.11
15	0.28	41	34	REF	REF034	17.91
15	0.28	42	33	REF	REF033	10.41
15	0.28	43	32	REF	REF032	6.16
16	0.18	1	32	REF	REF032	6.16
16	0.18	2	33	REF	REF033	10.41
16	0.18	3	34	REF	REF034	17.91
16	0.18	4	35	REF	REF035	1.11
16	0.18	5	36	REF	REF036	1.11
16	0.18	6	37	REF	REF037	1.32
16	0.18	7	38	REF	REF038	1.32
16	0.18	8	39	REF	REF039	1.11
16	0.18	9	40	REF	REF040	1.11
16	0.18	10	41	REF	REF041	1.13
16	0.18	11	42	REF	REF042	1.04
16	0.18	12	43	REF	REF043	1.34
16	0.18	13	44	REF	REF044	1.34
16	0.18	14	45	REF	REF045	1.34
16	0.18	15	46	REF	REF046	1.34
16	0.18	16	47	REF	REF047	3.65
16	0.18	17	48	REF	REF048	2.04
16	0.18	18	49	REF	REF049	2.04
16	0.18	19	50	REF	REF050	3.02
16	0.18	20	51	REF	REF051	2.02
16	0.18	21	52	REF	REF052	2.02
16	0.18	22	53	REF	REF053	3.24
16	0.18	23	72	ALT	SV05	0.56
16	0.18	24	62	REF	REF062	2.01
16	0.18	25	63	REF	REF063	2.01
16	0.18	26	64	REF	REF064	1.83
16	0.18	27	65	REF	REF065	0.85
16	0.18	28	66	REF	REF066	0.94
17	0.41	1	10	REF	REF010	1.7
17	0.41	2	11	REF	REF011	2.26
17	0.41	3	12	REF	REF012	2.26
17	0.41	4	13	REF	REF013	1.98
17	0.41	5	14	REF	REF014	1.98
17	0.41	6	15	REF	REF015	0.92
17	0.41	7	16	REF	REF016	0.92
17	0.41	8	17	REF	REF017	1.11
17	0.41	9	18	REF	REF018	1.08
17	0.41	10	19	REF	REF019	1.08
17	0.41	11	20	REF	REF020	1.31
17	0.41	12	21	REF	REF021	4.26
17	0.41	13	22	REF	REF022	4.26
17	0.41	14	23	REF	REF023	1.9
17	0.41	15	24	REF	REF024	0.79
17	0.41	16	79	ALT	SV12	0.91
17	0.41	17	43	REF	REF043	1.34
17	0.41	18	44	REF	REF044	1.34
17	0.41	19	45	REF	REF045	1.34
17	0.41	20	46	REF	REF046	1.34
17	0.41	21	47	REF	REF047	3.65
17	0.41	22	48	REF	REF048	2.04
17	0.41	23	49	REF	REF049	2.04
17	0.41	24	50	REF	REF050	3.02
17	0.41	25	51	REF	REF051	2.02
17	0.41	26	52	REF	REF052	2.02
17	0.41	27	53	REF	REF053	3.24
17	0.41	28	54	REF	REF054	2.17
17	0.41	29	55	REF	REF055	2.17
17	0.41	30	56	REF	REF056	2.17
17	0.41	31	57	REF	REF057	3.98
17	0.41	32	58	REF	REF058	2.25
17	0.41	33	59	REF	REF059	1.01
17	0.41	34	60	REF	REF060	1.01
17	0.41	35	61	REF	REF061	1.45
17	0.41	36	62	REF	REF062	2.01
17	0.41	37	63	REF	REF063	2.01
17	0.41	38	64	REF	REF064	1.83
17	0.41	39	65	REF	REF065	0.85
17	0.41	40	66	REF	REF066	0.94
18	0.17	1	61	REF	REF061	1.45
18	0.17	2	62	REF	REF062	2.01
18	0.17	3	63	REF	REF063	2.01
18	0.17	4	64	REF	REF064	1.83
18	0.17	5	69	ALT	SV02	0.98
18	0.17	6	47	REF	REF047	3.65
18	0.17	7	48	REF	REF048	2.04
18	0.17	8	49	REF	REF049	2.04
18	0.17	9	50	REF	REF050	3.02
18	0.17	10	51	REF	REF051	2.02
18	0.17	11	52	REF	REF052	2.02
18	0.17	12	53	REF	REF053	3.24
18	0.17	13	54	REF	REF054	2.17
18	0.17	14	55	REF	REF055	2.17
18	0.17	15	56	REF	REF056	2.17
18	0.17	16	57	REF	REF057	3.98
18	0.17	17	58	REF	REF058	2.25
19	0.01	1	7	REF	REF007	1.9
19	0.01	2	6	REF	REF006	0.99
19	0.01	3	5	REF	REF005	0.99
19	0.01	4	80	ALT	SV13	0.83
19	0.01	5	2	REF	REF002	0.83
19	0.01	6	1	REF	REF001	0.01
20	0.02	1	61	REF	REF061	1.45
20	0.02	2	62	REF	REF062	2.01
20	0.02	3	63	REF	REF063	2.01
20	0.02	4	64	REF	REF064	1.83
20	0.02	5	69	ALT	SV02	0.98
20	0.02	6	47	REF	REF047	3.65
20	0.02	7	48	REF	REF048	2.04
20	0.02	8	49	REF	REF049	2.04
20	0.02	9	50	REF	REF050	3.02
21	0.02	1	4	REF	REF004	0.02
21	0.02	2	5	REF	REF005	0.99
21	0.02	3	6	REF	REF006	0.99
21	0.02	4	7	REF	REF007	1.9
21	0.02	5	77	ALT	SV10	1.12
21	0.02	6	23	REF	REF023	1.9
21	0.02	7	22	REF	REF022	4.26
21	0.02	8	21	REF	REF021	4.26
22	0.14	1	21	REF	REF021	4.26
22	0.14	2	22	REF	REF022	4.26
22	0.14	3	23	REF	REF023	1.9
22	0.14	4	77	ALT	SV10	1.12
22	0.14	5	7	REF	REF007	1.9
22	0.14	6	6	REF	REF006	0.99
22	0.14	7	5	REF	REF005	0.99
23	0.05	1	53	REF	REF053	3.24
23	0.05	2	68	ALT	SV01	1.01
24	1.33	1	47	REF	REF047	3.65
24	1.33	2	78	ALT	SV11	1.61
24	1.33	3	57	REF	REF057	3.98
25	0.14	1	7	REF	REF007	1.9
25	0.14	2	77	ALT	SV10	1.12
25	0.14	3	23	REF	REF023	1.9
25	0.14	4	22	REF	REF022	4.26
25	0.14	5	21	REF	REF021	4.26
26	0.22	1	79	ALT	SV12	0.91
27	0.29	1	32	REF	REF032	6.16
27	0.29	2	33	REF	REF033	10.41
27	0.29	3	34	REF	REF034	17.91
27	0.29	4	35	REF	REF035	1.11
27	0.29	5	36	REF	REF036	1.11
27	0.29	6	37	REF	REF037	1.32
27	0.29	7	38	REF	REF038	1.32
27	0.29	8	39	REF	REF039	1.11
27	0.29	9	40	REF	REF040	1.11
27	0.29	10	41	REF	REF041	1.13
27	0.29	11	42	REF	REF042	1.04
28	0.07	1	32	REF	REF032	6.16
28	0.07	2	33	REF	REF033	10.41
28	0.07	3	34	REF	REF034	17.91
28	0.07	4	35	REF	REF035	1.11
28	0.07	5	36	REF	REF036	1.11
28	0.07	6	37	REF	REF037	1.32
28	0.07	7	38	REF	REF038	1.32
28	0.07	8	39	REF	REF039	1.11
28	0.07	9	40	REF	REF040	1.11
28	0.07	10	41	REF	REF041	1.13
29	0.08	1	10	REF	REF010	1.7
29	0.08	2	11	REF	REF011	2.26
29	0.08	3	12	REF	REF012	2.26
29	0.08	4	13	REF	REF013	1.98
29	0.08	5	14	REF	REF014	1.98
29	0.08	6	15	REF	REF015	0.92
29	0.08	7	16	REF	REF016	0.92
29	0.08	8	17	REF	REF017	1.11
29	0.08	9	18	REF	REF018	1.08
29	0.08	10	19	REF	REF019	1.08
29	0.08	11	20	REF	REF020	1.31
29	0.08	12	21	REF	REF021	4.26
29	0.08	13	22	REF	REF022	4.26
29	0.08	14	23	REF	REF023	1.9
29	0.08	15	24	REF	REF024	0.79
29	0.08	16	25	REF	REF025	0.1
29	0.08	17	26	REF	REF026	0.1
29	0.08	18	27	REF	REF027	1.34
29	0.08	19	28	REF	REF028	1.17
29	0.08	20	29	REF	REF029	1.17
30	0.42	1	10	REF	REF010	1.7
30	0.42	2	11	REF	REF011	2.26
30	0.42	3	12	REF	REF012	2.26
30	0.42	4	13	REF	REF013	1.98
30	0.42	5	14	REF	REF014	1.98
30	0.42	6	15	REF	REF015	0.92
30	0.42	7	16	REF	REF016	0.92
30	0.42	8	17	REF	REF017	1.11
30	0.42	9	18	REF	REF018	1.08
30	0.42	10	19	REF	REF019	1.08
30	0.42	11	20	REF	REF020	1.31
30	0.42	12	21	REF	REF021	4.26
30	0.42	13	22	REF	REF022	4.26
31	0.02	1	41	REF	REF041	1.13
32	0.25	1	61	REF	REF061	1.45
32	0.25	2	62	REF	REF062	2.01
32	0.25	3	63	REF	REF063	2.01
32	0.25	4	64	REF	REF064	1.83
32	0.25	5	65	REF	REF065	0.85
32	0.25	6	66	REF	REF066	0.94
33	0.28	1	11	REF	REF011	2.26
33	0.28	2	12	REF	REF012	2.26
34	0.02	1	66	REF	REF066	0.94
34	0.02	2	67	REF	REF067	0.02
35	0.16	1	17	REF	REF017	1.11
35	0.16	2	18	REF	REF018	1.08
35	0.16	3	19	REF	REF019	1.08
35	0.16	4	20	REF	REF020	1.31
35	0.16	5	21	REF	REF021	4.26
35	0.16	6	22	REF	REF022	4.26
36	0.07	1	66	REF	REF066	0.94
37	0.01	1	24	REF	REF024	0.79
37	0.01	2	25	REF	REF025	0.1
37	0.01	3	26	REF	REF026	0.1
37	0.01	4	27	REF	REF027	1.34
37	0.01	5	28	REF	REF028	1.17
37	0.01	6	29	REF	REF029	1.17
38	0.48	1	57	REF	REF057	3.98
38	0.48	2	58	REF	REF058	2.25
39	0.21	1	37	REF	REF037	1.32
39	0.21	2	38	REF	REF038	1.32
40	0.23	1	22	REF	REF022	4.26
40	0.23	2	21	REF	REF021	4.26
40	0.23	3	20	REF	REF020	1.31
41	0.21	1	53	REF	REF053	3.24
42	5.05	1	32	REF	REF032	6.16
42	5.05	2	33	REF	REF033	10.41
42	5.05	3	34	REF	REF034	17.91
43	1.07	1	27	REF	REF027	1.34
43	1.07	2	28	REF	REF028	1.17
43	1.07	3	29	REF	REF029	1.17
44	4.25	1	33	REF	REF033	10.41
44	4.25	2	34	REF	REF034	17.91
45	0.03	1	17	REF	REF017	1.11
46	7.5	1	34	REF	REF034	17.91
47	0.17	1	27	REF	REF027	1.34
48	1.55	1	21	REF	REF021	4.26
48	1.55	2	22	REF	REF022	4.26
49	0.98	1	50	REF	REF050	3.02
50	0.77	1	7	REF	REF007	1.9
