walk_id	walk_cn	circular	order	node_id	chrom	start	end	strand
1	0.05	FALSE	1	61	X	140300000	141090000	+
2	2.27	FALSE	1	41	X	88450000	92350000	+
3	1.19	FALSE	1	67	X	153330000	154950000	+
4	0.25	FALSE	1	18	X	40550000	41700000	+
5	1.36	FALSE	1	2	X	2700000	3650000	+
6	12.9	FALSE	1	35	X	60900000	61700000	+
7	0.01	FALSE	1	67	X	153330000	154950000	-
7	0.01	FALSE	2	66	X	145590000	153330000	-
7	0.01	FALSE	3	65	X	143760000	145590000	-
7	0.01	FALSE	4	64	X	142150000	143760000	-
7	0.01	FALSE	5	63	X	141150000	142150000	-
7	0.01	FALSE	6	62	X	141090000	141150000	-
7	0.01	FALSE	7	54	X	129200000	129240000	-
7	0.01	FALSE	8	53	X	125280000	129200000	-
7	0.01	FALSE	9	52	X	123300000	125280000	-
7	0.01	FALSE	10	51	X	123200000	123300000	-
7	0.01	FALSE	11	50	X	122700000	123200000	-
7	0.01	FALSE	12	49	X	121870000	122700000	-
7	0.01	FALSE	13	48	X	121850000	121870000	-
7	0.01	FALSE	14	47	X	118270000	121850000	-
7	0.01	FALSE	15	65	X	143760000	145590000	-
7	0.01	FALSE	16	64	X	142150000	143760000	-
7	0.01	FALSE	17	63	X	141150000	142150000	-
7	0.01	FALSE	18	62	X	141090000	141150000	-
7	0.01	FALSE	19	54	X	129200000	129240000	-
7	0.01	FALSE	20	53	X	125280000	129200000	-
7	0.01	FALSE	21	52	X	123300000	125280000	-
7	0.01	FALSE	22	51	X	123200000	123300000	-
7	0.01	FALSE	23	50	X	122700000	123200000	-
7	0.01	FALSE	24	49	X	121870000	122700000	-
7	0.01	FALSE	25	48	X	121850000	121870000	-
7	0.01	FALSE	26	47	X	118270000	121850000	-
7	0.01	FALSE	27	65	X	143760000	145590000	-
7	0.01	FALSE	28	64	X	142150000	143760000	-
7	0.01	FALSE	29	63	X	141150000	142150000	-
7	0.01	FALSE	30	62	X	141090000	141150000	-
7	0.01	FALSE	31	54	X	129200000	129240000	-
7	0.01	FALSE	32	53	X	125280000	129200000	-
7	0.01	FALSE	33	52	X	123300000	125280000	-
7	0.01	FALSE	34	51	X	123200000	123300000	-
7	0.01	FALSE	35	50	X	122700000	123200000	-
7	0.01	FALSE	36	49	X	121870000	122700000	-
7	0.01	FALSE	37	48	X	121850000	121870000	-
7	0.01	FALSE	38	47	X	118270000	121850000	-
7	0.01	FALSE	39	65	X	143760000	145590000	-
7	0.01	FALSE	40	64	X	142150000	143760000	-
7	0.01	FALSE	41	63	X	141150000	142150000	-
7	0.01	FALSE	42	62	X	141090000	141150000	-
7	0.01	FALSE	43	54	X	129200000	129240000	-
7	0.01	FALSE	44	53	X	125280000	129200000	-
7	0.01	FALSE	45	52	X	123300000	125280000	-
7	0.01	FALSE	46	51	X	123200000	123300000	-
7	0.01	FALSE	47	50	X	122700000	123200000	-
7	0.01	FALSE	48	49	X	121870000	122700000	-
7	0.01	FALSE	49	48	X	121850000	121870000	-
7	0.01	FALSE	50	47	X	118270000	121850000	-
7	0.01	FALSE	51	65	X	143760000	145590000	-
7	0.01	FALSE	52	64	X	142150000	143760000	-
7	0.01	FALSE	53	63	X	141150000	142150000	-
7	0.01	FALSE	54	62	X	141090000	141150000	-
7	0.01	FALSE	55	54	X	129200000	129240000	-
7	0.01	FALSE	56	53	X	125280000	129200000	-
7	0.01	FALSE	57	52	X	123300000	125280000	-
7	0.01	FALSE	58	51	X	123200000	123300000	-
7	0.01	FALSE	59	50	X	122700000	123200000	-
7	0.01	FALSE	60	49	X	121870000	122700000	-
7	0.01	FALSE	61	48	X	121850000	121870000	-
7	0.01	FALSE	62	47	X	118270000	121850000	-
7	0.01	FALSE	63	65	X	143760000	145590000	-
7	0.01	FALSE	64	64	X	142150000	143760000	-
7	0.01	FALSE	65	63	X	141150000	142150000	-
7	0.01	FALSE	66	62	X	141090000	141150000	-
7	0.01	FALSE	67	54	X	129200000	129240000	-
7	0.01	FALSE	68	53	X	125280000	129200000	-
7	0.01	FALSE	69	52	X	123300000	125280000	-
7	0.01	FALSE	70	51	X	123200000	123300000	-
7	0.01	FALSE	71	50	X	122700000	123200000	-
7	0.01	FALSE	72	49	X	121870000	122700000	-
7	0.01	FALSE	73	48	X	121850000	121870000	-
7	0.01	FALSE	74	47	X	118270000	121850000	-
7	0.01	FALSE	75	65	X	143760000	145590000	-
7	0.01	FALSE	76	64	X	142150000	143760000	-
7	0.01	FALSE	77	63	X	141150000	142150000	-
7	0.01	FALSE	78	62	X	141090000	141150000	-
7	0.01	FALSE	79	54	X	129200000	129240000	-
7	0.01	FALSE	80	53	X	125280000	129200000	-
7	0.01	FALSE	81	52	X	123300000	125280000	-
7	0.01	FALSE	82	51	X	123200000	123300000	-
7	0.01	FALSE	83	50	X	122700000	123200000	-
7	0.01	FALSE	84	49	X	121870000	122700000	-
7	0.01	FALSE	85	48	X	121850000	121870000	-
7	0.01	FALSE	86	47	X	118270000	121850000	-
7	0.01	FALSE	87	65	X	143760000	145590000	-
7	0.01	FALSE	88	64	X	142150000	143760000	-
7	0.01	FALSE	89	63	X	141150000	142150000	-
7	0.01	FALSE	90	62	X	141090000	141150000	-
7	0.01	FALSE	91	54	X	129200000	129240000	-
7	0.01	FALSE	92	53	X	125280000	129200000	-
7	0.01	FALSE	93	52	X	123300000	125280000	-
7	0.01	FALSE	94	51	X	123200000	123300000	-
7	0.01	FALSE	95	50	X	122700000	123200000	-
7	0.01	FALSE	96	49	X	121870000	122700000	-
7	0.01	FALSE	97	48	X	121850000	121870000	-
7	0.01	FALSE	98	47	X	118270000	121850000	-
7	0.01	FALSE	99	65	X	143760000	145590000	-
7	0.01	FALSE	100	64	X	142150000	143760000	-
7	0.01	FALSE	101	63	X	141150000	142150000	-
7	0.01	FALSE	102	62	X	141090000	141150000	-
7	0.01	FALSE	103	54	X	129200000	129240000	-
7	0.01	FALSE	104	53	X	125280000	129200000	-
7	0.01	FALSE	105	52	X	123300000	125280000	-
7	0.01	FALSE	106	51	X	123200000	123300000	-
7	0.01	FALSE	107	50	X	122700000	123200000	-
7	0.01	FALSE	108	49	X	121870000	122700000	-
7	0.01	FALSE	109	48	X	121850000	121870000	-
7	0.01	FALSE	110	47	X	118270000	121850000	-
7	0.01	FALSE	111	65	X	143760000	145590000	-
7	0.01	FALSE	112	64	X	142150000	143760000	-
7	0.01	FALSE	113	63	X	141150000	142150000	-
7	0.01	FALSE	114	62	X	141090000	141150000	-
7	0.01	FALSE	115	54	X	129200000	129240000	-
7	0.01	FALSE	116	53	X	125280000	129200000	-
7	0.01	FALSE	117	52	X	123300000	125280000	-
7	0.01	FALSE	118	51	X	123200000	123300000	-
7	0.01	FALSE	119	50	X	122700000	123200000	-
7	0.01	FALSE	120	49	X	121870000	122700000	-
7	0.01	FALSE	121	48	X	121850000	121870000	-
7	0.01	FALSE	122	47	X	118270000	121850000	-
7	0.01	FALSE	123	65	X	143760000	145590000	-
7	0.01	FALSE	124	64	X	142150000	143760000	-
7	0.01	FALSE	125	63	X	141150000	142150000	-
7	0.01	FALSE	126	62	X	141090000	141150000	-
7	0.01	FALSE	127	54	X	129200000	129240000	-
7	0.01	FALSE	128	53	X	125280000	129200000	-
7	0.01	FALSE	129	52	X	123300000	125280000	-
7	0.01	FALSE	130	51	X	123200000	123300000	-
7	0.01	FALSE	131	50	X	122700000	123200000	-
7	0.01	FALSE	132	49	X	121870000	122700000	-
7	0.01	FALSE	133	48	X	121850000	121870000	-
7	0.01	FALSE	134	47	X	118270000	121850000	-
7	0.01	FALSE	135	65	X	143760000	145590000	-
7	0.01	FALSE	136	64	X	142150000	143760000	-
7	0.01	FALSE	137	63	X	141150000	142150000	-
7	0.01	FALSE	138	62	X	141090000	141150000	-
7	0.01	FALSE	139	54	X	129200000	129240000	-
7	0.01	FALSE	140	53	X	125280000	129200000	-
7	0.01	FALSE	141	52	X	123300000	125280000	-
7	0.01	FALSE	142	51	X	123200000	123300000	-
7	0.01	FALSE	143	50	X	122700000	123200000	-
7	0.01	FALSE	144	49	X	121870000	122700000	-
7	0.01	FALSE	145	48	X	121850000	121870000	-
7	0.01	FALSE	146	47	X	118270000	121850000	-
7	0.01	FALSE	147	65	X	143760000	145590000	-
7	0.01	FALSE	148	64	X	142150000	143760000	-
7	0.01	FALSE	149	63	X	141150000	142150000	-
7	0.01	FALSE	150	62	X	141090000	141150000	-
7	0.01	FALSE	151	54	X	129200000	129240000	-
7	0.01	FALSE	152	53	X	125280000	129200000	-
7	0.01	FALSE	153	52	X	123300000	125280000	-
7	0.01	FALSE	154	51	X	123200000	123300000	-
7	0.01	FALSE	155	50	X	122700000	123200000	-
7	0.01	FALSE	156	49	X	121870000	122700000	-
7	0.01	FALSE	157	48	X	121850000	121870000	-
7	0.01	FALSE	158	47	X	118270000	121850000	-
7	0.01	FALSE	159	65	X	143760000	145590000	-
7	0.01	FALSE	160	64	X	142150000	143760000	-
7	0.01	FALSE	161	63	X	141150000	142150000	-
7	0.01	FALSE	162	62	X	141090000	141150000	-
7	0.01	FALSE	163	54	X	129200000	129240000	-
7	0.01	FALSE	164	53	X	125280000	129200000	-
7	0.01	FALSE	165	52	X	123300000	125280000	-
7	0.01	FALSE	166	51	X	123200000	123300000	-
7	0.01	FALSE	167	50	X	122700000	123200000	-
7	0.01	FALSE	168	49	X	121870000	122700000	-
7	0.01	FALSE	169	48	X	121850000	121870000	-
7	0.01	FALSE	170	47	X	118270000	121850000	-
7	0.01	FALSE	171	65	X	143760000	145590000	-
7	0.01	FALSE	172	64	X	142150000	143760000	-
7	0.01	FALSE	173	63	X	141150000	142150000	-
7	0.01	FALSE	174	62	X	141090000	141150000	-
7	0.01	FALSE	175	54	X	129200000	129240000	-
7	0.01	FALSE	176	53	X	125280000	129200000	-
7	0.01	FALSE	177	52	X	123300000	125280000	-
7	0.01	FALSE	178	51	X	123200000	123300000	-
7	0.01	FALSE	179	50	X	122700000	123200000	-
7	0.01	FALSE	180	49	X	121870000	122700000	-
7	0.01	FALSE	181	48	X	121850000	121870000	-
7	0.01	FALSE	182	47	X	118270000	121850000	-
7	0.01	FALSE	183	65	X	143760000	145590000	-
7	0.01	FALSE	184	64	X	142150000	143760000	-
7	0.01	FALSE	185	63	X	141150000	142150000	-
7	0.01	FALSE	186	62	X	141090000	141150000	-
7	0.01	FALSE	187	54	X	129200000	129240000	-
7	0.01	FALSE	188	53	X	125280000	129200000	-
7	0.01	FALSE	189	52	X	123300000	125280000	-
7	0.01	FALSE	190	51	X	123200000	123300000	-
7	0.01	FALSE	191	50	X	122700000	123200000	-
7	0.01	FALSE	192	49	X	121870000	122700000	-
7	0.01	FALSE	193	48	X	121850000	121870000	-
7	0.01	FALSE	194	47	X	118270000	121850000	-
7	0.01	FALSE	195	65	X	143760000	145590000	-
7	0.01	FALSE	196	64	X	142150000	143760000	-
7	0.01	FALSE	197	63	X	141150000	142150000	-
7	0.01	FALSE	198	62	X	141090000	141150000	-
7	0.01	FALSE	199	54	X	129200000	129240000	-
7	0.01	FALSE	200	53	X	125280000	129200000	-
7	0.01	FALSE	201	52	X	123300000	125280000	-
7	0.01	FALSE	202	51	X	123200000	123300000	-
7	0.01	FALSE	203	50	X	122700000	123200000	-
7	0.01	FALSE	204	49	X	121870000	122700000	-
7	0.01	FALSE	205	48	X	121850000	121870000	-
7	0.01	FALSE	206	47	X	118270000	121850000	-
7	0.01	FALSE	207	65	X	143760000	145590000	-
7	0.01	FALSE	208	64	X	142150000	143760000	-
7	0.01	FALSE	209	63	X	141150000	142150000	-
7	0.01	FALSE	210	62	X	141090000	141150000	-
7	0.01	FALSE	211	54	X	129200000	129240000	-
7	0.01	FALSE	212	53	X	125280000	129200000	-
7	0.01	FALSE	213	52	X	123300000	125280000	-
7	0.01	FALSE	214	51	X	123200000	123300000	-
7	0.01	FALSE	215	50	X	122700000	123200000	-
7	0.01	FALSE	216	49	X	121870000	122700000	-
7	0.01	FALSE	217	48	X	121850000	121870000	-
7	0.01	FALSE	218	47	X	118270000	121850000	-
7	0.01	FALSE	219	65	X	143760000	145590000	-
7	0.01	FALSE	220	64	X	142150000	143760000	-
7	0.01	FALSE	221	63	X	141150000	142150000	-
7	0.01	FALSE	222	62	X	141090000	141150000	-
7	0.01	FALSE	223	54	X	129200000	129240000	-
7	0.01	FALSE	224	53	X	125280000	129200000	-
7	0.01	FALSE	225	52	X	123300000	125280000	-
7	0.01	FALSE	226	51	X	123200000	123300000	-
7	0.01	FALSE	227	50	X	122700000	123200000	-
7	0.01	FALSE	228	49	X	121870000	122700000	-
7	0.01	FALSE	229	48	X	121850000	121870000	-
7	0.01	FALSE	230	47	X	118270000	121850000	-
7	0.01	FALSE	231	65	X	143760000	145590000	-
7	0.01	FALSE	232	64	X	142150000	143760000	-
7	0.01	FALSE	233	63	X	141150000	142150000	-
7	0.01	FALSE	234	62	X	141090000	141150000	-
7	0.01	FALSE	235	54	X	129200000	129240000	-
7	0.01	FALSE	236	53	X	125280000	129200000	-
7	0.01	FALSE	237	52	X	123300000	125280000	-
7	0.01	FALSE	238	51	X	123200000	123300000	-
7	0.01	FALSE	239	50	X	122700000	123200000	-
7	0.01	FALSE	240	49	X	121870000	122700000	-
7	0.01	FALSE	241	48	X	121850000	121870000	-
7	0.01	FALSE	242	47	X	118270000	121850000	-
7	0.01	FALSE	243	65	X	143760000	145590000	-
7	0.01	FALSE	244	64	X	142150000	143760000	-
7	0.01	FALSE	245	63	X	141150000	142150000	-
7	0.01	FALSE	246	62	X	141090000	141150000	-
7	0.01	FALSE	247	54	X	129200000	129240000	-
7	0.01	FALSE	248	53	X	125280000	129200000	-
7	0.01	FALSE	249	52	X	123300000	125280000	-
7	0.01	FALSE	250	51	X	123200000	123300000	-
7	0.01	FALSE	251	50	X	122700000	123200000	-
7	0.01	FALSE	252	49	X	121870000	122700000	-
7	0.01	FALSE	253	48	X	121850000	121870000	-
7	0.01	FALSE	254	47	X	118270000	121850000	-
7	0.01	FALSE	255	65	X	143760000	145590000	-
7	0.01	FALSE	256	64	X	142150000	143760000	-
7	0.01	FALSE	257	63	X	141150000	142150000	-
7	0.01	FALSE	258	62	X	141090000	141150000	-
7	0.01	FALSE	259	54	X	129200000	129240000	-
7	0.01	FALSE	260	53	X	125280000	129200000	-
7	0.01	FALSE	261	52	X	123300000	125280000	-
7	0.01	FALSE	262	51	X	123200000	123300000	-
7	0.01	FALSE	263	50	X	122700000	123200000	-
7	0.01	FALSE	264	49	X	121870000	122700000	-
7	0.01	FALSE	265	48	X	121850000	121870000	-
7	0.01	FALSE	266	47	X	118270000	121850000	-
7	0.01	FALSE	267	65	X	143760000	145590000	-
7	0.01	FALSE	268	64	X	142150000	143760000	-
7	0.01	FALSE	269	63	X	141150000	142150000	-
7	0.01	FALSE	270	62	X	141090000	141150000	-
7	0.01	FALSE	271	54	X	129200000	129240000	-
7	0.01	FALSE	272	53	X	125280000	129200000	-
7	0.01	FALSE	273	52	X	123300000	125280000	-
7	0.01	FALSE	274	51	X	123200000	123300000	-
7	0.01	FALSE	275	50	X	122700000	123200000	-
7	0.01	FALSE	276	49	X	121870000	122700000	-
7	0.01	FALSE	277	48	X	121850000	121870000	-
7	0.01	FALSE	278	47	X	118270000	121850000	-
7	0.01	FALSE	279	65	X	143760000	145590000	-
7	0.01	FALSE	280	64	X	142150000	143760000	-
7	0.01	FALSE	281	63	X	141150000	142150000	-
7	0.01	FALSE	282	62	X	141090000	141150000	-
7	0.01	FALSE	283	54	X	129200000	129240000	-
7	0.01	FALSE	284	53	X	125280000	129200000	-
7	0.01	FALSE	285	52	X	123300000	125280000	-
7	0.01	FALSE	286	51	X	123200000	123300000	-
7	0.01	FALSE	287	50	X	122700000	123200000	-
7	0.01	FALSE	288	49	X	121870000	122700000	-
7	0.01	FALSE	289	48	X	121850000	121870000	-
7	0.01	FALSE	290	47	X	118270000	121850000	-
7	0.01	FALSE	291	65	X	143760000	145590000	-
7	0.01	FALSE	292	64	X	142150000	143760000	-
7	0.01	FALSE	293	63	X	141150000	142150000	-
7	0.01	FALSE	294	62	X	141090000	141150000	-
7	0.01	FALSE	295	54	X	129200000	129240000	-
7	0.01	FALSE	296	53	X	125280000	129200000	-
7	0.01	FALSE	297	52	X	123300000	125280000	-
7	0.01	FALSE	298	51	X	123200000	123300000	-
7	0.01	FALSE	299	50	X	122700000	123200000	-
7	0.01	FALSE	300	49	X	121870000	122700000	-
7	0.01	FALSE	301	48	X	121850000	121870000	-
7	0.01	FALSE	302	47	X	118270000	121850000	-
7	0.01	FALSE	303	65	X	143760000	145590000	-
7	0.01	FALSE	304	64	X	142150000	143760000	-
7	0.01	FALSE	305	63	X	141150000	142150000	-
7	0.01	FALSE	306	62	X	141090000	141150000	-
7	0.01	FALSE	307	54	X	129200000	129240000	-
7	0.01	FALSE	308	53	X	125280000	129200000	-
7	0.01	FALSE	309	52	X	123300000	125280000	-
7	0.01	FALSE	310	51	X	123200000	123300000	-
7	0.01	FALSE	311	50	X	122700000	123200000	-
7	0.01	FALSE	312	49	X	121870000	122700000	-
7	0.01	FALSE	313	48	X	121850000	121870000	-
7	0.01	FALSE	314	47	X	118270000	121850000	-
7	0.01	FALSE	315	65	X	143760000	145590000	-
7	0.01	FALSE	316	64	X	142150000	143760000	-
7	0.01	FALSE	317	63	X	141150000	142150000	-
7	0.01	FALSE	318	62	X	141090000	141150000	-
7	0.01	FALSE	319	54	X	129200000	129240000	-
7	0.01	FALSE	320	53	X	125280000	129200000	-
7	0.01	FALSE	321	52	X	123300000	125280000	-
7	0.01	FALSE	322	51	X	123200000	123300000	-
7	0.01	FALSE	323	50	X	122700000	123200000	-
7	0.01	FALSE	324	49	X	121870000	122700000	-
7	0.01	FALSE	325	48	X	121850000	121870000	-
7	0.01	FALSE	326	47	X	118270000	121850000	-
7	0.01	FALSE	327	65	X	143760000	145590000	-
7	0.01	FALSE	328	64	X	142150000	143760000	-
7	0.01	FALSE	329	63	X	141150000	142150000	-
7	0.01	FALSE	330	62	X	141090000	141150000	-
7	0.01	FALSE	331	54	X	129200000	129240000	-
7	0.01	FALSE	332	53	X	125280000	129200000	-
7	0.01	FALSE	333	52	X	123300000	125280000	-
7	0.01	FALSE	334	51	X	123200000	123300000	-
7	0.01	FALSE	335	50	X	122700000	123200000	-
7	0.01	FALSE	336	49	X	121870000	122700000	-
7	0.01	FALSE	337	48	X	121850000	121870000	-
7	0.01	FALSE	338	47	X	118270000	121850000	-
7	0.01	FALSE	339	65	X	143760000	145590000	-
7	0.01	FALSE	340	64	X	142150000	143760000	-
7	0.01	FALSE	341	63	X	141150000	142150000	-
7	0.01	FALSE	342	62	X	141090000	141150000	-
7	0.01	FALSE	343	54	X	129200000	129240000	-
7	0.01	FALSE	344	53	X	125280000	129200000	-
7	0.01	FALSE	345	52	X	123300000	125280000	-
7	0.01	FALSE	346	51	X	123200000	123300000	-
7	0.01	FALSE	347	50	X	122700000	123200000	-
7	0.01	FALSE	348	49	X	121870000	122700000	-
7	0.01	FALSE	349	48	X	121850000	121870000	-
7	0.01	FALSE	350	47	X	118270000	121850000	-
7	0.01	FALSE	351	65	X	143760000	145590000	-
7	0.01	FALSE	352	64	X	142150000	143760000	-
7	0.01	FALSE	353	63	X	141150000	142150000	-
7	0.01	FALSE	354	62	X	141090000	141150000	-
7	0.01	FALSE	355	54	X	129200000	129240000	-
7	0.01	FALSE	356	53	X	125280000	129200000	-
7	0.01	FALSE	357	52	X	123300000	125280000	-
7	0.01	FALSE	358	51	X	123200000	123300000	-
7	0.01	FALSE	359	50	X	122700000	123200000	-
7	0.01	FALSE	360	49	X	121870000	122700000	-
7	0.01	FALSE	361	48	X	121850000	121870000	-
7	0.01	FALSE	362	47	X	118270000	121850000	-
7	0.01	FALSE	363	65	X	143760000	145590000	-
7	0.01	FALSE	364	64	X	142150000	143760000	-
7	0.01	FALSE	365	63	X	141150000	142150000	-
7	0.01	FALSE	366	62	X	141090000	141150000	-
7	0.01	FALSE	367	54	X	129200000	129240000	-
7	0.01	FALSE	368	53	X	125280000	129200000	-
7	0.01	FALSE	369	52	X	123300000	125280000	-
7	0.01	FALSE	370	51	X	123200000	123300000	-
7	0.01	FALSE	371	50	X	122700000	123200000	-
7	0.01	FALSE	372	49	X	121870000	122700000	-
7	0.01	FALSE	373	48	X	121850000	121870000	-
7	0.01	FALSE	374	47	X	118270000	121850000	-
7	0.01	FALSE	375	65	X	143760000	145590000	-
7	0.01	FALSE	376	64	X	142150000	143760000	-
7	0.01	FALSE	377	63	X	141150000	142150000	-
7	0.01	FALSE	378	62	X	141090000	141150000	-
7	0.01	FALSE	379	54	X	129200000	129240000	-
7	0.01	FALSE	380	53	X	125280000	129200000	-
7	0.01	FALSE	381	52	X	123300000	125280000	-
7	0.01	FALSE	382	51	X	123200000	123300000	-
7	0.01	FALSE	383	50	X	122700000	123200000	-
7	0.01	FALSE	384	49	X	121870000	122700000	-
7	0.01	FALSE	385	48	X	121850000	121870000	-
7	0.01	FALSE	386	47	X	118270000	121850000	-
7	0.01	FALSE	387	65	X	143760000	145590000	-
7	0.01	FALSE	388	64	X	142150000	143760000	-
7	0.01	FALSE	389	63	X	141150000	142150000	-
7	0.01	FALSE	390	62	X	141090000	141150000	-
7	0.01	FALSE	391	54	X	129200000	129240000	-
7	0.01	FALSE	392	53	X	125280000	129200000	-
7	0.01	FALSE	393	52	X	123300000	125280000	-
7	0.01	FALSE	394	51	X	123200000	123300000	-
7	0.01	FALSE	395	50	X	122700000	123200000	-
7	0.01	FALSE	396	49	X	121870000	122700000	-
7	0.01	FALSE	397	48	X	121850000	121870000	-
7	0.01	FALSE	398	47	X	118270000	121850000	-
7	0.01	FALSE	399	65	X	143760000	145590000	-
7	0.01	FALSE	400	64	X	142150000	143760000	-
7	0.01	FALSE	401	63	X	141150000	142150000	-
7	0.01	FALSE	402	62	X	141090000	141150000	-
7	0.01	FALSE	403	54	X	129200000	129240000	-
7	0.01	FALSE	404	53	X	125280000	129200000	-
7	0.01	FALSE	405	52	X	123300000	125280000	-
7	0.01	FALSE	406	51	X	123200000	123300000	-
7	0.01	FALSE	407	50	X	122700000	123200000	-
7	0.01	FALSE	408	49	X	121870000	122700000	-
7	0.01	FALSE	409	48	X	121850000	121870000	-
7	0.01	FALSE	410	47	X	118270000	121850000	-
7	0.01	FALSE	411	65	X	143760000	145590000	-
7	0.01	FALSE	412	64	X	142150000	143760000	-
7	0.01	FALSE	413	63	X	141150000	142150000	-
7	0.01	FALSE	414	62	X	141090000	141150000	-
7	0.01	FALSE	415	54	X	129200000	129240000	-
7	0.01	FALSE	416	53	X	125280000	129200000	-
7	0.01	FALSE	417	52	X	123300000	125280000	-
7	0.01	FALSE	418	51	X	123200000	123300000	-
7	0.01	FALSE	419	50	X	122700000	123200000	-
7	0.01	FALSE	420	49	X	121870000	122700000	-
7	0.01	FALSE	421	48	X	121850000	121870000	-
7	0.01	FALSE	422	47	X	118270000	121850000	-
7	0.01	FALSE	423	65	X	143760000	145590000	-
7	0.01	FALSE	424	64	X	142150000	143760000	-
7	0.01	FALSE	425	63	X	141150000	142150000	-
7	0.01	FALSE	426	62	X	141090000	141150000	-
7	0.01	FALSE	427	54	X	129200000	129240000	-
7	0.01	FALSE	428	53	X	125280000	129200000	-
7	0.01	FALSE	429	52	X	123300000	125280000	-
7	0.01	FALSE	430	51	X	123200000	123300000	-
7	0.01	FALSE	431	50	X	122700000	123200000	-
7	0.01	FALSE	432	49	X	121870000	122700000	-
7	0.01	FALSE	433	48	X	121850000	121870000	-
7	0.01	FALSE	434	47	X	118270000	121850000	-
7	0.01	FALSE	435	65	X	143760000	145590000	-
7	0.01	FALSE	436	64	X	142150000	143760000	-
7	0.01	FALSE	437	63	X	141150000	142150000	-
7	0.01	FALSE	438	62	X	141090000	141150000	-
7	0.01	FALSE	439	54	X	129200000	129240000	-
7	0.01	FALSE	440	53	X	125280000	129200000	-
7	0.01	FALSE	441	52	X	123300000	125280000	-
7	0.01	FALSE	442	51	X	123200000	123300000	-
7	0.01	FALSE	443	50	X	122700000	123200000	-
7	0.01	FALSE	444	49	X	121870000	122700000	-
7	0.01	FALSE	445	48	X	121850000	121870000	-
7	0.01	FALSE	446	47	X	118270000	121850000	-
7	0.01	FALSE	447	65	X	143760000	145590000	-
7	0.01	FALSE	448	64	X	142150000	143760000	-
7	0.01	FALSE	449	63	X	141150000	142150000	-
7	0.01	FALSE	450	62	X	141090000	141150000	-
7	0.01	FALSE	451	54	X	129200000	129240000	-
7	0.01	FALSE	452	53	X	125280000	129200000	-
7	0.01	FALSE	453	52	X	123300000	125280000	-
7	0.01	FALSE	454	51	X	123200000	123300000	-
7	0.01	FALSE	455	50	X	122700000	123200000	-
7	0.01	FALSE	456	49	X	121870000	122700000	-
7	0.01	FALSE	457	48	X	121850000	121870000	-
7	0.01	FALSE	458	47	X	118270000	121850000	-
7	0.01	FALSE	459	65	X	143760000	145590000	-
7	0.01	FALSE	460	64	X	142150000	143760000	-
7	0.01	FALSE	461	63	X	141150000	142150000	-
7	0.01	FALSE	462	62	X	141090000	141150000	-
7	0.01	FALSE	463	61	X	140300000	141090000	-
7	0.01	FALSE	464	60	X	136300000	140300000	-
7	0.01	FALSE	465	59	X	131100000	136300000	-
7	0.01	FALSE	466	58	X	130950000	131100000	-
7	0.01	FALSE	467	57	X	130500000	130950000	-
7	0.01	FALSE	468	56	X	130400000	130500000	-
7	0.01	FALSE	469	55	X	129240000	130400000	-
7	0.01	FALSE	470	54	X	129200000	129240000	-
7	0.01	FALSE	471	53	X	125280000	129200000	-
7	0.01	FALSE	472	52	X	123300000	125280000	-
7	0.01	FALSE	473	51	X	123200000	123300000	-
7	0.01	FALSE	474	50	X	122700000	123200000	-
7	0.01	FALSE	475	49	X	121870000	122700000	-
7	0.01	FALSE	476	48	X	121850000	121870000	-
7	0.01	FALSE	477	47	X	118270000	121850000	-
7	0.01	FALSE	478	65	X	143760000	145590000	-
7	0.01	FALSE	479	64	X	142150000	143760000	-
7	0.01	FALSE	480	63	X	141150000	142150000	-
7	0.01	FALSE	481	62	X	141090000	141150000	-
7	0.01	FALSE	482	61	X	140300000	141090000	-
7	0.01	FALSE	483	60	X	136300000	140300000	-
7	0.01	FALSE	484	59	X	131100000	136300000	-
7	0.01	FALSE	485	58	X	130950000	131100000	-
7	0.01	FALSE	486	57	X	130500000	130950000	-
7	0.01	FALSE	487	56	X	130400000	130500000	-
7	0.01	FALSE	488	55	X	129240000	130400000	-
7	0.01	FALSE	489	54	X	129200000	129240000	-
7	0.01	FALSE	490	53	X	125280000	129200000	-
7	0.01	FALSE	491	52	X	123300000	125280000	-
7	0.01	FALSE	492	51	X	123200000	123300000	-
7	0.01	FALSE	493	50	X	122700000	123200000	-
7	0.01	FALSE	494	49	X	121870000	122700000	-
7	0.01	FALSE	495	48	X	121850000	121870000	-
7	0.01	FALSE	496	47	X	118270000	121850000	-
7	0.01	FALSE	497	65	X	143760000	145590000	-
7	0.01	FALSE	498	64	X	142150000	143760000	-
7	0.01	FALSE	499	63	X	141150000	142150000	-
7	0.01	FALSE	500	62	X	141090000	141150000	-
7	0.01	FALSE	501	61	X	140300000	141090000	-
7	0.01	FALSE	502	60	X	136300000	140300000	-
7	0.01	FALSE	503	59	X	131100000	136300000	-
7	0.01	FALSE	504	58	X	130950000	131100000	-
7	0.01	FALSE	505	57	X	130500000	130950000	-
7	0.01	FALSE	506	56	X	130400000	130500000	-
7	0.01	FALSE	507	55	X	129240000	130400000	-
7	0.01	FALSE	508	54	X	129200000	129240000	-
7	0.01	FALSE	509	53	X	125280000	129200000	-
7	0.01	FALSE	510	52	X	123300000	125280000	-
7	0.01	FALSE	511	51	X	123200000	123300000	-
7	0.01	FALSE	512	50	X	122700000	123200000	-
7	0.01	FALSE	513	49	X	121870000	122700000	-
7	0.01	FALSE	514	48	X	121850000	121870000	-
7	0.01	FALSE	515	47	X	118270000	121850000	-
7	0.01	FALSE	516	65	X	143760000	145590000	-
7	0.01	FALSE	517	64	X	142150000	143760000	-
7	0.01	FALSE	518	63	X	141150000	142150000	-
7	0.01	FALSE	519	62	X	141090000	141150000	-
7	0.01	FALSE	520	61	X	140300000	141090000	-
7	0.01	FALSE	521	60	X	136300000	140300000	-
7	0.01	FALSE	522	59	X	131100000	136300000	-
7	0.01	FALSE	523	58	X	130950000	131100000	-
7	0.01	FALSE	524	57	X	130500000	130950000	-
7	0.01	FALSE	525	56	X	130400000	130500000	-
7	0.01	FALSE	526	55	X	129240000	130400000	-
7	0.01	FALSE	527	54	X	129200000	129240000	-
7	0.01	FALSE	528	53	X	125280000	129200000	-
7	0.01	FALSE	529	52	X	123300000	125280000	-
7	0.01	FALSE	530	51	X	123200000	123300000	-
7	0.01	FALSE	531	50	X	122700000	123200000	-
7	0.01	FALSE	532	49	X	121870000	122700000	-
7	0.01	FALSE	533	48	X	121850000	121870000	-
7	0.01	FALSE	534	47	X	118270000	121850000	-
7	0.01	FALSE	535	65	X	143760000	145590000	-
7	0.01	FALSE	536	64	X	142150000	143760000	-
7	0.01	FALSE	537	63	X	141150000	142150000	-
7	0.01	FALSE	538	62	X	141090000	141150000	-
7	0.01	FALSE	539	61	X	140300000	141090000	-
7	0.01	FALSE	540	60	X	136300000	140300000	-
7	0.01	FALSE	541	59	X	131100000	136300000	-
7	0.01	FALSE	542	58	X	130950000	131100000	-
7	0.01	FALSE	543	57	X	130500000	130950000	-
7	0.01	FALSE	544	56	X	130400000	130500000	-
7	0.01	FALSE	545	55	X	129240000	130400000	-
7	0.01	FALSE	546	54	X	129200000	129240000	-
7	0.01	FALSE	547	53	X	125280000	129200000	-
7	0.01	FALSE	548	52	X	123300000	125280000	-
7	0.01	FALSE	549	51	X	123200000	123300000	-
7	0.01	FALSE	550	50	X	122700000	123200000	-
7	0.01	FALSE	551	49	X	121870000	122700000	-
7	0.01	FALSE	552	48	X	121850000	121870000	-
7	0.01	FALSE	553	47	X	118270000	121850000	-
7	0.01	FALSE	554	65	X	143760000	145590000	-
7	0.01	FALSE	555	64	X	142150000	143760000	-
7	0.01	FALSE	556	63	X	141150000	142150000	-
7	0.01	FALSE	557	62	X	141090000	141150000	-
7	0.01	FALSE	558	61	X	140300000	141090000	-
7	0.01	FALSE	559	60	X	136300000	140300000	-
7	0.01	FALSE	560	59	X	131100000	136300000	-
7	0.01	FALSE	561	58	X	130950000	131100000	-
7	0.01	FALSE	562	57	X	130500000	130950000	-
7	0.01	FALSE	563	56	X	130400000	130500000	-
7	0.01	FALSE	564	55	X	129240000	130400000	-
7	0.01	FALSE	565	54	X	129200000	129240000	-
7	0.01	FALSE	566	53	X	125280000	129200000	-
7	0.01	FALSE	567	52	X	123300000	125280000	-
7	0.01	FALSE	568	51	X	123200000	123300000	-
7	0.01	FALSE	569	50	X	122700000	123200000	-
7	0.01	FALSE	570	49	X	121870000	122700000	-
7	0.01	FALSE	571	48	X	121850000	121870000	-
7	0.01	FALSE	572	47	X	118270000	121850000	-
7	0.01	FALSE	573	65	X	143760000	145590000	-
7	0.01	FALSE	574	64	X	142150000	143760000	-
7	0.01	FALSE	575	63	X	141150000	142150000	-
7	0.01	FALSE	576	62	X	141090000	141150000	-
7	0.01	FALSE	577	61	X	140300000	141090000	-
7	0.01	FALSE	578	60	X	136300000	140300000	-
7	0.01	FALSE	579	59	X	131100000	136300000	-
7	0.01	FALSE	580	58	X	130950000	131100000	-
7	0.01	FALSE	581	57	X	130500000	130950000	-
7	0.01	FALSE	582	56	X	130400000	130500000	-
7	0.01	FALSE	583	55	X	129240000	130400000	-
7	0.01	FALSE	584	54	X	129200000	129240000	-
7	0.01	FALSE	585	53	X	125280000	129200000	-
7	0.01	FALSE	586	52	X	123300000	125280000	-
7	0.01	FALSE	587	51	X	123200000	123300000	-
7	0.01	FALSE	588	50	X	122700000	123200000	-
7	0.01	FALSE	589	49	X	121870000	122700000	-
7	0.01	FALSE	590	48	X	121850000	121870000	-
7	0.01	FALSE	591	47	X	118270000	121850000	-
7	0.01	FALSE	592	65	X	143760000	145590000	-
7	0.01	FALSE	593	64	X	142150000	143760000	-
7	0.01	FALSE	594	63	X	141150000	142150000	-
7	0.01	FALSE	595	62	X	141090000	141150000	-
7	0.01	FALSE	596	61	X	140300000	141090000	-
7	0.01	FALSE	597	60	X	136300000	140300000	-
7	0.01	FALSE	598	59	X	131100000	136300000	-
7	0.01	FALSE	599	58	X	130950000	131100000	-
7	0.01	FALSE	600	57	X	130500000	130950000	-
7	0.01	FALSE	601	56	X	130400000	130500000	-
7	0.01	FALSE	602	55	X	129240000	130400000	-
7	0.01	FALSE	603	54	X	129200000	129240000	-
7	0.01	FALSE	604	53	X	125280000	129200000	-
7	0.01	FALSE	605	52	X	123300000	125280000	-
7	0.01	FALSE	606	51	X	123200000	123300000	-
7	0.01	FALSE	607	50	X	122700000	123200000	-
7	0.01	FALSE	608	49	X	121870000	122700000	-
7	0.01	FALSE	609	48	X	121850000	121870000	-
7	0.01	FALSE	610	47	X	118270000	121850000	-
7	0.01	FALSE	611	65	X	143760000	145590000	-
7	0.01	FALSE	612	64	X	142150000	143760000	-
7	0.01	FALSE	613	63	X	141150000	142150000	-
7	0.01	FALSE	614	62	X	141090000	141150000	-
7	0.01	FALSE	615	61	X	140300000	141090000	-
7	0.01	FALSE	616	60	X	136300000	140300000	-
7	0.01	FALSE	617	59	X	131100000	136300000	-
7	0.01	FALSE	618	58	X	130950000	131100000	-
7	0.01	FALSE	619	57	X	130500000	130950000	-
7	0.01	FALSE	620	56	X	130400000	130500000	-
7	0.01	FALSE	621	55	X	129240000	130400000	-
7	0.01	FALSE	622	54	X	129200000	129240000	-
7	0.01	FALSE	623	53	X	125280000	129200000	-
7	0.01	FALSE	624	52	X	123300000	125280000	-
7	0.01	FALSE	625	51	X	123200000	123300000	-
7	0.01	FALSE	626	50	X	122700000	123200000	-
7	0.01	FALSE	627	49	X	121870000	122700000	-
7	0.01	FALSE	628	48	X	121850000	121870000	-
7	0.01	FALSE	629	47	X	118270000	121850000	-
7	0.01	FALSE	630	65	X	143760000	145590000	-
7	0.01	FALSE	631	64	X	142150000	143760000	-
7	0.01	FALSE	632	63	X	141150000	142150000	-
7	0.01	FALSE	633	62	X	141090000	141150000	-
7	0.01	FALSE	634	61	X	140300000	141090000	-
7	0.01	FALSE	635	60	X	136300000	140300000	-
7	0.01	FALSE	636	59	X	131100000	136300000	-
7	0.01	FALSE	637	58	X	130950000	131100000	-
7	0.01	FALSE	638	57	X	130500000	130950000	-
7	0.01	FALSE	639	56	X	130400000	130500000	-
7	0.01	FALSE	640	55	X	129240000	130400000	-
7	0.01	FALSE	641	54	X	129200000	129240000	-
7	0.01	FALSE	642	53	X	125280000	129200000	-
7	0.01	FALSE	643	52	X	123300000	125280000	-
7	0.01	FALSE	644	51	X	123200000	123300000	-
7	0.01	FALSE	645	50	X	122700000	123200000	-
7	0.01	FALSE	646	49	X	121870000	122700000	-
7	0.01	FALSE	647	48	X	121850000	121870000	-
7	0.01	FALSE	648	47	X	118270000	121850000	-
7	0.01	FALSE	649	65	X	143760000	145590000	-
7	0.01	FALSE	650	64	X	142150000	143760000	-
7	0.01	FALSE	651	63	X	141150000	142150000	-
7	0.01	FALSE	652	62	X	141090000	141150000	-
7	0.01	FALSE	653	61	X	140300000	141090000	-
7	0.01	FALSE	654	60	X	136300000	140300000	-
7	0.01	FALSE	655	59	X	131100000	136300000	-
7	0.01	FALSE	656	58	X	130950000	131100000	-
7	0.01	FALSE	657	57	X	130500000	130950000	-
7	0.01	FALSE	658	56	X	130400000	130500000	-
7	0.01	FALSE	659	55	X	129240000	130400000	-
7	0.01	FALSE	660	54	X	129200000	129240000	-
7	0.01	FALSE	661	53	X	125280000	129200000	-
7	0.01	FALSE	662	52	X	123300000	125280000	-
7	0.01	FALSE	663	51	X	123200000	123300000	-
7	0.01	FALSE	664	50	X	122700000	123200000	-
7	0.01	FALSE	665	49	X	121870000	122700000	-
7	0.01	FALSE	666	48	X	121850000	121870000	-
7	0.01	FALSE	667	47	X	118270000	121850000	-
7	0.01	FALSE	668	65	X	143760000	145590000	-
7	0.01	FALSE	669	64	X	142150000	143760000	-
7	0.01	FALSE	670	63	X	141150000	142150000	-
7	0.01	FALSE	671	62	X	141090000	141150000	-
7	0.01	FALSE	672	61	X	140300000	141090000	-
7	0.01	FALSE	673	60	X	136300000	140300000	-
7	0.01	FALSE	674	59	X	131100000	136300000	-
7	0.01	FALSE	675	58	X	130950000	131100000	-
7	0.01	FALSE	676	57	X	130500000	130950000	-
7	0.01	FALSE	677	56	X	130400000	130500000	-
7	0.01	FALSE	678	55	X	129240000	130400000	-
7	0.01	FALSE	679	54	X	129200000	129240000	-
7	0.01	FALSE	680	53	X	125280000	129200000	-
7	0.01	FALSE	681	52	X	123300000	125280000	-
7	0.01	FALSE	682	51	X	123200000	123300000	-
7	0.01	FALSE	683	50	X	122700000	123200000	-
7	0.01	FALSE	684	49	X	121870000	122700000	-
7	0.01	FALSE	685	48	X	121850000	121870000	-
7	0.01	FALSE	686	47	X	118270000	121850000	-
7	0.01	FALSE	687	65	X	143760000	145590000	-
7	0.01	FALSE	688	64	X	142150000	143760000	-
7	0.01	FALSE	689	63	X	141150000	142150000	-
7	0.01	FALSE	690	62	X	141090000	141150000	-
7	0.01	FALSE	691	61	X	140300000	141090000	-
7	0.01	FALSE	692	60	X	136300000	140300000	-
7	0.01	FALSE	693	59	X	131100000	136300000	-
7	0.01	FALSE	694	58	X	130950000	131100000	-
7	0.01	FALSE	695	57	X	130500000	130950000	-
7	0.01	FALSE	696	56	X	130400000	130500000	-
7	0.01	FALSE	697	55	X	129240000	130400000	-
7	0.01	FALSE	698	54	X	129200000	129240000	-
7	0.01	FALSE	699	53	X	125280000	129200000	-
7	0.01	FALSE	700	52	X	123300000	125280000	-
7	0.01	FALSE	701	51	X	123200000	123300000	-
7	0.01	FALSE	702	50	X	122700000	123200000	-
7	0.01	FALSE	703	49	X	121870000	122700000	-
7	0.01	FALSE	704	48	X	121850000	121870000	-
7	0.01	FALSE	705	47	X	118270000	121850000	-
7	0.01	FALSE	706	65	X	143760000	145590000	-
7	0.01	FALSE	707	64	X	142150000	143760000	-
7	0.01	FALSE	708	63	X	141150000	142150000	-
7	0.01	FALSE	709	62	X	141090000	141150000	-
7	0.01	FALSE	710	61	X	140300000	141090000	-
7	0.01	FALSE	711	60	X	136300000	140300000	-
7	0.01	FALSE	712	59	X	131100000	136300000	-
7	0.01	FALSE	713	58	X	130950000	131100000	-
7	0.01	FALSE	714	57	X	130500000	130950000	-
7	0.01	FALSE	715	56	X	130400000	130500000	-
7	0.01	FALSE	716	55	X	129240000	130400000	-
7	0.01	FALSE	717	54	X	129200000	129240000	-
7	0.01	FALSE	718	53	X	125280000	129200000	-
7	0.01	FALSE	719	52	X	123300000	125280000	-
7	0.01	FALSE	720	51	X	123200000	123300000	-
7	0.01	FALSE	721	50	X	122700000	123200000	-
7	0.01	FALSE	722	49	X	121870000	122700000	-
7	0.01	FALSE	723	48	X	121850000	121870000	-
7	0.01	FALSE	724	47	X	118270000	121850000	-
7	0.01	FALSE	725	65	X	143760000	145590000	-
7	0.01	FALSE	726	64	X	142150000	143760000	-
7	0.01	FALSE	727	63	X	141150000	142150000	-
7	0.01	FALSE	728	62	X	141090000	141150000	-
7	0.01	FALSE	729	61	X	140300000	141090000	-
7	0.01	FALSE	730	60	X	136300000	140300000	-
7	0.01	FALSE	731	59	X	131100000	136300000	-
7	0.01	FALSE	732	58	X	130950000	131100000	-
7	0.01	FALSE	733	57	X	130500000	130950000	-
7	0.01	FALSE	734	56	X	130400000	130500000	-
7	0.01	FALSE	735	55	X	129240000	130400000	-
7	0.01	FALSE	736	54	X	129200000	129240000	-
7	0.01	FALSE	737	53	X	125280000	129200000	-
7	0.01	FALSE	738	52	X	123300000	125280000	-
7	0.01	FALSE	739	51	X	123200000	123300000	-
7	0.01	FALSE	740	50	X	122700000	123200000	-
7	0.01	FALSE	741	49	X	121870000	122700000	-
7	0.01	FALSE	742	48	X	121850000	121870000	-
7	0.01	FALSE	743	47	X	118270000	121850000	-
7	0.01	FALSE	744	65	X	143760000	145590000	-
7	0.01	FALSE	745	64	X	142150000	143760000	-
7	0.01	FALSE	746	63	X	141150000	142150000	-
7	0.01	FALSE	747	62	X	141090000	141150000	-
7	0.01	FALSE	748	61	X	140300000	141090000	-
7	0.01	FALSE	749	60	X	136300000	140300000	-
7	0.01	FALSE	750	59	X	131100000	136300000	-
7	0.01	FALSE	751	58	X	130950000	131100000	-
7	0.01	FALSE	752	57	X	130500000	130950000	-
7	0.01	FALSE	753	56	X	130400000	130500000	-
7	0.01	FALSE	754	55	X	129240000	130400000	-
7	0.01	FALSE	755	54	X	129200000	129240000	-
7	0.01	FALSE	756	53	X	125280000	129200000	-
7	0.01	FALSE	757	52	X	123300000	125280000	-
7	0.01	FALSE	758	51	X	123200000	123300000	-
7	0.01	FALSE	759	50	X	122700000	123200000	-
7	0.01	FALSE	760	49	X	121870000	122700000	-
7	0.01	FALSE	761	48	X	121850000	121870000	-
7	0.01	FALSE	762	47	X	118270000	121850000	-
7	0.01	FALSE	763	65	X	143760000	145590000	-
7	0.01	FALSE	764	64	X	142150000	143760000	-
7	0.01	FALSE	765	63	X	141150000	142150000	-
7	0.01	FALSE	766	62	X	141090000	141150000	-
7	0.01	FALSE	767	61	X	140300000	141090000	-
7	0.01	FALSE	768	60	X	136300000	140300000	-
7	0.01	FALSE	769	59	X	131100000	136300000	-
7	0.01	FALSE	770	58	X	130950000	131100000	-
7	0.01	FALSE	771	57	X	130500000	130950000	-
7	0.01	FALSE	772	56	X	130400000	130500000	-
7	0.01	FALSE	773	55	X	129240000	130400000	-
7	0.01	FALSE	774	54	X	129200000	129240000	-
7	0.01	FALSE	775	53	X	125280000	129200000	-
7	0.01	FALSE	776	52	X	123300000	125280000	-
7	0.01	FALSE	777	51	X	123200000	123300000	-
7	0.01	FALSE	778	50	X	122700000	123200000	-
7	0.01	FALSE	779	49	X	121870000	122700000	-
7	0.01	FALSE	780	48	X	121850000	121870000	-
7	0.01	FALSE	781	47	X	118270000	121850000	-
7	0.01	FALSE	782	65	X	143760000	145590000	-
7	0.01	FALSE	783	64	X	142150000	143760000	-
7	0.01	FALSE	784	63	X	141150000	142150000	-
7	0.01	FALSE	785	62	X	141090000	141150000	-
7	0.01	FALSE	786	61	X	140300000	141090000	-
7	0.01	FALSE	787	60	X	136300000	140300000	-
7	0.01	FALSE	788	59	X	131100000	136300000	-
7	0.01	FALSE	789	58	X	130950000	131100000	-
7	0.01	FALSE	790	57	X	130500000	130950000	-
7	0.01	FALSE	791	56	X	130400000	130500000	-
7	0.01	FALSE	792	55	X	129240000	130400000	-
7	0.01	FALSE	793	54	X	129200000	129240000	-
7	0.01	FALSE	794	53	X	125280000	129200000	-
7	0.01	FALSE	795	52	X	123300000	125280000	-
7	0.01	FALSE	796	51	X	123200000	123300000	-
7	0.01	FALSE	797	50	X	122700000	123200000	-
7	0.01	FALSE	798	49	X	121870000	122700000	-
7	0.01	FALSE	799	48	X	121850000	121870000	-
7	0.01	FALSE	800	47	X	118270000	121850000	-
7	0.01	FALSE	801	65	X	143760000	145590000	-
7	0.01	FALSE	802	64	X	142150000	143760000	-
7	0.01	FALSE	803	63	X	141150000	142150000	-
7	0.01	FALSE	804	62	X	141090000	141150000	-
7	0.01	FALSE	805	61	X	140300000	141090000	-
7	0.01	FALSE	806	60	X	136300000	140300000	-
7	0.01	FALSE	807	59	X	131100000	136300000	-
7	0.01	FALSE	808	58	X	130950000	131100000	-
7	0.01	FALSE	809	57	X	130500000	130950000	-
7	0.01	FALSE	810	56	X	130400000	130500000	-
7	0.01	FALSE	811	55	X	129240000	130400000	-
7	0.01	FALSE	812	54	X	129200000	129240000	-
7	0.01	FALSE	813	53	X	125280000	129200000	-
7	0.01	FALSE	814	52	X	123300000	125280000	-
7	0.01	FALSE	815	51	X	123200000	123300000	-
7	0.01	FALSE	816	50	X	122700000	123200000	-
7	0.01	FALSE	817	49	X	121870000	122700000	-
7	0.01	FALSE	818	48	X	121850000	121870000	-
7	0.01	FALSE	819	47	X	118270000	121850000	-
7	0.01	FALSE	820	65	X	143760000	145590000	-
7	0.01	FALSE	821	64	X	142150000	143760000	-
7	0.01	FALSE	822	63	X	141150000	142150000	-
7	0.01	FALSE	823	62	X	141090000	141150000	-
7	0.01	FALSE	824	61	X	140300000	141090000	-
7	0.01	FALSE	825	60	X	136300000	140300000	-
7	0.01	FALSE	826	59	X	131100000	136300000	-
7	0.01	FALSE	827	58	X	130950000	131100000	-
7	0.01	FALSE	828	57	X	130500000	130950000	-
7	0.01	FALSE	829	56	X	130400000	130500000	-
7	0.01	FALSE	830	55	X	129240000	130400000	-
7	0.01	FALSE	831	54	X	129200000	129240000	-
7	0.01	FALSE	832	53	X	125280000	129200000	-
7	0.01	FALSE	833	52	X	123300000	125280000	-
7	0.01	FALSE	834	51	X	123200000	123300000	-
7	0.01	FALSE	835	50	X	122700000	123200000	-
7	0.01	FALSE	836	49	X	121870000	122700000	-
7	0.01	FALSE	837	48	X	121850000	121870000	-
7	0.01	FALSE	838	47	X	118270000	121850000	-
7	0.01	FALSE	839	65	X	143760000	145590000	-
7	0.01	FALSE	840	64	X	142150000	143760000	-
7	0.01	FALSE	841	63	X	141150000	142150000	-
7	0.01	FALSE	842	62	X	141090000	141150000	-
7	0.01	FALSE	843	61	X	140300000	141090000	-
7	0.01	FALSE	844	60	X	136300000	140300000	-
7	0.01	FALSE	845	59	X	131100000	136300000	-
7	0.01	FALSE	846	58	X	130950000	131100000	-
7	0.01	FALSE	847	57	X	130500000	130950000	-
7	0.01	FALSE	848	56	X	130400000	130500000	-
7	0.01	FALSE	849	55	X	129240000	130400000	-
7	0.01	FALSE	850	54	X	129200000	129240000	-
7	0.01	FALSE	851	53	X	125280000	129200000	-
7	0.01	FALSE	852	52	X	123300000	125280000	-
7	0.01	FALSE	853	51	X	123200000	123300000	-
7	0.01	FALSE	854	50	X	122700000	123200000	-
7	0.01	FALSE	855	49	X	121870000	122700000	-
7	0.01	FALSE	856	48	X	121850000	121870000	-
7	0.01	FALSE	857	47	X	118270000	121850000	-
7	0.01	FALSE	858	65	X	143760000	145590000	-
7	0.01	FALSE	859	64	X	142150000	143760000	-
7	0.01	FALSE	860	63	X	141150000	142150000	-
7	0.01	FALSE	861	62	X	141090000	141150000	-
7	0.01	FALSE	862	61	X	140300000	141090000	-
7	0.01	FALSE	863	60	X	136300000	140300000	-
7	0.01	FALSE	864	59	X	131100000	136300000	-
7	0.01	FALSE	865	58	X	130950000	131100000	-
7	0.01	FALSE	866	57	X	130500000	130950000	-
7	0.01	FALSE	867	56	X	130400000	130500000	-
7	0.01	FALSE	868	55	X	129240000	130400000	-
7	0.01	FALSE	869	54	X	129200000	129240000	-
7	0.01	FALSE	870	53	X	125280000	129200000	-
7	0.01	FALSE	871	52	X	123300000	125280000	-
7	0.01	FALSE	872	51	X	123200000	123300000	-
7	0.01	FALSE	873	50	X	122700000	123200000	-
7	0.01	FALSE	874	49	X	121870000	122700000	-
7	0.01	FALSE	875	48	X	121850000	121870000	-
7	0.01	FALSE	876	47	X	118270000	121850000	-
7	0.01	FALSE	877	65	X	143760000	145590000	-
7	0.01	FALSE	878	64	X	142150000	143760000	-
7	0.01	FALSE	879	63	X	141150000	142150000	-
7	0.01	FALSE	880	62	X	141090000	141150000	-
7	0.01	FALSE	881	61	X	140300000	141090000	-
7	0.01	FALSE	882	60	X	136300000	140300000	-
7	0.01	FALSE	883	59	X	131100000	136300000	-
7	0.01	FALSE	884	58	X	130950000	131100000	-
7	0.01	FALSE	885	57	X	130500000	130950000	-
7	0.01	FALSE	886	56	X	130400000	130500000	-
7	0.01	FALSE	887	55	X	129240000	130400000	-
7	0.01	FALSE	888	54	X	129200000	129240000	-
7	0.01	FALSE	889	53	X	125280000	129200000	-
7	0.01	FALSE	890	52	X	123300000	125280000	-
7	0.01	FALSE	891	51	X	123200000	123300000	-
7	0.01	FALSE	892	50	X	122700000	123200000	-
7	0.01	FALSE	893	49	X	121870000	122700000	-
7	0.01	FALSE	894	48	X	121850000	121870000	-
7	0.01	FALSE	895	47	X	118270000	121850000	-
7	0.01	FALSE	896	65	X	143760000	145590000	-
7	0.01	FALSE	897	64	X	142150000	143760000	-
7	0.01	FALSE	898	63	X	141150000	142150000	-
7	0.01	FALSE	899	62	X	141090000	141150000	-
7	0.01	FALSE	900	61	X	140300000	141090000	-
7	0.01	FALSE	901	60	X	136300000	140300000	-
7	0.01	FALSE	902	59	X	131100000	136300000	-
7	0.01	FALSE	903	58	X	130950000	131100000	-
7	0.01	FALSE	904	57	X	130500000	130950000	-
7	0.01	FALSE	905	56	X	130400000	130500000	-
7	0.01	FALSE	906	55	X	129240000	130400000	-
7	0.01	FALSE	907	54	X	129200000	129240000	-
7	0.01	FALSE	908	53	X	125280000	129200000	-
7	0.01	FALSE	909	52	X	123300000	125280000	-
7	0.01	FALSE	910	51	X	123200000	123300000	-
7	0.01	FALSE	911	50	X	122700000	123200000	-
7	0.01	FALSE	912	49	X	121870000	122700000	-
7	0.01	FALSE	913	48	X	121850000	121870000	-
7	0.01	FALSE	914	47	X	118270000	121850000	-
7	0.01	FALSE	915	65	X	143760000	145590000	-
7	0.01	FALSE	916	64	X	142150000	143760000	-
7	0.01	FALSE	917	63	X	141150000	142150000	-
7	0.01	FALSE	918	62	X	141090000	141150000	-
7	0.01	FALSE	919	61	X	140300000	141090000	-
7	0.01	FALSE	920	60	X	136300000	140300000	-
7	0.01	FALSE	921	59	X	131100000	136300000	-
7	0.01	FALSE	922	58	X	130950000	131100000	-
7	0.01	FALSE	923	57	X	130500000	130950000	-
7	0.01	FALSE	924	56	X	130400000	130500000	-
7	0.01	FALSE	925	55	X	129240000	130400000	-
7	0.01	FALSE	926	54	X	129200000	129240000	-
7	0.01	FALSE	927	53	X	125280000	129200000	-
7	0.01	FALSE	928	52	X	123300000	125280000	-
7	0.01	FALSE	929	51	X	123200000	123300000	-
7	0.01	FALSE	930	50	X	122700000	123200000	-
7	0.01	FALSE	931	49	X	121870000	122700000	-
7	0.01	FALSE	932	48	X	121850000	121870000	-
7	0.01	FALSE	933	47	X	118270000	121850000	-
7	0.01	FALSE	934	65	X	143760000	145590000	-
7	0.01	FALSE	935	64	X	142150000	143760000	-
7	0.01	FALSE	936	63	X	141150000	142150000	-
7	0.01	FALSE	937	62	X	141090000	141150000	-
7	0.01	FALSE	938	61	X	140300000	141090000	-
7	0.01	FALSE	939	60	X	136300000	140300000	-
7	0.01	FALSE	940	59	X	131100000	136300000	-
7	0.01	FALSE	941	58	X	130950000	131100000	-
7	0.01	FALSE	942	57	X	130500000	130950000	-
7	0.01	FALSE	943	56	X	130400000	130500000	-
7	0.01	FALSE	944	55	X	129240000	130400000	-
7	0.01	FALSE	945	54	X	129200000	129240000	-
7	0.01	FALSE	946	53	X	125280000	129200000	-
7	0.01	FALSE	947	52	X	123300000	125280000	-
7	0.01	FALSE	948	51	X	123200000	123300000	-
7	0.01	FALSE	949	50	X	122700000	123200000	-
7	0.01	FALSE	950	49	X	121870000	122700000	-
7	0.01	FALSE	951	48	X	121850000	121870000	-
7	0.01	FALSE	952	47	X	118270000	121850000	-
7	0.01	FALSE	953	65	X	143760000	145590000	-
7	0.01	FALSE	954	64	X	142150000	143760000	-
7	0.01	FALSE	955	63	X	141150000	142150000	-
7	0.01	FALSE	956	62	X	141090000	141150000	-
7	0.01	FALSE	957	61	X	140300000	141090000	-
7	0.01	FALSE	958	60	X	136300000	140300000	-
7	0.01	FALSE	959	59	X	131100000	136300000	-
7	0.01	FALSE	960	58	X	130950000	131100000	-
7	0.01	FALSE	961	57	X	130500000	130950000	-
7	0.01	FALSE	962	56	X	130400000	130500000	-
7	0.01	FALSE	963	55	X	129240000	130400000	-
7	0.01	FALSE	964	54	X	129200000	129240000	-
7	0.01	FALSE	965	53	X	125280000	129200000	-
7	0.01	FALSE	966	52	X	123300000	125280000	-
7	0.01	FALSE	967	51	X	123200000	123300000	-
7	0.01	FALSE	968	50	X	122700000	123200000	-
7	0.01	FALSE	969	49	X	121870000	122700000	-
7	0.01	FALSE	970	48	X	121850000	121870000	-
7	0.01	FALSE	971	47	X	118270000	121850000	-
7	0.01	FALSE	972	65	X	143760000	145590000	-
7	0.01	FALSE	973	64	X	142150000	143760000	-
7	0.01	FALSE	974	63	X	141150000	142150000	-
7	0.01	FALSE	975	62	X	141090000	141150000	-
7	0.01	FALSE	976	61	X	140300000	141090000	-
7	0.01	FALSE	977	60	X	136300000	140300000	-
7	0.01	FALSE	978	59	X	131100000	136300000	-
7	0.01	FALSE	979	58	X	130950000	131100000	-
7	0.01	FALSE	980	57	X	130500000	130950000	-
7	0.01	FALSE	981	56	X	130400000	130500000	-
7	0.01	FALSE	982	55	X	129240000	130400000	-
7	0.01	FALSE	983	54	X	129200000	129240000	-
7	0.01	FALSE	984	53	X	125280000	129200000	-
7	0.01	FALSE	985	52	X	123300000	125280000	-
7	0.01	FALSE	986	51	X	123200000	123300000	-
7	0.01	FALSE	987	50	X	122700000	123200000	-
7	0.01	FALSE	988	49	X	121870000	122700000	-
7	0.01	FALSE	989	48	X	121850000	121870000	-
7	0.01	FALSE	990	47	X	118270000	121850000	-
7	0.01	FALSE	991	65	X	143760000	145590000	-
7	0.01	FALSE	992	64	X	142150000	143760000	-
7	0.01	FALSE	993	63	X	141150000	142150000	-
7	0.01	FALSE	994	62	X	141090000	141150000	-
7	0.01	FALSE	995	61	X	140300000	141090000	-
7	0.01	FALSE	996	60	X	136300000	140300000	-
7	0.01	FALSE	997	59	X	131100000	136300000	-
7	0.01	FALSE	998	58	X	130950000	131100000	-
7	0.01	FALSE	999	57	X	130500000	130950000	-
7	0.01	FALSE	1000	56	X	130400000	130500000	-
7	0.01	FALSE	1001	55	X	129240000	130400000	-
7	0.01	FALSE	1002	54	X	129200000	129240000	-
7	0.01	FALSE	1003	53	X	125280000	129200000	-
7	0.01	FALSE	1004	52	X	123300000	125280000	-
7	0.01	FALSE	1005	51	X	123200000	123300000	-
7	0.01	FALSE	1006	50	X	122700000	123200000	-
7	0.01	FALSE	1007	49	X	121870000	122700000	-
7	0.01	FALSE	1008	48	X	121850000	121870000	-
7	0.01	FALSE	1009	47	X	118270000	121850000	-
7	0.01	FALSE	1010	65	X	143760000	145590000	-
7	0.01	FALSE	1011	64	X	142150000	143760000	-
7	0.01	FALSE	1012	63	X	141150000	142150000	-
7	0.01	FALSE	1013	62	X	141090000	141150000	-
7	0.01	FALSE	1014	61	X	140300000	141090000	-
7	0.01	FALSE	1015	60	X	136300000	140300000	-
7	0.01	FALSE	1016	59	X	131100000	136300000	-
7	0.01	FALSE	1017	58	X	130950000	131100000	-
7	0.01	FALSE	1018	57	X	130500000	130950000	-
7	0.01	FALSE	1019	56	X	130400000	130500000	-
7	0.01	FALSE	1020	55	X	129240000	130400000	-
7	0.01	FALSE	1021	54	X	129200000	129240000	-
7	0.01	FALSE	1022	53	X	125280000	129200000	-
7	0.01	FALSE	1023	52	X	123300000	125280000	-
7	0.01	FALSE	1024	51	X	123200000	123300000	-
7	0.01	FALSE	1025	50	X	122700000	123200000	-
7	0.01	FALSE	1026	49	X	121870000	122700000	-
7	0.01	FALSE	1027	48	X	121850000	121870000	-
7	0.01	FALSE	1028	47	X	118270000	121850000	-
7	0.01	FALSE	1029	65	X	143760000	145590000	-
7	0.01	FALSE	1030	64	X	142150000	143760000	-
7	0.01	FALSE	1031	63	X	141150000	142150000	-
7	0.01	FALSE	1032	62	X	141090000	141150000	-
7	0.01	FALSE	1033	61	X	140300000	141090000	-
7	0.01	FALSE	1034	60	X	136300000	140300000	-
7	0.01	FALSE	1035	59	X	131100000	136300000	-
7	0.01	FALSE	1036	58	X	130950000	131100000	-
7	0.01	FALSE	1037	57	X	130500000	130950000	-
7	0.01	FALSE	1038	56	X	130400000	130500000	-
7	0.01	FALSE	1039	55	X	129240000	130400000	-
7	0.01	FALSE	1040	54	X	129200000	129240000	-
7	0.01	FALSE	1041	53	X	125280000	129200000	-
7	0.01	FALSE	1042	52	X	123300000	125280000	-
7	0.01	FALSE	1043	51	X	123200000	123300000	-
7	0.01	FALSE	1044	50	X	122700000	123200000	-
7	0.01	FALSE	1045	49	X	121870000	122700000	-
7	0.01	FALSE	1046	48	X	121850000	121870000	-
7	0.01	FALSE	1047	47	X	118270000	121850000	-
7	0.01	FALSE	1048	65	X	143760000	145590000	-
7	0.01	FALSE	1049	64	X	142150000	143760000	-
7	0.01	FALSE	1050	63	X	141150000	142150000	-
7	0.01	FALSE	1051	62	X	141090000	141150000	-
7	0.01	FALSE	1052	61	X	140300000	141090000	-
7	0.01	FALSE	1053	60	X	136300000	140300000	-
7	0.01	FALSE	1054	59	X	131100000	136300000	-
7	0.01	FALSE	1055	58	X	130950000	131100000	-
7	0.01	FALSE	1056	57	X	130500000	130950000	-
7	0.01	FALSE	1057	56	X	130400000	130500000	-
7	0.01	FALSE	1058	55	X	129240000	130400000	-
7	0.01	FALSE	1059	54	X	129200000	129240000	-
7	0.01	FALSE	1060	53	X	125280000	129200000	-
7	0.01	FALSE	1061	52	X	123300000	125280000	-
7	0.01	FALSE	1062	51	X	123200000	123300000	-
7	0.01	FALSE	1063	50	X	122700000	123200000	-
7	0.01	FALSE	1064	49	X	121870000	122700000	-
7	0.01	FALSE	1065	48	X	121850000	121870000	-
7	0.01	FALSE	1066	47	X	118270000	121850000	-
7	0.01	FALSE	1067	65	X	143760000	145590000	-
7	0.01	FALSE	1068	64	X	142150000	143760000	-
7	0.01	FALSE	1069	63	X	141150000	142150000	-
7	0.01	FALSE	1070	62	X	141090000	141150000	-
7	0.01	FALSE	1071	61	X	140300000	141090000	-
7	0.01	FALSE	1072	60	X	136300000	140300000	-
7	0.01	FALSE	1073	59	X	131100000	136300000	-
7	0.01	FALSE	1074	58	X	130950000	131100000	-
7	0.01	FALSE	1075	57	X	130500000	130950000	-
7	0.01	FALSE	1076	56	X	130400000	130500000	-
7	0.01	FALSE	1077	55	X	129240000	130400000	-
7	0.01	FALSE	1078	54	X	129200000	129240000	-
7	0.01	FALSE	1079	53	X	125280000	129200000	-
7	0.01	FALSE	1080	52	X	123300000	125280000	-
7	0.01	FALSE	1081	51	X	123200000	123300000	-
7	0.01	FALSE	1082	50	X	122700000	123200000	-
7	0.01	FALSE	1083	49	X	121870000	122700000	-
7	0.01	FALSE	1084	48	X	121850000	121870000	-
7	0.01	FALSE	1085	47	X	118270000	121850000	-
7	0.01	FALSE	1086	65	X	143760000	145590000	-
7	0.01	FALSE	1087	64	X	142150000	143760000	-
7	0.01	FALSE	1088	63	X	141150000	142150000	-
7	0.01	FALSE	1089	62	X	141090000	141150000	-
7	0.01	FALSE	1090	61	X	140300000	141090000	-
7	0.01	FALSE	1091	60	X	136300000	140300000	-
7	0.01	FALSE	1092	59	X	131100000	136300000	-
7	0.01	FALSE	1093	58	X	130950000	131100000	-
7	0.01	FALSE	1094	57	X	130500000	130950000	-
7	0.01	FALSE	1095	56	X	130400000	130500000	-
7	0.01	FALSE	1096	55	X	129240000	130400000	-
7	0.01	FALSE	1097	54	X	129200000	129240000	-
7	0.01	FALSE	1098	53	X	125280000	129200000	-
7	0.01	FALSE	1099	52	X	123300000	125280000	-
7	0.01	FALSE	1100	51	X	123200000	123300000	-
7	0.01	FALSE	1101	50	X	122700000	123200000	-
7	0.01	FALSE	1102	49	X	121870000	122700000	-
7	0.01	FALSE	1103	48	X	121850000	121870000	-
7	0.01	FALSE	1104	47	X	118270000	121850000	-
7	0.01	FALSE	1105	65	X	143760000	145590000	-
7	0.01	FALSE	1106	64	X	142150000	143760000	-
7	0.01	FALSE	1107	63	X	141150000	142150000	-
7	0.01	FALSE	1108	62	X	141090000	141150000	-
7	0.01	FALSE	1109	61	X	140300000	141090000	-
7	0.01	FALSE	1110	60	X	136300000	140300000	-
7	0.01	FALSE	1111	59	X	131100000	136300000	-
7	0.01	FALSE	1112	58	X	130950000	131100000	-
7	0.01	FALSE	1113	57	X	130500000	130950000	-
7	0.01	FALSE	1114	56	X	130400000	130500000	-
7	0.01	FALSE	1115	55	X	129240000	130400000	-
7	0.01	FALSE	1116	54	X	129200000	129240000	-
7	0.01	FALSE	1117	53	X	125280000	129200000	-
7	0.01	FALSE	1118	52	X	123300000	125280000	-
7	0.01	FALSE	1119	51	X	123200000	123300000	-
7	0.01	FALSE	1120	50	X	122700000	123200000	-
7	0.01	FALSE	1121	49	X	121870000	122700000	-
7	0.01	FALSE	1122	48	X	121850000	121870000	-
7	0.01	FALSE	1123	47	X	118270000	121850000	-
7	0.01	FALSE	1124	65	X	143760000	145590000	-
7	0.01	FALSE	1125	64	X	142150000	143760000	-
7	0.01	FALSE	1126	63	X	141150000	142150000	-
7	0.01	FALSE	1127	62	X	141090000	141150000	-
7	0.01	FALSE	1128	61	X	140300000	141090000	-
7	0.01	FALSE	1129	60	X	136300000	140300000	-
7	0.01	FALSE	1130	59	X	131100000	136300000	-
7	0.01	FALSE	1131	58	X	130950000	131100000	-
7	0.01	FALSE	1132	57	X	130500000	130950000	-
7	0.01	FALSE	1133	56	X	130400000	130500000	-
7	0.01	FALSE	1134	55	X	129240000	130400000	-
7	0.01	FALSE	1135	54	X	129200000	129240000	-
7	0.01	FALSE	1136	53	X	125280000	129200000	-
7	0.01	FALSE	1137	52	X	123300000	125280000	-
7	0.01	FALSE	1138	51	X	123200000	123300000	-
7	0.01	FALSE	1139	50	X	122700000	123200000	-
7	0.01	FALSE	1140	49	X	121870000	122700000	-
7	0.01	FALSE	1141	48	X	121850000	121870000	-
7	0.01	FALSE	1142	47	X	118270000	121850000	-
7	0.01	FALSE	1143	65	X	143760000	145590000	-
7	0.01	FALSE	1144	64	X	142150000	143760000	-
7	0.01	FALSE	1145	63	X	141150000	142150000	-
7	0.01	FALSE	1146	62	X	141090000	141150000	-
7	0.01	FALSE	1147	61	X	140300000	141090000	-
7	0.01	FALSE	1148	60	X	136300000	140300000	-
7	0.01	FALSE	1149	59	X	131100000	136300000	-
7	0.01	FALSE	1150	58	X	130950000	131100000	-
7	0.01	FALSE	1151	57	X	130500000	130950000	-
7	0.01	FALSE	1152	56	X	130400000	130500000	-
7	0.01	FALSE	1153	55	X	129240000	130400000	-
7	0.01	FALSE	1154	54	X	129200000	129240000	-
7	0.01	FALSE	1155	53	X	125280000	129200000	-
7	0.01	FALSE	1156	52	X	123300000	125280000	-
7	0.01	FALSE	1157	51	X	123200000	123300000	-
7	0.01	FALSE	1158	50	X	122700000	123200000	-
7	0.01	FALSE	1159	49	X	121870000	122700000	-
7	0.01	FALSE	1160	48	X	121850000	121870000	-
7	0.01	FALSE	1161	47	X	118270000	121850000	-
7	0.01	FALSE	1162	65	X	143760000	145590000	-
7	0.01	FALSE	1163	64	X	142150000	143760000	-
7	0.01	FALSE	1164	63	X	141150000	142150000	-
7	0.01	FALSE	1165	62	X	141090000	141150000	-
7	0.01	FALSE	1166	61	X	140300000	141090000	-
7	0.01	FALSE	1167	60	X	136300000	140300000	-
7	0.01	FALSE	1168	59	X	131100000	136300000	-
7	0.01	FALSE	1169	58	X	130950000	131100000	-
7	0.01	FALSE	1170	57	X	130500000	130950000	-
7	0.01	FALSE	1171	56	X	130400000	130500000	-
7	0.01	FALSE	1172	55	X	129240000	130400000	-
7	0.01	FALSE	1173	54	X	129200000	129240000	-
7	0.01	FALSE	1174	53	X	125280000	129200000	-
7	0.01	FALSE	1175	52	X	123300000	125280000	-
7	0.01	FALSE	1176	51	X	123200000	123300000	-
7	0.01	FALSE	1177	50	X	122700000	123200000	-
7	0.01	FALSE	1178	49	X	121870000	122700000	-
7	0.01	FALSE	1179	48	X	121850000	121870000	-
7	0.01	FALSE	1180	47	X	118270000	121850000	-
7	0.01	FALSE	1181	65	X	143760000	145590000	-
7	0.01	FALSE	1182	64	X	142150000	143760000	-
7	0.01	FALSE	1183	63	X	141150000	142150000	-
7	0.01	FALSE	1184	62	X	141090000	141150000	-
7	0.01	FALSE	1185	61	X	140300000	141090000	-
7	0.01	FALSE	1186	60	X	136300000	140300000	-
7	0.01	FALSE	1187	59	X	131100000	136300000	-
7	0.01	FALSE	1188	58	X	130950000	131100000	-
7	0.01	FALSE	1189	57	X	130500000	130950000	-
7	0.01	FALSE	1190	56	X	130400000	130500000	-
7	0.01	FALSE	1191	55	X	129240000	130400000	-
7	0.01	FALSE	1192	54	X	129200000	129240000	-
7	0.01	FALSE	1193	53	X	125280000	129200000	-
7	0.01	FALSE	1194	52	X	123300000	125280000	-
7	0.01	FALSE	1195	51	X	123200000	123300000	-
7	0.01	FALSE	1196	50	X	122700000	123200000	-
7	0.01	FALSE	1197	49	X	121870000	122700000	-
7	0.01	FALSE	1198	48	X	121850000	121870000	-
7	0.01	FALSE	1199	47	X	118270000	121850000	-
7	0.01	FALSE	1200	65	X	143760000	145590000	-
7	0.01	FALSE	1201	64	X	142150000	143760000	-
7	0.01	FALSE	1202	63	X	141150000	142150000	-
7	0.01	FALSE	1203	62	X	141090000	141150000	-
7	0.01	FALSE	1204	61	X	140300000	141090000	-
7	0.01	FALSE	1205	60	X	136300000	140300000	-
7	0.01	FALSE	1206	59	X	131100000	136300000	-
7	0.01	FALSE	1207	58	X	130950000	131100000	-
7	0.01	FALSE	1208	57	X	130500000	130950000	-
7	0.01	FALSE	1209	56	X	130400000	130500000	-
7	0.01	FALSE	1210	55	X	129240000	130400000	-
7	0.01	FALSE	1211	54	X	129200000	129240000	-
7	0.01	FALSE	1212	53	X	125280000	129200000	-
7	0.01	FALSE	1213	52	X	123300000	125280000	-
7	0.01	FALSE	1214	51	X	123200000	123300000	-
7	0.01	FALSE	1215	50	X	122700000	123200000	-
7	0.01	FALSE	1216	49	X	121870000	122700000	-
7	0.01	FALSE	1217	48	X	121850000	121870000	-
7	0.01	FALSE	1218	47	X	118270000	121850000	-
7	0.01	FALSE	1219	65	X	143760000	145590000	-
7	0.01	FALSE	1220	64	X	142150000	143760000	-
7	0.01	FALSE	1221	63	X	141150000	142150000	-
7	0.01	FALSE	1222	62	X	141090000	141150000	-
7	0.01	FALSE	1223	61	X	140300000	141090000	-
7	0.01	FALSE	1224	60	X	136300000	140300000	-
7	0.01	FALSE	1225	59	X	131100000	136300000	-
7	0.01	FALSE	1226	58	X	130950000	131100000	-
7	0.01	FALSE	1227	57	X	130500000	130950000	-
7	0.01	FALSE	1228	56	X	130400000	130500000	-
7	0.01	FALSE	1229	55	X	129240000	130400000	-
7	0.01	FALSE	1230	54	X	129200000	129240000	-
7	0.01	FALSE	1231	53	X	125280000	129200000	-
7	0.01	FALSE	1232	52	X	123300000	125280000	-
7	0.01	FALSE	1233	51	X	123200000	123300000	-
7	0.01	FALSE	1234	50	X	122700000	123200000	-
7	0.01	FALSE	1235	49	X	121870000	122700000	-
7	0.01	FALSE	1236	48	X	121850000	121870000	-
7	0.01	FALSE	1237	47	X	118270000	121850000	-
7	0.01	FALSE	1238	65	X	143760000	145590000	-
7	0.01	FALSE	1239	64	X	142150000	143760000	-
7	0.01	FALSE	1240	63	X	141150000	142150000	-
7	0.01	FALSE	1241	62	X	141090000	141150000	-
7	0.01	FALSE	1242	61	X	140300000	141090000	-
7	0.01	FALSE	1243	60	X	136300000	140300000	-
7	0.01	FALSE	1244	59	X	131100000	136300000	-
7	0.01	FALSE	1245	58	X	130950000	131100000	-
7	0.01	FALSE	1246	57	X	130500000	130950000	-
7	0.01	FALSE	1247	56	X	130400000	130500000	-
7	0.01	FALSE	1248	55	X	129240000	130400000	-
7	0.01	FALSE	1249	54	X	129200000	129240000	-
7	0.01	FALSE	1250	53	X	125280000	129200000	-
7	0.01	FALSE	1251	52	X	123300000	125280000	-
7	0.01	FALSE	1252	51	X	123200000	123300000	-
7	0.01	FALSE	1253	50	X	122700000	123200000	-
7	0.01	FALSE	1254	49	X	121870000	122700000	-
7	0.01	FALSE	1255	48	X	121850000	121870000	-
7	0.01	FALSE	1256	47	X	118270000	121850000	-
7	0.01	FALSE	1257	46	X	118200000	118270000	-
7	0.01	FALSE	1258	45	X	118180000	118200000	-
7	0.01	FALSE	1259	44	X	117450000	118180000	-
7	0.01	FALSE	1260	43	X	117140000	117450000	-
7	0.01	FALSE	1261	42	X	92350000	117140000	-
7	0.01	FALSE	1262	41	X	88450000	92350000	-
7	0.01	FALSE	1263	40	X	77800000	88450000	-
7	0.01	FALSE	1264	39	X	77775000	77800000	-
7	0.01	FALSE	1265	38	X	77350000	77775000	-
7	0.01	FALSE	1266	37	X	72250000	77350000	-
7	0.01	FALSE	1267	36	X	61700000	72250000	-
7	0.01	FALSE	1268	35	X	60900000	61700000	-
7	0.01	FALSE	1269	34	X	60100000	60900000	-
7	0.01	FALSE	1270	33	X	59300000	60100000	-
7	0.01	FALSE	1271	32	X	58550000	59300000	-
7	0.01	FALSE	1272	31	X	55640000	58550000	-
7	0.01	FALSE	1273	30	X	55030000	55640000	-
7	0.01	FALSE	1274	29	X	54050000	55030000	-
7	0.01	FALSE	1275	29	X	54050000	55030000	-
7	0.01	FALSE	1276	29	X	54050000	55030000	-
7	0.01	FALSE	1277	29	X	54050000	55030000	-
7	0.01	FALSE	1278	29	X	54050000	55030000	-
7	0.01	FALSE	1279	29	X	54050000	55030000	-
7	0.01	FALSE	1280	29	X	54050000	55030000	-
7	0.01	FALSE	1281	29	X	54050000	55030000	-
7	0.01	FALSE	1282	29	X	54050000	55030000	-
7	0.01	FALSE	1283	29	X	54050000	55030000	-
7	0.01	FALSE	1284	29	X	54050000	55030000	-
7	0.01	FALSE	1285	29	X	54050000	55030000	-
7	0.01	FALSE	1286	29	X	54050000	55030000	-
7	0.01	FALSE	1287	29	X	54050000	55030000	-
7	0.01	FALSE	1288	29	X	54050000	55030000	-
7	0.01	FALSE	1289	29	X	54050000	55030000	-
7	0.01	FALSE	1290	29	X	54050000	55030000	-
7	0.01	FALSE	1291	29	X	54050000	55030000	-
7	0.01	FALSE	1292	29	X	54050000	55030000	-
7	0.01	FALSE	1293	29	X	54050000	55030000	-
7	0.01	FALSE	1294	29	X	54050000	55030000	-
7	0.01	FALSE	1295	29	X	54050000	55030000	-
7	0.01	FALSE	1296	29	X	54050000	55030000	-
7	0.01	FALSE	1297	29	X	54050000	55030000	-
7	0.01	FALSE	1298	29	X	54050000	55030000	-
7	0.01	FALSE	1299	29	X	54050000	55030000	-
7	0.01	FALSE	1300	29	X	54050000	55030000	-
7	0.01	FALSE	1301	29	X	54050000	55030000	-
7	0.01	FALSE	1302	29	X	54050000	55030000	-
7	0.01	FALSE	1303	29	X	54050000	55030000	-
7	0.01	FALSE	1304	29	X	54050000	55030000	-
7	0.01	FALSE	1305	29	X	54050000	55030000	-
7	0.01	FALSE	1306	29	X	54050000	55030000	-
7	0.01	FALSE	1307	29	X	54050000	55030000	-
7	0.01	FALSE	1308	29	X	54050000	55030000	-
7	0.01	FALSE	1309	29	X	54050000	55030000	-
7	0.01	FALSE	1310	29	X	54050000	55030000	-
7	0.01	FALSE	1311	29	X	54050000	55030000	-
7	0.01	FALSE	1312	29	X	54050000	55030000	-
7	0.01	FALSE	1313	29	X	54050000	55030000	-
7	0.01	FALSE	1314	29	X	54050000	55030000	-
7	0.01	FALSE	1315	29	X	54050000	55030000	-
7	0.01	FALSE	1316	29	X	54050000	55030000	-
7	0.01	FALSE	1317	29	X	54050000	55030000	-
7	0.01	FALSE	1318	29	X	54050000	55030000	-
7	0.01	FALSE	1319	29	X	54050000	55030000	-
7	0.01	FALSE	1320	29	X	54050000	55030000	-
7	0.01	FALSE	1321	29	X	54050000	55030000	-
7	0.01	FALSE	1322	29	X	54050000	55030000	-
7	0.01	FALSE	1323	29	X	54050000	55030000	-
7	0.01	FALSE	1324	29	X	54050000	55030000	-
7	0.01	FALSE	1325	29	X	54050000	55030000	-
7	0.01	FALSE	1326	29	X	54050000	55030000	-
7	0.01	FALSE	1327	29	X	54050000	55030000	-
7	0.01	FALSE	1328	29	X	54050000	55030000	-
7	0.01	FALSE	1329	29	X	54050000	55030000	-
7	0.01	FALSE	1330	29	X	54050000	55030000	-
7	0.01	FALSE	1331	29	X	54050000	55030000	-
7	0.01	FALSE	1332	29	X	54050000	55030000	-
7	0.01	FALSE	1333	29	X	54050000	55030000	-
7	0.01	FALSE	1334	29	X	54050000	55030000	-
7	0.01	FALSE	1335	29	X	54050000	55030000	-
7	0.01	FALSE	1336	29	X	54050000	55030000	-
7	0.01	FALSE	1337	29	X	54050000	55030000	-
7	0.01	FALSE	1338	29	X	54050000	55030000	-
7	0.01	FALSE	1339	29	X	54050000	55030000	-
7	0.01	FALSE	1340	29	X	54050000	55030000	-
7	0.01	FALSE	1341	29	X	54050000	55030000	-
7	0.01	FALSE	1342	29	X	54050000	55030000	-
7	0.01	FALSE	1343	29	X	54050000	55030000	-
7	0.01	FALSE	1344	29	X	54050000	55030000	-
7	0.01	FALSE	1345	29	X	54050000	55030000	-
7	0.01	FALSE	1346	29	X	54050000	55030000	-
7	0.01	FALSE	1347	29	X	54050000	55030000	-
7	0.01	FALSE	1348	29	X	54050000	55030000	-
7	0.01	FALSE	1349	29	X	54050000	55030000	-
7	0.01	FALSE	1350	29	X	54050000	55030000	-
7	0.01	FALSE	1351	29	X	54050000	55030000	-
7	0.01	FALSE	1352	29	X	54050000	55030000	-
7	0.01	FALSE	1353	29	X	54050000	55030000	-
7	0.01	FALSE	1354	29	X	54050000	55030000	-
7	0.01	FALSE	1355	29	X	54050000	55030000	-
7	0.01	FALSE	1356	29	X	54050000	55030000	-
7	0.01	FALSE	1357	29	X	54050000	55030000	-
7	0.01	FALSE	1358	29	X	54050000	55030000	-
7	0.01	FALSE	1359	29	X	54050000	55030000	-
7	0.01	FALSE	1360	29	X	54050000	55030000	-
7	0.01	FALSE	1361	29	X	54050000	55030000	-
7	0.01	FALSE	1362	29	X	54050000	55030000	-
7	0.01	FALSE	1363	29	X	54050000	55030000	-
7	0.01	FALSE	1364	29	X	54050000	55030000	-
7	0.01	FALSE	1365	29	X	54050000	55030000	-
7	0.01	FALSE	1366	29	X	54050000	55030000	-
7	0.01	FALSE	1367	29	X	54050000	55030000	-
7	0.01	FALSE	1368	29	X	54050000	55030000	-
7	0.01	FALSE	1369	29	X	54050000	55030000	-
7	0.01	FALSE	1370	29	X	54050000	55030000	-
7	0.01	FALSE	1371	29	X	54050000	55030000	-
7	0.01	FALSE	1372	29	X	54050000	55030000	-
7	0.01	FALSE	1373	29	X	54050000	55030000	-
7	0.01	FALSE	1374	29	X	54050000	55030000	-
7	0.01	FALSE	1375	29	X	54050000	55030000	-
7	0.01	FALSE	1376	29	X	54050000	55030000	-
7	0.01	FALSE	1377	29	X	54050000	55030000	-
7	0.01	FALSE	1378	29	X	54050000	55030000	-
7	0.01	FALSE	1379	29	X	54050000	55030000	-
7	0.01	FALSE	1380	29	X	54050000	55030000	-
7	0.01	FALSE	1381	29	X	54050000	55030000	-
7	0.01	FALSE	1382	29	X	54050000	55030000	-
7	0.01	FALSE	1383	29	X	54050000	55030000	-
7	0.01	FALSE	1384	29	X	54050000	55030000	-
7	0.01	FALSE	1385	29	X	54050000	55030000	-
7	0.01	FALSE	1386	29	X	54050000	55030000	-
7	0.01	FALSE	1387	29	X	54050000	55030000	-
7	0.01	FALSE	1388	29	X	54050000	55030000	-
7	0.01	FALSE	1389	29	X	54050000	55030000	-
7	0.01	FALSE	1390	29	X	54050000	55030000	-
7	0.01	FALSE	1391	29	X	54050000	55030000	-
7	0.01	FALSE	1392	29	X	54050000	55030000	-
7	0.01	FALSE	1393	29	X	54050000	55030000	-
7	0.01	FALSE	1394	29	X	54050000	55030000	-
7	0.01	FALSE	1395	29	X	54050000	55030000	-
7	0.01	FALSE	1396	29	X	54050000	55030000	-
7	0.01	FALSE	1397	29	X	54050000	55030000	-
7	0.01	FALSE	1398	29	X	54050000	55030000	-
7	0.01	FALSE	1399	29	X	54050000	55030000	-
7	0.01	FALSE	1400	29	X	54050000	55030000	-
7	0.01	FALSE	1401	29	X	54050000	55030000	-
7	0.01	FALSE	1402	29	X	54050000	55030000	-
7	0.01	FALSE	1403	29	X	54050000	55030000	-
7	0.01	FALSE	1404	29	X	54050000	55030000	-
7	0.01	FALSE	1405	29	X	54050000	55030000	-
7	0.01	FALSE	1406	29	X	54050000	55030000	-
7	0.01	FALSE	1407	29	X	54050000	55030000	-
7	0.01	FALSE	1408	29	X	54050000	55030000	-
7	0.01	FALSE	1409	29	X	54050000	55030000	-
7	0.01	FALSE	1410	29	X	54050000	55030000	-
7	0.01	FALSE	1411	29	X	54050000	55030000	-
7	0.01	FALSE	1412	29	X	54050000	55030000	-
7	0.01	FALSE	1413	29	X	54050000	55030000	-
7	0.01	FALSE	1414	29	X	54050000	55030000	-
7	0.01	FALSE	1415	29	X	54050000	55030000	-
7	0.01	FALSE	1416	29	X	54050000	55030000	-
7	0.01	FALSE	1417	29	X	54050000	55030000	-
7	0.01	FALSE	1418	29	X	54050000	55030000	-
7	0.01	FALSE	1419	29	X	54050000	55030000	-
7	0.01	FALSE	1420	29	X	54050000	55030000	-
7	0.01	FALSE	1421	29	X	54050000	55030000	-
7	0.01	FALSE	1422	29	X	54050000	55030000	-
7	0.01	FALSE	1423	29	X	54050000	55030000	-
7	0.01	FALSE	1424	29	X	54050000	55030000	-
7	0.01	FALSE	1425	29	X	54050000	55030000	-
7	0.01	FALSE	1426	28	X	53000000	54050000	-
7	0.01	FALSE	1427	27	X	52500000	53000000	-
7	0.01	FALSE	1428	26	X	51700000	52500000	-
7	0.01	FALSE	1429	25	X	50275000	51700000	-
7	0.01	FALSE	1430	24	X	49400000	50275000	-
7	0.01	FALSE	1431	23	X	48450000	49400000	-
7	0.01	FALSE	1432	22	X	48400000	48450000	-
7	0.01	FALSE	1433	21	X	47880000	48400000	-
7	0.01	FALSE	1434	20	X	44350000	47880000	-
7	0.01	FALSE	1435	19	X	41700000	44350000	-
7	0.01	FALSE	1436	18	X	40550000	41700000	-
7	0.01	FALSE	1437	17	X	39950000	40550000	-
7	0.01	FALSE	1438	16	X	38160000	39950000	-
7	0.01	FALSE	1439	15	X	38125000	38160000	-
7	0.01	FALSE	1440	14	X	25450000	38125000	-
7	0.01	FALSE	1441	13	X	24480000	25450000	-
7	0.01	FALSE	1442	12	X	24450000	24480000	-
7	0.01	FALSE	1443	11	X	12750000	24450000	-
7	0.01	FALSE	1444	10	X	11650000	12750000	-
8	0.01	FALSE	1	61	X	140300000	141090000	+
8	0.01	FALSE	2	62	X	141090000	141150000	+
8	0.01	FALSE	3	63	X	141150000	142150000	+
8	0.01	FALSE	4	64	X	142150000	143760000	+
8	0.01	FALSE	5	43	X	117140000	117450000	+
8	0.01	FALSE	6	44	X	117450000	118180000	+
8	0.01	FALSE	7	45	X	118180000	118200000	+
8	0.01	FALSE	8	46	X	118200000	118270000	+
8	0.01	FALSE	9	47	X	118270000	121850000	+
8	0.01	FALSE	10	48	X	121850000	121870000	+
8	0.01	FALSE	11	49	X	121870000	122700000	+
8	0.01	FALSE	12	50	X	122700000	123200000	+
8	0.01	FALSE	13	51	X	123200000	123300000	+
8	0.01	FALSE	14	52	X	123300000	125280000	+
8	0.01	FALSE	15	53	X	125280000	129200000	+
8	0.01	FALSE	16	54	X	129200000	129240000	+
8	0.01	FALSE	17	55	X	129240000	130400000	+
8	0.01	FALSE	18	56	X	130400000	130500000	+
8	0.01	FALSE	19	57	X	130500000	130950000	+
8	0.01	FALSE	20	58	X	130950000	131100000	+
8	0.01	FALSE	21	59	X	131100000	136300000	+
8	0.01	FALSE	22	60	X	136300000	140300000	+
8	0.01	FALSE	23	61	X	140300000	141090000	+
8	0.01	FALSE	24	62	X	141090000	141150000	+
8	0.01	FALSE	25	63	X	141150000	142150000	+
8	0.01	FALSE	26	64	X	142150000	143760000	+
8	0.01	FALSE	27	43	X	117140000	117450000	+
8	0.01	FALSE	28	44	X	117450000	118180000	+
8	0.01	FALSE	29	45	X	118180000	118200000	+
8	0.01	FALSE	30	46	X	118200000	118270000	+
8	0.01	FALSE	31	47	X	118270000	121850000	+
8	0.01	FALSE	32	48	X	121850000	121870000	+
8	0.01	FALSE	33	49	X	121870000	122700000	+
8	0.01	FALSE	34	50	X	122700000	123200000	+
8	0.01	FALSE	35	51	X	123200000	123300000	+
8	0.01	FALSE	36	52	X	123300000	125280000	+
8	0.01	FALSE	37	53	X	125280000	129200000	+
8	0.01	FALSE	38	54	X	129200000	129240000	+
8	0.01	FALSE	39	55	X	129240000	130400000	+
8	0.01	FALSE	40	56	X	130400000	130500000	+
8	0.01	FALSE	41	57	X	130500000	130950000	+
8	0.01	FALSE	42	58	X	130950000	131100000	+
8	0.01	FALSE	43	59	X	131100000	136300000	+
8	0.01	FALSE	44	60	X	136300000	140300000	+
8	0.01	FALSE	45	61	X	140300000	141090000	+
8	0.01	FALSE	46	62	X	141090000	141150000	+
8	0.01	FALSE	47	63	X	141150000	142150000	+
8	0.01	FALSE	48	64	X	142150000	143760000	+
8	0.01	FALSE	49	43	X	117140000	117450000	+
8	0.01	FALSE	50	44	X	117450000	118180000	+
8	0.01	FALSE	51	45	X	118180000	118200000	+
8	0.01	FALSE	52	46	X	118200000	118270000	+
8	0.01	FALSE	53	47	X	118270000	121850000	+
8	0.01	FALSE	54	48	X	121850000	121870000	+
8	0.01	FALSE	55	49	X	121870000	122700000	+
8	0.01	FALSE	56	50	X	122700000	123200000	+
8	0.01	FALSE	57	51	X	123200000	123300000	+
8	0.01	FALSE	58	52	X	123300000	125280000	+
8	0.01	FALSE	59	53	X	125280000	129200000	+
8	0.01	FALSE	60	54	X	129200000	129240000	+
8	0.01	FALSE	61	55	X	129240000	130400000	+
8	0.01	FALSE	62	56	X	130400000	130500000	+
8	0.01	FALSE	63	57	X	130500000	130950000	+
8	0.01	FALSE	64	58	X	130950000	131100000	+
8	0.01	FALSE	65	59	X	131100000	136300000	+
8	0.01	FALSE	66	60	X	136300000	140300000	+
8	0.01	FALSE	67	61	X	140300000	141090000	+
8	0.01	FALSE	68	62	X	141090000	141150000	+
8	0.01	FALSE	69	63	X	141150000	142150000	+
8	0.01	FALSE	70	64	X	142150000	143760000	+
8	0.01	FALSE	71	43	X	117140000	117450000	+
8	0.01	FALSE	72	44	X	117450000	118180000	+
8	0.01	FALSE	73	45	X	118180000	118200000	+
8	0.01	FALSE	74	46	X	118200000	118270000	+
8	0.01	FALSE	75	47	X	118270000	121850000	+
8	0.01	FALSE	76	48	X	121850000	121870000	+
8	0.01	FALSE	77	49	X	121870000	122700000	+
8	0.01	FALSE	78	50	X	122700000	123200000	+
8	0.01	FALSE	79	51	X	123200000	123300000	+
8	0.01	FALSE	80	52	X	123300000	125280000	+
8	0.01	FALSE	81	53	X	125280000	129200000	+
8	0.01	FALSE	82	54	X	129200000	129240000	+
8	0.01	FALSE	83	55	X	129240000	130400000	+
8	0.01	FALSE	84	56	X	130400000	130500000	+
8	0.01	FALSE	85	57	X	130500000	130950000	+
8	0.01	FALSE	86	58	X	130950000	131100000	+
8	0.01	FALSE	87	59	X	131100000	136300000	+
8	0.01	FALSE	88	60	X	136300000	140300000	+
8	0.01	FALSE	89	61	X	140300000	141090000	+
8	0.01	FALSE	90	62	X	141090000	141150000	+
8	0.01	FALSE	91	63	X	141150000	142150000	+
8	0.01	FALSE	92	64	X	142150000	143760000	+
8	0.01	FALSE	93	43	X	117140000	117450000	+
8	0.01	FALSE	94	44	X	117450000	118180000	+
8	0.01	FALSE	95	45	X	118180000	118200000	+
8	0.01	FALSE	96	46	X	118200000	118270000	+
8	0.01	FALSE	97	47	X	118270000	121850000	+
8	0.01	FALSE	98	48	X	121850000	121870000	+
8	0.01	FALSE	99	49	X	121870000	122700000	+
8	0.01	FALSE	100	50	X	122700000	123200000	+
8	0.01	FALSE	101	51	X	123200000	123300000	+
8	0.01	FALSE	102	52	X	123300000	125280000	+
8	0.01	FALSE	103	53	X	125280000	129200000	+
8	0.01	FALSE	104	54	X	129200000	129240000	+
8	0.01	FALSE	105	55	X	129240000	130400000	+
8	0.01	FALSE	106	56	X	130400000	130500000	+
8	0.01	FALSE	107	57	X	130500000	130950000	+
8	0.01	FALSE	108	58	X	130950000	131100000	+
8	0.01	FALSE	109	59	X	131100000	136300000	+
8	0.01	FALSE	110	60	X	136300000	140300000	+
8	0.01	FALSE	111	61	X	140300000	141090000	+
8	0.01	FALSE	112	62	X	141090000	141150000	+
8	0.01	FALSE	113	63	X	141150000	142150000	+
8	0.01	FALSE	114	64	X	142150000	143760000	+
8	0.01	FALSE	115	43	X	117140000	117450000	+
8	0.01	FALSE	116	44	X	117450000	118180000	+
8	0.01	FALSE	117	45	X	118180000	118200000	+
8	0.01	FALSE	118	46	X	118200000	118270000	+
8	0.01	FALSE	119	47	X	118270000	121850000	+
8	0.01	FALSE	120	48	X	121850000	121870000	+
8	0.01	FALSE	121	49	X	121870000	122700000	+
8	0.01	FALSE	122	50	X	122700000	123200000	+
8	0.01	FALSE	123	51	X	123200000	123300000	+
8	0.01	FALSE	124	52	X	123300000	125280000	+
8	0.01	FALSE	125	53	X	125280000	129200000	+
8	0.01	FALSE	126	54	X	129200000	129240000	+
8	0.01	FALSE	127	55	X	129240000	130400000	+
8	0.01	FALSE	128	56	X	130400000	130500000	+
8	0.01	FALSE	129	57	X	130500000	130950000	+
8	0.01	FALSE	130	58	X	130950000	131100000	+
8	0.01	FALSE	131	59	X	131100000	136300000	+
8	0.01	FALSE	132	60	X	136300000	140300000	+
8	0.01	FALSE	133	61	X	140300000	141090000	+
8	0.01	FALSE	134	62	X	141090000	141150000	+
8	0.01	FALSE	135	63	X	141150000	142150000	+
8	0.01	FALSE	136	64	X	142150000	143760000	+
8	0.01	FALSE	137	43	X	117140000	117450000	+
8	0.01	FALSE	138	44	X	117450000	118180000	+
8	0.01	FALSE	139	45	X	118180000	118200000	+
8	0.01	FALSE	140	46	X	118200000	118270000	+
8	0.01	FALSE	141	47	X	118270000	121850000	+
8	0.01	FALSE	142	48	X	121850000	121870000	+
8	0.01	FALSE	143	49	X	121870000	122700000	+
8	0.01	FALSE	144	50	X	122700000	123200000	+
8	0.01	FALSE	145	51	X	123200000	123300000	+
8	0.01	FALSE	146	52	X	123300000	125280000	+
8	0.01	FALSE	147	53	X	125280000	129200000	+
8	0.01	FALSE	148	54	X	129200000	129240000	+
8	0.01	FALSE	149	55	X	129240000	130400000	+
8	0.01	FALSE	150	56	X	130400000	130500000	+
8	0.01	FALSE	151	57	X	130500000	130950000	+
8	0.01	FALSE	152	58	X	130950000	131100000	+
8	0.01	FALSE	153	59	X	131100000	136300000	+
8	0.01	FALSE	154	60	X	136300000	140300000	+
8	0.01	FALSE	155	61	X	140300000	141090000	+
8	0.01	FALSE	156	62	X	141090000	141150000	+
8	0.01	FALSE	157	63	X	141150000	142150000	+
8	0.01	FALSE	158	64	X	142150000	143760000	+
8	0.01	FALSE	159	43	X	117140000	117450000	+
8	0.01	FALSE	160	44	X	117450000	118180000	+
8	0.01	FALSE	161	45	X	118180000	118200000	+
8	0.01	FALSE	162	46	X	118200000	118270000	+
8	0.01	FALSE	163	47	X	118270000	121850000	+
8	0.01	FALSE	164	48	X	121850000	121870000	+
8	0.01	FALSE	165	49	X	121870000	122700000	+
8	0.01	FALSE	166	50	X	122700000	123200000	+
8	0.01	FALSE	167	51	X	123200000	123300000	+
8	0.01	FALSE	168	52	X	123300000	125280000	+
8	0.01	FALSE	169	53	X	125280000	129200000	+
8	0.01	FALSE	170	54	X	129200000	129240000	+
8	0.01	FALSE	171	55	X	129240000	130400000	+
8	0.01	FALSE	172	56	X	130400000	130500000	+
8	0.01	FALSE	173	57	X	130500000	130950000	+
8	0.01	FALSE	174	58	X	130950000	131100000	+
8	0.01	FALSE	175	59	X	131100000	136300000	+
8	0.01	FALSE	176	60	X	136300000	140300000	+
8	0.01	FALSE	177	61	X	140300000	141090000	+
8	0.01	FALSE	178	62	X	141090000	141150000	+
8	0.01	FALSE	179	63	X	141150000	142150000	+
8	0.01	FALSE	180	64	X	142150000	143760000	+
8	0.01	FALSE	181	43	X	117140000	117450000	+
8	0.01	FALSE	182	44	X	117450000	118180000	+
8	0.01	FALSE	183	45	X	118180000	118200000	+
8	0.01	FALSE	184	46	X	118200000	118270000	+
8	0.01	FALSE	185	47	X	118270000	121850000	+
8	0.01	FALSE	186	48	X	121850000	121870000	+
8	0.01	FALSE	187	49	X	121870000	122700000	+
8	0.01	FALSE	188	50	X	122700000	123200000	+
8	0.01	FALSE	189	51	X	123200000	123300000	+
8	0.01	FALSE	190	52	X	123300000	125280000	+
8	0.01	FALSE	191	53	X	125280000	129200000	+
8	0.01	FALSE	192	54	X	129200000	129240000	+
8	0.01	FALSE	193	55	X	129240000	130400000	+
8	0.01	FALSE	194	56	X	130400000	130500000	+
8	0.01	FALSE	195	57	X	130500000	130950000	+
8	0.01	FALSE	196	58	X	130950000	131100000	+
8	0.01	FALSE	197	59	X	131100000	136300000	+
8	0.01	FALSE	198	60	X	136300000	140300000	+
8	0.01	FALSE	199	61	X	140300000	141090000	+
8	0.01	FALSE	200	62	X	141090000	141150000	+
8	0.01	FALSE	201	63	X	141150000	142150000	+
8	0.01	FALSE	202	64	X	142150000	143760000	+
8	0.01	FALSE	203	43	X	117140000	117450000	+
8	0.01	FALSE	204	44	X	117450000	118180000	+
8	0.01	FALSE	205	45	X	118180000	118200000	+
8	0.01	FALSE	206	46	X	118200000	118270000	+
8	0.01	FALSE	207	47	X	118270000	121850000	+
8	0.01	FALSE	208	48	X	121850000	121870000	+
8	0.01	FALSE	209	49	X	121870000	122700000	+
8	0.01	FALSE	210	50	X	122700000	123200000	+
8	0.01	FALSE	211	51	X	123200000	123300000	+
8	0.01	FALSE	212	52	X	123300000	125280000	+
8	0.01	FALSE	213	53	X	125280000	129200000	+
8	0.01	FALSE	214	54	X	129200000	129240000	+
8	0.01	FALSE	215	55	X	129240000	130400000	+
8	0.01	FALSE	216	56	X	130400000	130500000	+
8	0.01	FALSE	217	57	X	130500000	130950000	+
8	0.01	FALSE	218	58	X	130950000	131100000	+
8	0.01	FALSE	219	59	X	131100000	136300000	+
8	0.01	FALSE	220	60	X	136300000	140300000	+
8	0.01	FALSE	221	61	X	140300000	141090000	+
8	0.01	FALSE	222	62	X	141090000	141150000	+
8	0.01	FALSE	223	63	X	141150000	142150000	+
8	0.01	FALSE	224	64	X	142150000	143760000	+
8	0.01	FALSE	225	43	X	117140000	117450000	+
8	0.01	FALSE	226	44	X	117450000	118180000	+
8	0.01	FALSE	227	45	X	118180000	118200000	+
8	0.01	FALSE	228	46	X	118200000	118270000	+
8	0.01	FALSE	229	47	X	118270000	121850000	+
8	0.01	FALSE	230	48	X	121850000	121870000	+
8	0.01	FALSE	231	49	X	121870000	122700000	+
8	0.01	FALSE	232	50	X	122700000	123200000	+
8	0.01	FALSE	233	51	X	123200000	123300000	+
8	0.01	FALSE	234	52	X	123300000	125280000	+
8	0.01	FALSE	235	53	X	125280000	129200000	+
8	0.01	FALSE	236	54	X	129200000	129240000	+
8	0.01	FALSE	237	55	X	129240000	130400000	+
8	0.01	FALSE	238	56	X	130400000	130500000	+
8	0.01	FALSE	239	57	X	130500000	130950000	+
8	0.01	FALSE	240	58	X	130950000	131100000	+
8	0.01	FALSE	241	59	X	131100000	136300000	+
8	0.01	FALSE	242	60	X	136300000	140300000	+
8	0.01	FALSE	243	61	X	140300000	141090000	+
8	0.01	FALSE	244	62	X	141090000	141150000	+
8	0.01	FALSE	245	63	X	141150000	142150000	+
8	0.01	FALSE	246	64	X	142150000	143760000	+
8	0.01	FALSE	247	43	X	117140000	117450000	+
8	0.01	FALSE	248	44	X	117450000	118180000	+
8	0.01	FALSE	249	45	X	118180000	118200000	+
8	0.01	FALSE	250	46	X	118200000	118270000	+
8	0.01	FALSE	251	47	X	118270000	121850000	+
8	0.01	FALSE	252	48	X	121850000	121870000	+
8	0.01	FALSE	253	49	X	121870000	122700000	+
8	0.01	FALSE	254	50	X	122700000	123200000	+
8	0.01	FALSE	255	51	X	123200000	123300000	+
8	0.01	FALSE	256	52	X	123300000	125280000	+
8	0.01	FALSE	257	53	X	125280000	129200000	+
8	0.01	FALSE	258	54	X	129200000	129240000	+
8	0.01	FALSE	259	55	X	129240000	130400000	+
8	0.01	FALSE	260	56	X	130400000	130500000	+
8	0.01	FALSE	261	57	X	130500000	130950000	+
8	0.01	FALSE	262	58	X	130950000	131100000	+
8	0.01	FALSE	263	59	X	131100000	136300000	+
8	0.01	FALSE	264	60	X	136300000	140300000	+
8	0.01	FALSE	265	61	X	140300000	141090000	+
8	0.01	FALSE	266	62	X	141090000	141150000	+
8	0.01	FALSE	267	63	X	141150000	142150000	+
8	0.01	FALSE	268	64	X	142150000	143760000	+
8	0.01	FALSE	269	43	X	117140000	117450000	+
8	0.01	FALSE	270	44	X	117450000	118180000	+
8	0.01	FALSE	271	45	X	118180000	118200000	+
8	0.01	FALSE	272	46	X	118200000	118270000	+
8	0.01	FALSE	273	47	X	118270000	121850000	+
8	0.01	FALSE	274	48	X	121850000	121870000	+
8	0.01	FALSE	275	49	X	121870000	122700000	+
8	0.01	FALSE	276	50	X	122700000	123200000	+
8	0.01	FALSE	277	51	X	123200000	123300000	+
8	0.01	FALSE	278	52	X	123300000	125280000	+
8	0.01	FALSE	279	53	X	125280000	129200000	+
8	0.01	FALSE	280	54	X	129200000	129240000	+
8	0.01	FALSE	281	55	X	129240000	130400000	+
8	0.01	FALSE	282	56	X	130400000	130500000	+
8	0.01	FALSE	283	57	X	130500000	130950000	+
8	0.01	FALSE	284	58	X	130950000	131100000	+
8	0.01	FALSE	285	59	X	131100000	136300000	+
8	0.01	FALSE	286	60	X	136300000	140300000	+
8	0.01	FALSE	287	61	X	140300000	141090000	+
8	0.01	FALSE	288	62	X	141090000	141150000	+
8	0.01	FALSE	289	63	X	141150000	142150000	+
8	0.01	FALSE	290	64	X	142150000	143760000	+
8	0.01	FALSE	291	43	X	117140000	117450000	+
8	0.01	FALSE	292	44	X	117450000	118180000	+
8	0.01	FALSE	293	45	X	118180000	118200000	+
8	0.01	FALSE	294	46	X	118200000	118270000	+
8	0.01	FALSE	295	47	X	118270000	121850000	+
8	0.01	FALSE	296	48	X	121850000	121870000	+
8	0.01	FALSE	297	49	X	121870000	122700000	+
8	0.01	FALSE	298	50	X	122700000	123200000	+
8	0.01	FALSE	299	51	X	123200000	123300000	+
8	0.01	FALSE	300	52	X	123300000	125280000	+
8	0.01	FALSE	301	53	X	125280000	129200000	+
8	0.01	FALSE	302	54	X	129200000	129240000	+
8	0.01	FALSE	303	55	X	129240000	130400000	+
8	0.01	FALSE	304	56	X	130400000	130500000	+
8	0.01	FALSE	305	57	X	130500000	130950000	+
8	0.01	FALSE	306	58	X	130950000	131100000	+
8	0.01	FALSE	307	59	X	131100000	136300000	+
8	0.01	FALSE	308	60	X	136300000	140300000	+
8	0.01	FALSE	309	61	X	140300000	141090000	+
8	0.01	FALSE	310	62	X	141090000	141150000	+
8	0.01	FALSE	311	63	X	141150000	142150000	+
8	0.01	FALSE	312	64	X	142150000	143760000	+
8	0.01	FALSE	313	43	X	117140000	117450000	+
8	0.01	FALSE	314	44	X	117450000	118180000	+
8	0.01	FALSE	315	45	X	118180000	118200000	+
8	0.01	FALSE	316	46	X	118200000	118270000	+
8	0.01	FALSE	317	47	X	118270000	121850000	+
8	0.01	FALSE	318	48	X	121850000	121870000	+
8	0.01	FALSE	319	49	X	121870000	122700000	+
8	0.01	FALSE	320	50	X	122700000	123200000	+
8	0.01	FALSE	321	51	X	123200000	123300000	+
8	0.01	FALSE	322	52	X	123300000	125280000	+
8	0.01	FALSE	323	53	X	125280000	129200000	+
8	0.01	FALSE	324	54	X	129200000	129240000	+
8	0.01	FALSE	325	55	X	129240000	130400000	+
8	0.01	FALSE	326	56	X	130400000	130500000	+
8	0.01	FALSE	327	57	X	130500000	130950000	+
8	0.01	FALSE	328	58	X	130950000	131100000	+
8	0.01	FALSE	329	59	X	131100000	136300000	+
8	0.01	FALSE	330	60	X	136300000	140300000	+
8	0.01	FALSE	331	61	X	140300000	141090000	+
8	0.01	FALSE	332	62	X	141090000	141150000	+
8	0.01	FALSE	333	63	X	141150000	142150000	+
8	0.01	FALSE	334	64	X	142150000	143760000	+
8	0.01	FALSE	335	43	X	117140000	117450000	+
8	0.01	FALSE	336	44	X	117450000	118180000	+
8	0.01	FALSE	337	45	X	118180000	118200000	+
8	0.01	FALSE	338	46	X	118200000	118270000	+
8	0.01	FALSE	339	47	X	118270000	121850000	+
8	0.01	FALSE	340	48	X	121850000	121870000	+
8	0.01	FALSE	341	49	X	121870000	122700000	+
8	0.01	FALSE	342	50	X	122700000	123200000	+
8	0.01	FALSE	343	51	X	123200000	123300000	+
8	0.01	FALSE	344	52	X	123300000	125280000	+
8	0.01	FALSE	345	53	X	125280000	129200000	+
8	0.01	FALSE	346	54	X	129200000	129240000	+
8	0.01	FALSE	347	55	X	129240000	130400000	+
8	0.01	FALSE	348	56	X	130400000	130500000	+
8	0.01	FALSE	349	57	X	130500000	130950000	+
8	0.01	FALSE	350	58	X	130950000	131100000	+
8	0.01	FALSE	351	59	X	131100000	136300000	+
8	0.01	FALSE	352	60	X	136300000	140300000	+
8	0.01	FALSE	353	61	X	140300000	141090000	+
8	0.01	FALSE	354	62	X	141090000	141150000	+
8	0.01	FALSE	355	63	X	141150000	142150000	+
8	0.01	FALSE	356	64	X	142150000	143760000	+
8	0.01	FALSE	357	43	X	117140000	117450000	+
8	0.01	FALSE	358	44	X	117450000	118180000	+
8	0.01	FALSE	359	45	X	118180000	118200000	+
8	0.01	FALSE	360	46	X	118200000	118270000	+
8	0.01	FALSE	361	47	X	118270000	121850000	+
8	0.01	FALSE	362	48	X	121850000	121870000	+
8	0.01	FALSE	363	49	X	121870000	122700000	+
8	0.01	FALSE	364	50	X	122700000	123200000	+
8	0.01	FALSE	365	51	X	123200000	123300000	+
8	0.01	FALSE	366	52	X	123300000	125280000	+
8	0.01	FALSE	367	53	X	125280000	129200000	+
8	0.01	FALSE	368	54	X	129200000	129240000	+
8	0.01	FALSE	369	55	X	129240000	130400000	+
8	0.01	FALSE	370	56	X	130400000	130500000	+
8	0.01	FALSE	371	57	X	130500000	130950000	+
8	0.01	FALSE	372	58	X	130950000	131100000	+
8	0.01	FALSE	373	59	X	131100000	136300000	+
8	0.01	FALSE	374	60	X	136300000	140300000	+
8	0.01	FALSE	375	61	X	140300000	141090000	+
8	0.01	FALSE	376	62	X	141090000	141150000	+
8	0.01	FALSE	377	63	X	141150000	142150000	+
8	0.01	FALSE	378	64	X	142150000	143760000	+
8	0.01	FALSE	379	43	X	117140000	117450000	+
8	0.01	FALSE	380	44	X	117450000	118180000	+
8	0.01	FALSE	381	45	X	118180000	118200000	+
8	0.01	FALSE	382	46	X	118200000	118270000	+
8	0.01	FALSE	383	47	X	118270000	121850000	+
8	0.01	FALSE	384	48	X	121850000	121870000	+
8	0.01	FALSE	385	49	X	121870000	122700000	+
8	0.01	FALSE	386	50	X	122700000	123200000	+
8	0.01	FALSE	387	51	X	123200000	123300000	+
8	0.01	FALSE	388	52	X	123300000	125280000	+
8	0.01	FALSE	389	53	X	125280000	129200000	+
8	0.01	FALSE	390	54	X	129200000	129240000	+
8	0.01	FALSE	391	55	X	129240000	130400000	+
8	0.01	FALSE	392	56	X	130400000	130500000	+
8	0.01	FALSE	393	57	X	130500000	130950000	+
8	0.01	FALSE	394	58	X	130950000	131100000	+
8	0.01	FALSE	395	59	X	131100000	136300000	+
8	0.01	FALSE	396	60	X	136300000	140300000	+
8	0.01	FALSE	397	61	X	140300000	141090000	+
9	0.78	FALSE	1	2	X	2700000	3650000	+
9	0.78	FALSE	2	3	X	3650000	7160000	+
9	0.78	FALSE	3	5	X	7580000	10650000	+
9	0.78	FALSE	4	6	X	10650000	10925000	+
9	0.78	FALSE	5	7	X	10925000	11275000	+
9	0.78	FALSE	6	8	X	11275000	11300000	+
9	0.78	FALSE	7	24	X	49400000	50275000	-
9	0.78	FALSE	8	23	X	48450000	49400000	-
9	0.78	FALSE	9	22	X	48400000	48450000	-
9	0.78	FALSE	10	21	X	47880000	48400000	-
9	0.78	FALSE	11	15	X	38125000	38160000	-
9	0.78	FALSE	12	14	X	25450000	38125000	-
9	0.78	FALSE	13	13	X	24480000	25450000	-
9	0.78	FALSE	14	12	X	24450000	24480000	-
9	0.78	FALSE	15	11	X	12750000	24450000	-
9	0.78	FALSE	16	10	X	11650000	12750000	-
10	0.28	FALSE	1	11	X	12750000	24450000	+
10	0.28	FALSE	2	12	X	24450000	24480000	+
10	0.28	FALSE	3	13	X	24480000	25450000	+
10	0.28	FALSE	4	14	X	25450000	38125000	+
10	0.28	FALSE	5	15	X	38125000	38160000	+
10	0.28	FALSE	6	21	X	47880000	48400000	+
10	0.28	FALSE	7	22	X	48400000	48450000	+
10	0.28	FALSE	8	23	X	48450000	49400000	+
10	0.28	FALSE	9	24	X	49400000	50275000	+
10	0.28	FALSE	10	25	X	50275000	51700000	+
10	0.28	FALSE	11	43	X	117140000	117450000	+
11	0.59	FALSE	1	43	X	117140000	117450000	-
11	0.59	FALSE	2	64	X	142150000	143760000	-
11	0.59	FALSE	3	53	X	125280000	129200000	+
11	0.59	FALSE	4	54	X	129200000	129240000	+
11	0.59	FALSE	5	55	X	129240000	130400000	+
11	0.59	FALSE	6	56	X	130400000	130500000	+
11	0.59	FALSE	7	57	X	130500000	130950000	+
11	0.59	FALSE	8	58	X	130950000	131100000	+
11	0.59	FALSE	9	59	X	131100000	136300000	+
12	0.04	FALSE	1	2	X	2700000	3650000	+
12	0.04	FALSE	2	3	X	3650000	7160000	+
12	0.04	FALSE	3	5	X	7580000	10650000	+
12	0.04	FALSE	4	6	X	10650000	10925000	+
12	0.04	FALSE	5	7	X	10925000	11275000	+
12	0.04	FALSE	6	8	X	11275000	11300000	+
12	0.04	FALSE	7	24	X	49400000	50275000	-
12	0.04	FALSE	8	23	X	48450000	49400000	-
12	0.04	FALSE	9	22	X	48400000	48450000	-
12	0.04	FALSE	10	21	X	47880000	48400000	-
13	0.12	FALSE	1	43	X	117140000	117450000	-
13	0.12	FALSE	2	64	X	142150000	143760000	-
13	0.12	FALSE	3	53	X	125280000	129200000	+
13	0.12	FALSE	4	54	X	129200000	129240000	+
13	0.12	FALSE	5	55	X	129240000	130400000	+
13	0.12	FALSE	6	56	X	130400000	130500000	+
13	0.12	FALSE	7	57	X	130500000	130950000	+
13	0.12	FALSE	8	58	X	130950000	131100000	+
14	0.25	FALSE	1	43	X	117140000	117450000	-
14	0.25	FALSE	2	64	X	142150000	143760000	-
14	0.25	FALSE	3	53	X	125280000	129200000	+
14	0.25	FALSE	4	54	X	129200000	129240000	+
15	0.28	FALSE	1	32	X	58550000	59300000	+
15	0.28	FALSE	2	33	X	59300000	60100000	+
15	0.28	FALSE	3	34	X	60100000	60900000	+
15	0.28	FALSE	4	35	X	60900000	61700000	+
15	0.28	FALSE	5	36	X	61700000	72250000	+
15	0.28	FALSE	6	37	X	72250000	77350000	+
15	0.28	FALSE	7	38	X	77350000	77775000	+
15	0.28	FALSE	8	39	X	77775000	77800000	+
15	0.28	FALSE	9	40	X	77800000	88450000	+
15	0.28	FALSE	10	41	X	88450000	92350000	+
15	0.28	FALSE	11	42	X	92350000	117140000	+
15	0.28	FALSE	12	43	X	117140000	117450000	+
15	0.28	FALSE	13	44	X	117450000	118180000	+
15	0.28	FALSE	14	45	X	118180000	118200000	+
15	0.28	FALSE	15	46	X	118200000	118270000	+
15	0.28	FALSE	16	47	X	118270000	121850000	+
15	0.28	FALSE	17	48	X	121850000	121870000	+
15	0.28	FALSE	18	58	X	130950000	131100000	-
15	0.28	FALSE	19	57	X	130500000	130950000	-
15	0.28	FALSE	20	56	X	130400000	130500000	-
15	0.28	FALSE	21	55	X	129240000	130400000	-
15	0.28	FALSE	22	54	X	129200000	129240000	-
15	0.28	FALSE	23	53	X	125280000	129200000	-
15	0.28	FALSE	24	52	X	123300000	125280000	-
15	0.28	FALSE	25	51	X	123200000	123300000	-
15	0.28	FALSE	26	50	X	122700000	123200000	-
15	0.28	FALSE	27	49	X	121870000	122700000	-
15	0.28	FALSE	28	48	X	121850000	121870000	-
15	0.28	FALSE	29	47	X	118270000	121850000	-
15	0.28	FALSE	30	46	X	118200000	118270000	-
15	0.28	FALSE	31	45	X	118180000	118200000	-
15	0.28	FALSE	32	44	X	117450000	118180000	-
15	0.28	FALSE	33	43	X	117140000	117450000	-
15	0.28	FALSE	34	42	X	92350000	117140000	-
15	0.28	FALSE	35	41	X	88450000	92350000	-
15	0.28	FALSE	36	40	X	77800000	88450000	-
15	0.28	FALSE	37	39	X	77775000	77800000	-
15	0.28	FALSE	38	38	X	77350000	77775000	-
15	0.28	FALSE	39	37	X	72250000	77350000	-
15	0.28	FALSE	40	36	X	61700000	72250000	-
15	0.28	FALSE	41	35	X	60900000	61700000	-
15	0.28	FALSE	42	34	X	60100000	60900000	-
15	0.28	FALSE	43	33	X	59300000	60100000	-
15	0.28	FALSE	44	32	X	58550000	59300000	-
16	0.18	FALSE	1	32	X	58550000	59300000	+
16	0.18	FALSE	2	33	X	59300000	60100000	+
16	0.18	FALSE	3	34	X	60100000	60900000	+
16	0.18	FALSE	4	35	X	60900000	61700000	+
16	0.18	FALSE	5	36	X	61700000	72250000	+
16	0.18	FALSE	6	37	X	72250000	77350000	+
16	0.18	FALSE	7	38	X	77350000	77775000	+
16	0.18	FALSE	8	39	X	77775000	77800000	+
16	0.18	FALSE	9	40	X	77800000	88450000	+
16	0.18	FALSE	10	41	X	88450000	92350000	+
16	0.18	FALSE	11	42	X	92350000	117140000	+
16	0.18	FALSE	12	43	X	117140000	117450000	+
16	0.18	FALSE	13	44	X	117450000	118180000	+
16	0.18	FALSE	14	45	X	118180000	118200000	+
16	0.18	FALSE	15	46	X	118200000	118270000	+
16	0.18	FALSE	16	47	X	118270000	121850000	+
16	0.18	FALSE	17	48	X	121850000	121870000	+
16	0.18	FALSE	18	49	X	121870000	122700000	+
16	0.18	FALSE	19	50	X	122700000	123200000	+
16	0.18	FALSE	20	51	X	123200000	123300000	+
16	0.18	FALSE	21	52	X	123300000	125280000	+
16	0.18	FALSE	22	53	X	125280000	129200000	+
16	0.18	FALSE	23	54	X	129200000	129240000	+
16	0.18	FALSE	24	62	X	141090000	141150000	+
16	0.18	FALSE	25	63	X	141150000	142150000	+
16	0.18	FALSE	26	64	X	142150000	143760000	+
16	0.18	FALSE	27	65	X	143760000	145590000	+
16	0.18	FALSE	28	66	X	145590000	153330000	+
16	0.18	FALSE	29	67	X	153330000	154950000	+
17	0.41	FALSE	1	10	X	11650000	12750000	+
17	0.41	FALSE	2	11	X	12750000	24450000	+
17	0.41	FALSE	3	12	X	24450000	24480000	+
17	0.41	FALSE	4	13	X	24480000	25450000	+
17	0.41	FALSE	5	14	X	25450000	38125000	+
17	0.41	FALSE	6	15	X	38125000	38160000	+
17	0.41	FALSE	7	16	X	38160000	39950000	+
17	0.41	FALSE	8	17	X	39950000	40550000	+
17	0.41	FALSE	9	18	X	40550000	41700000	+
17	0.41	FALSE	10	19	X	41700000	44350000	+
17	0.41	FALSE	11	20	X	44350000	47880000	+
17	0.41	FALSE	12	21	X	47880000	48400000	+
17	0.41	FALSE	13	22	X	48400000	48450000	+
17	0.41	FALSE	14	23	X	48450000	49400000	+
17	0.41	FALSE	15	24	X	49400000	50275000	+
17	0.41	FALSE	16	25	X	50275000	51700000	+
17	0.41	FALSE	17	43	X	117140000	117450000	+
17	0.41	FALSE	18	44	X	117450000	118180000	+
17	0.41	FALSE	19	45	X	118180000	118200000	+
17	0.41	FALSE	20	46	X	118200000	118270000	+
17	0.41	FALSE	21	47	X	118270000	121850000	+
17	0.41	FALSE	22	48	X	121850000	121870000	+
17	0.41	FALSE	23	49	X	121870000	122700000	+
17	0.41	FALSE	24	50	X	122700000	123200000	+
17	0.41	FALSE	25	51	X	123200000	123300000	+
17	0.41	FALSE	26	52	X	123300000	125280000	+
17	0.41	FALSE	27	53	X	125280000	129200000	+
17	0.41	FALSE	28	54	X	129200000	129240000	+
17	0.41	FALSE	29	55	X	129240000	130400000	+
17	0.41	FALSE	30	56	X	130400000	130500000	+
17	0.41	FALSE	31	57	X	130500000	130950000	+
17	0.41	FALSE	32	58	X	130950000	131100000	+
17	0.41	FALSE	33	59	X	131100000	136300000	+
17	0.41	FALSE	34	60	X	136300000	140300000	+
17	0.41	FALSE	35	61	X	140300000	141090000	+
17	0.41	FALSE	36	62	X	141090000	141150000	+
17	0.41	FALSE	37	63	X	141150000	142150000	+
17	0.41	FALSE	38	64	X	142150000	143760000	+
17	0.41	FALSE	39	65	X	143760000	145590000	+
17	0.41	FALSE	40	66	X	145590000	153330000	+
17	0.41	FALSE	41	67	X	153330000	154950000	+
18	0.17	FALSE	1	61	X	140300000	141090000	+
18	0.17	FALSE	2	62	X	141090000	141150000	+
18	0.17	FALSE	3	63	X	141150000	142150000	+
18	0.17	FALSE	4	64	X	142150000	143760000	+
18	0.17	FALSE	5	65	X	143760000	145590000	+
18	0.17	FALSE	6	47	X	118270000	121850000	+
18	0.17	FALSE	7	48	X	121850000	121870000	+
18	0.17	FALSE	8	49	X	121870000	122700000	+
18	0.17	FALSE	9	50	X	122700000	123200000	+
18	0.17	FALSE	10	51	X	123200000	123300000	+
18	0.17	FALSE	11	52	X	123300000	125280000	+
18	0.17	FALSE	12	53	X	125280000	129200000	+
18	0.17	FALSE	13	54	X	129200000	129240000	+
18	0.17	FALSE	14	55	X	129240000	130400000	+
18	0.17	FALSE	15	56	X	130400000	130500000	+
18	0.17	FALSE	16	57	X	130500000	130950000	+
18	0.17	FALSE	17	58	X	130950000	131100000	+
18	0.17	FALSE	18	59	X	131100000	136300000	+
19	0.01	FALSE	1	8	X	11275000	11300000	-
19	0.01	FALSE	2	7	X	10925000	11275000	-
19	0.01	FALSE	3	6	X	10650000	10925000	-
19	0.01	FALSE	4	5	X	7580000	10650000	-
19	0.01	FALSE	5	3	X	3650000	7160000	-
19	0.01	FALSE	6	2	X	2700000	3650000	-
19	0.01	FALSE	7	1	X	50000	2700000	-
20	0.02	FALSE	1	61	X	140300000	141090000	+
20	0.02	FALSE	2	62	X	141090000	141150000	+
20	0.02	FALSE	3	63	X	141150000	142150000	+
20	0.02	FALSE	4	64	X	142150000	143760000	+
20	0.02	FALSE	5	65	X	143760000	145590000	+
20	0.02	FALSE	6	47	X	118270000	121850000	+
20	0.02	FALSE	7	48	X	121850000	121870000	+
20	0.02	FALSE	8	49	X	121870000	122700000	+
20	0.02	FALSE	9	50	X	122700000	123200000	+
20	0.02	FALSE	10	51	X	123200000	123300000	+
21	0.02	FALSE	1	4	X	7160000	7580000	+
21	0.02	FALSE	2	5	X	7580000	10650000	+
21	0.02	FALSE	3	6	X	10650000	10925000	+
21	0.02	FALSE	4	7	X	10925000	11275000	+
21	0.02	FALSE	5	8	X	11275000	11300000	+
21	0.02	FALSE	6	24	X	49400000	50275000	-
21	0.02	FALSE	7	23	X	48450000	49400000	-
21	0.02	FALSE	8	22	X	48400000	48450000	-
21	0.02	FALSE	9	21	X	47880000	48400000	-
22	0.14	FALSE	1	21	X	47880000	48400000	+
22	0.14	FALSE	2	22	X	48400000	48450000	+
22	0.14	FALSE	3	23	X	48450000	49400000	+
22	0.14	FALSE	4	24	X	49400000	50275000	+
22	0.14	FALSE	5	8	X	11275000	11300000	-
22	0.14	FALSE	6	7	X	10925000	11275000	-
22	0.14	FALSE	7	6	X	10650000	10925000	-
22	0.14	FALSE	8	5	X	7580000	10650000	-
23	0.05	FALSE	1	54	X	129200000	129240000	-
23	0.05	FALSE	2	53	X	125280000	129200000	-
23	0.05	FALSE	3	64	X	142150000	143760000	+
24	1.33	FALSE	1	47	X	118270000	121850000	+
24	1.33	FALSE	2	48	X	121850000	121870000	+
24	1.33	FALSE	3	58	X	130950000	131100000	-
24	1.33	FALSE	4	57	X	130500000	130950000	-
25	0.14	FALSE	1	7	X	10925000	11275000	+
25	0.14	FALSE	2	8	X	11275000	11300000	+
25	0.14	FALSE	3	24	X	49400000	50275000	-
25	0.14	FALSE	4	23	X	48450000	49400000	-
25	0.14	FALSE	5	22	X	48400000	48450000	-
25	0.14	FALSE	6	21	X	47880000	48400000	-
26	0.22	FALSE	1	25	X	50275000	51700000	+
26	0.22	FALSE	2	43	X	117140000	117450000	+
27	0.29	FALSE	1	32	X	58550000	59300000	+
27	0.29	FALSE	2	33	X	59300000	60100000	+
27	0.29	FALSE	3	34	X	60100000	60900000	+
27	0.29	FALSE	4	35	X	60900000	61700000	+
27	0.29	FALSE	5	36	X	61700000	72250000	+
27	0.29	FALSE	6	37	X	72250000	77350000	+
27	0.29	FALSE	7	38	X	77350000	77775000	+
27	0.29	FALSE	8	39	X	77775000	77800000	+
27	0.29	FALSE	9	40	X	77800000	88450000	+
27	0.29	FALSE	10	41	X	88450000	92350000	+
27	0.29	FALSE	11	42	X	92350000	117140000	+
27	0.29	FALSE	12	43	X	117140000	117450000	+
28	0.07	FALSE	1	32	X	58550000	59300000	+
28	0.07	FALSE	2	33	X	59300000	60100000	+
28	0.07	FALSE	3	34	X	60100000	60900000	+
28	0.07	FALSE	4	35	X	60900000	61700000	+
28	0.07	FALSE	5	36	X	61700000	72250000	+
28	0.07	FALSE	6	37	X	72250000	77350000	+
28	0.07	FALSE	7	38	X	77350000	77775000	+
28	0.07	FALSE	8	39	X	77775000	77800000	+
28	0.07	FALSE	9	40	X	77800000	88450000	+
28	0.07	FALSE	10	41	X	88450000	92350000	+
28	0.07	FALSE	11	42	X	92350000	117140000	+
29	0.08	FALSE	1	10	X	11650000	12750000	+
29	0.08	FALSE	2	11	X	12750000	24450000	+
29	0.08	FALSE	3	12	X	24450000	24480000	+
29	0.08	FALSE	4	13	X	24480000	25450000	+
29	0.08	FALSE	5	14	X	25450000	38125000	+
29	0.08	FALSE	6	15	X	38125000	38160000	+
29	0.08	FALSE	7	16	X	38160000	39950000	+
29	0.08	FALSE	8	17	X	39950000	40550000	+
29	0.08	FALSE	9	18	X	40550000	41700000	+
29	0.08	FALSE	10	19	X	41700000	44350000	+
29	0.08	FALSE	11	20	X	44350000	47880000	+
29	0.08	FALSE	12	21	X	47880000	48400000	+
29	0.08	FALSE	13	22	X	48400000	48450000	+
29	0.08	FALSE	14	23	X	48450000	49400000	+
29	0.08	FALSE	15	24	X	49400000	50275000	+
29	0.08	FALSE	16	25	X	50275000	51700000	+
29	0.08	FALSE	17	26	X	51700000	52500000	+
29	0.08	FALSE	18	27	X	52500000	53000000	+
29	0.08	FALSE	19	28	X	53000000	54050000	+
29	0.08	FALSE	20	29	X	54050000	55030000	+
29	0.08	FALSE	21	30	X	55030000	55640000	+
30	0.42	FALSE	1	10	X	11650000	12750000	+
30	0.42	FALSE	2	11	X	12750000	24450000	+
30	0.42	FALSE	3	12	X	24450000	24480000	+
30	0.42	FALSE	4	13	X	24480000	25450000	+
30	0.42	FALSE	5	14	X	25450000	38125000	+
30	0.42	FALSE	6	15	X	38125000	38160000	+
30	0.42	FALSE	7	16	X	38160000	39950000	+
30	0.42	FALSE	8	17	X	39950000	40550000	+
30	0.42	FALSE	9	18	X	40550000	41700000	+
30	0.42	FALSE	10	19	X	41700000	44350000	+
30	0.42	FALSE	11	20	X	44350000	47880000	+
30	0.42	FALSE	12	21	X	47880000	48400000	+
30	0.42	FALSE	13	22	X	48400000	48450000	+
30	0.42	FALSE	14	23	X	48450000	49400000	+
31	0.02	FALSE	1	41	X	88450000	92350000	+
31	0.02	FALSE	2	42	X	92350000	117140000	+
32	0.25	FALSE	1	61	X	140300000	141090000	+
32	0.25	FALSE	2	62	X	141090000	141150000	+
32	0.25	FALSE	3	63	X	141150000	142150000	+
32	0.25	FALSE	4	64	X	142150000	143760000	+
32	0.25	FALSE	5	65	X	143760000	145590000	+
32	0.25	FALSE	6	66	X	145590000	153330000	+
32	0.25	FALSE	7	67	X	153330000	154950000	+
33	0.28	FALSE	1	11	X	12750000	24450000	+
33	0.28	FALSE	2	12	X	24450000	24480000	+
33	0.28	FALSE	3	13	X	24480000	25450000	+
34	0.02	FALSE	1	66	X	145590000	153330000	+
34	0.02	FALSE	2	67	X	153330000	154950000	+
34	0.02	FALSE	3	68	X	154950000	155200000	+
35	0.16	FALSE	1	17	X	39950000	40550000	+
35	0.16	FALSE	2	18	X	40550000	41700000	+
35	0.16	FALSE	3	19	X	41700000	44350000	+
35	0.16	FALSE	4	20	X	44350000	47880000	+
35	0.16	FALSE	5	21	X	47880000	48400000	+
35	0.16	FALSE	6	22	X	48400000	48450000	+
35	0.16	FALSE	7	23	X	48450000	49400000	+
36	0.07	FALSE	1	66	X	145590000	153330000	+
36	0.07	FALSE	2	67	X	153330000	154950000	+
37	0.01	FALSE	1	24	X	49400000	50275000	+
37	0.01	FALSE	2	25	X	50275000	51700000	+
37	0.01	FALSE	3	26	X	51700000	52500000	+
37	0.01	FALSE	4	27	X	52500000	53000000	+
37	0.01	FALSE	5	28	X	53000000	54050000	+
37	0.01	FALSE	6	29	X	54050000	55030000	+
37	0.01	FALSE	7	30	X	55030000	55640000	+
38	0.48	FALSE	1	57	X	130500000	130950000	+
38	0.48	FALSE	2	58	X	130950000	131100000	+
38	0.48	FALSE	3	59	X	131100000	136300000	+
39	0.21	FALSE	1	37	X	72250000	77350000	+
39	0.21	FALSE	2	38	X	77350000	77775000	+
39	0.21	FALSE	3	39	X	77775000	77800000	+
40	0.23	FALSE	1	23	X	48450000	49400000	-
40	0.23	FALSE	2	22	X	48400000	48450000	-
40	0.23	FALSE	3	21	X	47880000	48400000	-
40	0.23	FALSE	4	20	X	44350000	47880000	-
41	0.21	FALSE	1	53	X	125280000	129200000	+
41	0.21	FALSE	2	54	X	129200000	129240000	+
42	5.05	FALSE	1	32	X	58550000	59300000	+
42	5.05	FALSE	2	33	X	59300000	60100000	+
42	5.05	FALSE	3	34	X	60100000	60900000	+
42	5.05	FALSE	4	35	X	60900000	61700000	+
43	1.07	FALSE	1	27	X	52500000	53000000	+
43	1.07	FALSE	2	28	X	53000000	54050000	+
43	1.07	FALSE	3	29	X	54050000	55030000	+
43	1.07	FALSE	4	30	X	55030000	55640000	+
44	4.25	FALSE	1	33	X	59300000	60100000	+
44	4.25	FALSE	2	34	X	60100000	60900000	+
44	4.25	FALSE	3	35	X	60900000	61700000	+
45	0.03	FALSE	1	17	X	39950000	40550000	+
45	0.03	FALSE	2	18	X	40550000	41700000	+
46	7.5	FALSE	1	34	X	60100000	60900000	+
46	7.5	FALSE	2	35	X	60900000	61700000	+
47	0.17	FALSE	1	27	X	52500000	53000000	+
47	0.17	FALSE	2	28	X	53000000	54050000	+
48	1.55	FALSE	1	21	X	47880000	48400000	+
48	1.55	FALSE	2	22	X	48400000	48450000	+
48	1.55	FALSE	3	23	X	48450000	49400000	+
49	0.98	FALSE	1	50	X	122700000	123200000	+
49	0.98	FALSE	2	51	X	123200000	123300000	+
50	0.77	FALSE	1	7	X	10925000	11275000	+
50	0.77	FALSE	2	8	X	11275000	11300000	+
