ridge	R_all	R_cis	R_ext	cis_direction	ext_direction	g_cis_min	g_cis_max	g_ext_min	g_ext_max	cis_objective	ext_objective
0.01	1.2156930079996058	1.2221374827938893	1.174116888965961	increasing	increasing	0.9999999999999999	2.2795851083669443	0.7384770937635833	1.538602498410725	0.6672745799977772	0.20685307188577043
0.03	1.3150569469926057	1.331643015983975	1.2135537297394814	increasing	increasing	0.9999999999999999	2.063026189567761	0.8372921122952831	1.3355132806024521	0.673654720537992	0.20792745399863558
0.1	1.69238758507792	1.7760439460420292	1.2857077279783529	decreasing	increasing	0.9436272829658889	1.4698348454500474	0.9266430478689054	1.1423715324972672	0.6838415899619759	0.2090642743692248
0.3	1.8448838906152685	1.96402717399733	1.3108749893970555	decreasing	increasing	0.9674545325943701	1.2498135334254554	0.9711955348888518	1.0532060576660978	0.6949094957728637	0.2096424919883293
1.0	1.954562791758287	2.1043630515055387	1.3224089071226965	decreasing	increasing	0.98733627457485	1.089784987117046	0.9907755408108606	1.016628613385115	0.7036232608081014	0.20989344623629475
3.0	1.9930005022637658	2.1543687350642933	1.326019910261688	decreasing	increasing	0.995433790655223	1.0313211338019381	0.9968640900990912	1.0056081400560481	0.7070621759411664	0.20997087726578856
10.0	2.0069783865280972	2.1726494394641853	1.327312672713624	decreasing	increasing	0.9985920323531944	1.0095338865577506	0.999052617558167	1.0016893555201287	0.7083920864667363	0.20999862702387997
30.0	2.0110083814125614	2.1779291159681353	1.3276845217405993	decreasing	increasing	0.9995270492027573	1.0031908039197026	0.9996835484974227	1.0005637772968456	0.7087848690661744	0.2100066187692139
100.0	2.012421565095113	2.1797814798148845	1.3278148490064952	decreasing	increasing	0.9998576781390408	1.0009587491537157	0.9999048618353651	1.0001694921602395	0.70892371460947	0.21000942257603036
