sv_id	chrom1	pos1	chrom2	pos2	orientation	eaglec2_probability	vertex1	vertex2	junction_cn	endpoint_cn_capacity	cnv_breakpoint_target_cn	junction_pairs	junction_window_bp	poisson_background_eta	sv_reads_per_cn	poisson_expected_pairs	junction_fraction_of_capacity	cnv_identifiable
SV01	chr18	46600000	chr18	69850000	+-	1.0	chr18:46600000:R	chr18:69850000:L	0.6401021111650746	0.8523276263810552	0.8074562266119332	6.0	1000	0.0	10.084508750052006	6.455115340970957	0.751004767829619	True
SV02	chr18	29350000	chr18	31450000	-+	1.0	chr18:29350000:L	chr18:31450000:R	0.5729158176860794	2.47933806409337	1.0245792370093647	4.0	1000	0.0	10.084508750052006	5.777574576498467	0.23107611905905212	True
SV03	chr18	25600000	chr18	29600000	+-	0.9999	chr18:25600000:R	chr18:29600000:L	0.2741394364585669	0.5829645253090286	0.0	6.0	1000	0.0	10.084508750052006	2.764561545700744	0.47025063199728323	True
SV04	chr18	48050000	chr18	52550000	+-	0.9999	chr18:48050000:R	chr18:52550000:L	0.42657758134674406	0.7412643325773002	0.70370305355898	16.0	1000	0.0	10.084508750052006	4.3018253516672615	0.5754729623420265	True
SV05	chr18	39450000	chr18	71950000	-+	0.9999	chr18:39450000:L	chr18:71950000:R	0.44074962311578014	1.918000903557147	0.5532808878014994	3.0	1000	0.0	10.084508750052006	4.444743430893209	0.22979635843672477	True
SV06	chr18	22950000	chr18	47050000	--	0.9999	chr18:22950000:L	chr18:47050000:L	0.3750949803386744	1.1405731689501974	0.0	7.0	1000	0.0	10.084508750052006	3.7826486113259468	0.32886533766520043	True
SV07	chr18	28250000	chr18	41500000	+-	0.9998	chr18:28250000:R	chr18:41500000:L	0.22409396543199703	2.10345798260873	0.6658224221587075	2.0	1000	0.0	10.084508750052006	2.259877555232826	0.10653598373953417	True
SV08	chr18	28300000	chr18	37300000	+-	0.9997	chr18:28300000:R	chr18:37300000:L	0.2715681595340192	2.1655943069148993	0.8347053634148516	2.0	1000	0.0	10.084508750052006	2.7386314810563355	0.12540121603888707	True
SV09	chr18	50550000	chr18	64700000	+-	0.9997	chr18:50550000:R	chr18:64700000:L	0.5180487227418205	0.7614810290059989	0.7239197499876787	4.0	1000	0.0	10.084508750052006	5.224266877443154	0.6803173066807148	True
SV10	chr18	37150000	chr18	37800000	-+	0.998	chr18:37150000:L	chr18:37800000:R	0.16177583563322742	1.4547588270840053	0.19166046927653824	2.0	1000	0.0	10.084508750052006	1.631429829990257	0.11120457399629557	True
SV11	chr18	49750000	chr18	65800000	-+	0.9076	chr18:49750000:L	chr18:65800000:R	0.3587652452072492	0.7380190698399283	0.6931476700708061	3.0	1000	0.0	10.084508750052006	3.617971254507058	0.48611920730593466	True
SV12	chr18	28350000	chr18	42000000	++	0.5366	chr18:28350000:R	chr18:42000000:R	0.14061676804691733	2.10345798260873	0.7018181004495867	2.0	1000	0.0	10.084508750052006	1.4180510277731713	0.0668502861523875	True
