edge_id	chrom	boundary	reference_cn	boundary_capacity_cn	reference_continuity_ratio	is_sv_breakpoint
REF001	chrX	350000	0.0020000059398117102	0.0020000059398117102	1.0	True
REF002	chrX	2750000	0.0020000059398117102	0.0020000059398117102	1.0	False
REF003	chrX	3700000	0.6978408707172458	0.6978408707172458	1.0	True
REF004	chrX	7250000	0.6978408707172458	0.6978408707172458	1.0	True
REF005	chrX	7650000	0.6978408707172458	0.6978408707172458	1.0	True
REF006	chrX	10900000	0.6978408707172458	0.6978408707172458	1.0	False
REF007	chrX	11300000	1.4339183368811346	1.4339492843760053	0.999978417999013	True
REF008	chrX	24450000	1.4338760986846693	1.4339492843760053	0.9999489621480108	True
REF009	chrX	38300000	0.6717993337801665	0.671863471629617	0.9999045373767755	True
REF010	chrX	40550000	0.671863471629617	0.671863471629617	1.0	False
REF011	chrX	48000000	0.5134646783484178	0.7483110582641044	0.6861647608676641	True
REF012	chrX	50500000	0.7835742622958718	0.783741610556954	0.9997864752122025	True
REF013	chrX	51950000	0.7837402704635784	0.783741610556954	0.99999829013369	True
REF014	chrX	52200000	0.783741610556954	0.783741610556954	1.0	True
REF015	chrX	52650000	0.7837014133640895	0.783741610556954	0.9999487111666358	True
REF016	chrX	53700000	0.7837106536733137	0.783741610556954	0.9999605011610673	True
REF017	chrX	54000000	0.7750831752098665	0.783741610556954	0.9889524363253668	True
REF018	chrX	55000000	0.6969252745609276	0.6969755731167796	0.9999278331152596	True
REF019	chrX	55600000	0.055604791414652174	0.05651665927231614	0.9838655032090577	True
REF020	chrX	62400000	0.05651665927231614	0.05651665927231614	1.0	True
REF021	chrX	89250000	0.6951036376317878	0.6951036376317878	1.0	False
REF022	chrX	92850000	0.6584761654897303	0.7264774892099992	0.9063958281842756	False
REF023	chrX	118000000	0.6962013834884231	0.7264774892099992	0.9583247847713773	True
REF024	chrX	118250000	1.2589055079217706	1.2589055079217706	1.0	True
REF025	chrX	119000000	1.2589055079217706	1.2589055079217706	1.0	True
REF026	chrX	119100000	1.2589055079217706	1.2589055079217706	1.0	True
REF027	chrX	122700000	1.389282517919127	1.449409243354023	0.9585163916191406	True
REF028	chrX	126100000	1.449409243354023	1.449409243354023	1.0	True
REF029	chrX	126150000	0.9301704152212399	1.449409243354023	0.6417583022092281	False
REF030	chrX	130050000	2.053940657670214	2.053940657670214	1.0	True
REF031	chrX	130100000	1.46411917325984	1.4980720374358223	0.9773356265069216	True
REF032	chrX	131250000	0.9654052286892864	1.4980720374358223	0.6444317793567017	True
REF033	chrX	131950000	0.8317960607022319	1.44138426376578	0.5770814082076006	True
REF034	chrX	137200000	0.7087791723297265	0.7113443407363235	0.996393914649069	True
REF035	chrX	142000000	0.5977326448266442	0.7113443407363235	0.8402859355117972	True
REF036	chrX	143000000	1.3753006156976986	1.3753006156976986	1.0	True
REF037	chrX	143050000	1.375127489237537	1.3753006156976986	0.9998741173688243	False
REF038	chrX	144650000	1.3277376147763051	1.3277467517765034	0.9999931184164556	True
REF039	chrX	146500000	0.5978078912649396	0.6980101885059972	0.8564457956472986	True
REF040	chrX	154050000	0.6979685986765803	0.6980101885059972	0.9999404165868899	True
REF041	chrX	154300000	0.6854746421323916	0.6980101885059972	0.9820410266497165	False
