sv_id	chrom1	pos1	chrom2	pos2	orientation	eaglec2_probability	is_external	vertex1	vertex2	junction_cn	endpoint_cn_capacity	cnv_breakpoint_target_cn	junction_pairs	junction_window_bp	poisson_background_eta	sv_reads_per_cn	poisson_expected_pairs	junction_fraction_of_capacity	cnv_identifiable
SV01	chrX	24450000	chrX	131250000	+-	1.0	False	chrX:24450000:R	chrX:131250000:L	6.304002911200182e-05	1.4339492843760053	0.7250158732375589	0.0	50000	0.0	1.0	6.304002911200182e-05	4.396252349986994e-05	False
SV02	chrX	126100000	chrX	143000000	--	1.0	False	chrX:126100000:L	chrX:143000000:L	0.0	1.3753006156976986	0.0	0.0	50000	0.0	1.0	0.0	0.0	False
SV03	chrX	119100000	chrX	146500000	-+	1.0	False	chrX:119100000:L	chrX:146500000:R	0.7300344641078256	1.3277467517765034	0.8395097458893839	0.0	50000	0.0	1.0	0.7300344641078256	0.5498295990037644	True
SV04	chrX	38300000	chrX	48000000	+-	1.0	False	chrX:38300000:R	chrX:48000000:L	0.7510060722464676	1.286304317584612	0.7620858127463883	0.0	50000	0.0	1.0	0.7510060722464676	0.583847898183757	True
SV05	chrX	130100000	chrX	142000000	+-	1.0	False	chrX:130100000:R	chrX:142000000:L	0.5898479326946414	1.3753006156976986	0.6639562749613751	0.0	50000	0.0	1.0	0.5898479326946414	0.4288865473934278	True
SV06	chrX	52650000	chrX	137200000	++	1.0	False	chrX:52650000:R	chrX:137200000:R	0.00010305093777512883	0.783741610556954	0.7300399230294566	0.0	50000	0.0	1.0	0.00010305093777512883	0.00013148585756713523	False
SV07	chrX	55600000	chrX	119000000	+-	0.9999	False	chrX:55600000:R	chrX:119000000:L	0.0	0.6969755731167796	0.6404589138444634	0.0	50000	0.0	1.0	0.0	0.0	False
SV08	chrX	24450000	chrX	154050000	--	0.9999	False	chrX:24450000:L	chrX:154050000:L	6.869710690560565e-05	0.6980101885059972	0.0	0.0	50000	0.0	1.0	6.869710690560565e-05	9.841848734707318e-05	False
SV09	chrX	122700000	chrX	131950000	++	0.9997	False	chrX:122700000:R	chrX:131950000:R	0.7087807059592629	2.0984152538111545	0.7817036469076011	0.0	50000	0.0	1.0	0.7087807059592629	0.3377695166254492	True
SV10	chrX	118000000	chrX	144650000	-+	0.9995	False	chrX:118000000:L	chrX:144650000:R	0.5606207732897686	1.2589055079217706	0.6463036152594801	0.0	50000	0.0	1.0	0.5606207732897686	0.44532394986122026	True
SV11	chrX	54000000	chrX	55000000	-+	0.9994	False	chrX:54000000:L	chrX:55000000:R	0.6887986102088309	1.4676683517854339	0.7706927786686543	0.0	50000	0.0	1.0	0.6887986102088309	0.4693148894100634	True
SV12	chrX	50500000	chrX	53700000	++	0.9966	False	chrX:50500000:R	chrX:53700000:R	7.526498581634261e-05	0.783741610556954	0.502562707027658	0.0	50000	0.0	1.0	7.526498581634261e-05	9.603290778813785e-05	False
SV13	chrX	52200000	chrX	118250000	-+	0.994	False	chrX:52200000:L	chrX:118250000:R	0.0	0.783741610556954	0.0	0.0	50000	0.0	1.0	0.0	0.0	False
SV14	chrX	51950000	chrX	118000000	+-	0.9922	False	chrX:51950000:R	chrX:118000000:L	2.6469739993231567e-06	0.783741610556954	0.5324280187117714	0.0	50000	0.0	1.0	2.6469739993231567e-06	3.3773554493835345e-06	False
SV15	chrX	11300000	chrX	50500000	++	0.9803	False	chrX:11300000:R	chrX:50500000:R	7.524613567860002e-05	1.286304317584612	0.502562707027658	0.0	50000	0.0	1.0	7.524613567860002e-05	5.849792669583447e-05	False
SV16	chrX	7250000	chrX	7650000	+-	0.8492	False	chrX:7250000:R	chrX:7650000:L	0.0	0.6978408707172458	0.0	0.0	50000	0.0	1.0	0.0	0.0	False
SV17	chrX	52200000	chrX	130050000	-+	0.7052	False	chrX:52200000:L	chrX:130050000:R	0.0	0.783741610556954	0.0	0.0	50000	0.0	1.0	0.0	0.0	False
EXT01	chr22	46050000	chrX	3700000	-+	0.9992	True	chrX:3700000:R	chr22:46050000:EXT	0.6744060587153511	1.377448136833229	0.6796072661159832		50000				0.4896054092213006	True
EXT02	chr5	49700000	chrX	350000	+-	0.9999	True	chrX:350000:L	chr5:49700000:EXT	0.0	0.0020000059398117102	0.0		50000				0.0	False
EXT03	chr20	24650000	chrX	62400000	--	0.9934	True	chrX:62400000:L	chr20:24650000:EXT	0.633283113257272	0.6951036376317878	0.6385869783594718		50000				0.911062867423428	True
EXT04	chr20	31100000	chrX	350000	+-	0.6708	True	chrX:350000:L	chr20:31100000:EXT	0.0	0.0020000059398117102	0.0		50000				0.0	False
EXT05	chr4	49050000	chrX	350000	--	0.9953	True	chrX:350000:L	chr4:49050000:EXT	0.0	0.0020000059398117102	0.0		50000				0.0	False
