segment_id	chrom	side	source_cn	source_class
SEQ00001	chr1	L	1.216175979097276	telomere
SEQ00001	chr1	R	-0.0	unresolved
SEQ00002	chr1	L	0.19596781390146334	unresolved
SEQ00002	chr1	R	0.31551975725681713	unresolved
SEQ00003	chr1	L	-0.0	unresolved
SEQ00003	chr1	R	-0.0	unresolved
SEQ00004	chr1	L	0.31518895367011424	unresolved
SEQ00004	chr1	R	-0.0	unresolved
SEQ00005	chr1	L	1.3904065735150113	unresolved
SEQ00005	chr1	R	0.0	forbidden
SEQ00006	chr1	L	0.0	forbidden
SEQ00006	chr1	R	1.8399386619731737	unresolved
SEQ00007	chr1	L	-0.0	unresolved
SEQ00007	chr1	R	-0.0	unresolved
SEQ00008	chr1	L	0.8038545592613701	unresolved
SEQ00008	chr1	R	0.0	forbidden
SEQ00009	chr1	L	0.0	forbidden
SEQ00009	chr1	R	0.0	forbidden
SEQ00010	chr1	L	0.0	forbidden
SEQ00010	chr1	R	1.7510638225198287	unresolved
SEQ00011	chr1	L	-0.0	unresolved
SEQ00011	chr1	R	-0.0	unresolved
SEQ00012	chr1	L	2.029919087478068	unresolved
SEQ00012	chr1	R	0.0	forbidden
SEQ00013	chr1	L	0.0	forbidden
SEQ00013	chr1	R	0.0	forbidden
SEQ00014	chr1	L	0.0	forbidden
SEQ00014	chr1	R	0.0	forbidden
SEQ00015	chr1	L	0.0	forbidden
SEQ00015	chr1	R	0.0	forbidden
SEQ00016	chr1	L	0.0	forbidden
SEQ00016	chr1	R	0.0	forbidden
SEQ00017	chr1	L	0.0	forbidden
SEQ00017	chr1	R	0.0	forbidden
SEQ00018	chr1	L	0.0	forbidden
SEQ00018	chr1	R	0.0	forbidden
SEQ00019	chr1	L	0.0	forbidden
SEQ00019	chr1	R	0.0	forbidden
SEQ00020	chr1	L	0.0	forbidden
SEQ00020	chr1	R	2.0449907251734833	telomere
SEQ00021	chr10	L	1.349268061904915	telomere
SEQ00021	chr10	R	-0.0	unresolved
SEQ00022	chr10	L	0.08987897598634609	unresolved
SEQ00022	chr10	R	0.10440864790423299	unresolved
SEQ00023	chr10	L	-0.0	unresolved
SEQ00023	chr10	R	0.0	forbidden
SEQ00024	chr10	L	0.0	forbidden
SEQ00024	chr10	R	-0.0	unresolved
SEQ00025	chr10	L	0.39765911531402565	unresolved
SEQ00025	chr10	R	0.0	forbidden
SEQ00026	chr10	L	0.0	forbidden
SEQ00026	chr10	R	0.0	forbidden
SEQ00027	chr10	L	0.0	forbidden
SEQ00027	chr10	R	-0.0	unresolved
SEQ00028	chr10	L	0.36689558377860476	unresolved
SEQ00028	chr10	R	0.0	forbidden
SEQ00029	chr10	L	0.0	forbidden
SEQ00029	chr10	R	-0.0	unresolved
SEQ00030	chr10	L	0.8587088537372587	unresolved
SEQ00030	chr10	R	0.8678410498300848	unresolved
SEQ00031	chr10	L	-0.0	unresolved
SEQ00031	chr10	R	0.38789665517943983	unresolved
SEQ00032	chr10	L	-0.0	unresolved
SEQ00032	chr10	R	-0.0	unresolved
SEQ00033	chr10	L	0.41895215086298365	unresolved
SEQ00033	chr10	R	0.43153995802529765	unresolved
SEQ00034	chr10	L	-0.0	unresolved
SEQ00034	chr10	R	-0.0	unresolved
SEQ00035	chr10	L	0.4937819017666669	unresolved
SEQ00035	chr10	R	0.3988023515544077	unresolved
SEQ00036	chr10	L	-0.0	unresolved
SEQ00036	chr10	R	-0.0	unresolved
SEQ00037	chr10	L	0.27778323368070446	unresolved
SEQ00037	chr10	R	0.37303213714613737	unresolved
SEQ00038	chr10	L	-0.0	unresolved
SEQ00038	chr10	R	1.689407077391905	telomere
SEQ00039	chr11	L	1.4324988690670706	telomere
SEQ00039	chr11	R	-0.0	unresolved
SEQ00040	chr11	L	0.28076100293583295	unresolved
SEQ00040	chr11	R	0.11882739704592926	unresolved
SEQ00041	chr11	L	-0.0	unresolved
SEQ00041	chr11	R	-0.0	unresolved
SEQ00042	chr11	L	0.08793865701461079	unresolved
SEQ00042	chr11	R	0.10827789210481509	unresolved
SEQ00043	chr11	L	-0.0	unresolved
SEQ00043	chr11	R	-0.0	unresolved
SEQ00044	chr11	L	0.17357579490813557	unresolved
SEQ00044	chr11	R	0.17607782897485813	unresolved
SEQ00045	chr11	L	-0.0	unresolved
SEQ00045	chr11	R	-0.0	unresolved
SEQ00046	chr11	L	0.10845194833716307	unresolved
SEQ00046	chr11	R	-0.0	unresolved
SEQ00047	chr11	L	0.17530392448371268	unresolved
SEQ00047	chr11	R	0.0	forbidden
SEQ00048	chr11	L	0.0	forbidden
SEQ00048	chr11	R	0.24700120946455506	unresolved
SEQ00049	chr11	L	-0.0	unresolved
SEQ00049	chr11	R	0.4053959811337764	unresolved
SEQ00050	chr11	L	-0.0	unresolved
SEQ00050	chr11	R	-0.0	unresolved
SEQ00051	chr11	L	0.6165428267856559	unresolved
SEQ00051	chr11	R	-0.0	unresolved
SEQ00052	chr11	L	0.6756526592331578	unresolved
SEQ00052	chr11	R	1.2615537670075707	unresolved
SEQ00053	chr11	L	-0.0	unresolved
SEQ00053	chr11	R	0.1553301251424124	unresolved
SEQ00054	chr11	L	-0.0	unresolved
SEQ00054	chr11	R	-0.0	unresolved
SEQ00055	chr11	L	3.485685634367924	unresolved
SEQ00055	chr11	R	1.2830110591090609	unresolved
SEQ00056	chr11	L	-0.0	unresolved
SEQ00056	chr11	R	-0.0	unresolved
SEQ00057	chr11	L	1.902612628388579	unresolved
SEQ00057	chr11	R	1.646212585638152	unresolved
SEQ00058	chr11	L	-0.0	unresolved
SEQ00058	chr11	R	0.0	forbidden
SEQ00059	chr11	L	0.0	forbidden
SEQ00059	chr11	R	0.0	forbidden
SEQ00060	chr11	L	0.0	forbidden
SEQ00060	chr11	R	0.0	forbidden
SEQ00061	chr11	L	0.0	forbidden
SEQ00061	chr11	R	0.0	forbidden
SEQ00062	chr11	L	0.0	forbidden
SEQ00062	chr11	R	-0.0	unresolved
SEQ00063	chr11	L	4.003997491270905	unresolved
SEQ00063	chr11	R	0.0	forbidden
SEQ00064	chr11	L	0.0	forbidden
SEQ00064	chr11	R	-0.0	unresolved
SEQ00065	chr11	L	12.53166927743503	unresolved
SEQ00065	chr11	R	0.0	forbidden
SEQ00066	chr11	L	0.0	forbidden
SEQ00066	chr11	R	17.99197338554992	unresolved
SEQ00067	chr11	L	-0.0	unresolved
SEQ00067	chr11	R	0.38788007744056596	unresolved
SEQ00068	chr11	L	-0.0	unresolved
SEQ00068	chr11	R	0.0	forbidden
SEQ00069	chr11	L	0.0	forbidden
SEQ00069	chr11	R	0.4678323851409749	unresolved
SEQ00070	chr11	L	-0.0	unresolved
SEQ00070	chr11	R	-0.0	unresolved
SEQ00071	chr11	L	0.44116081852023364	unresolved
SEQ00071	chr11	R	0.25753006840106485	unresolved
SEQ00072	chr11	L	-0.0	unresolved
SEQ00072	chr11	R	-0.0	unresolved
SEQ00073	chr11	L	0.1469742679096686	unresolved
SEQ00073	chr11	R	-0.0	unresolved
SEQ00074	chr11	L	0.1486520755266143	unresolved
SEQ00074	chr11	R	0.20351299642135134	unresolved
SEQ00075	chr11	L	-0.0	unresolved
SEQ00075	chr11	R	-0.0	unresolved
SEQ00076	chr11	L	0.1767821968426957	unresolved
SEQ00076	chr11	R	0.15920242222254988	unresolved
SEQ00077	chr11	L	-0.0	unresolved
SEQ00077	chr11	R	-0.0	unresolved
SEQ00078	chr11	L	1.5382790216707636	unresolved
SEQ00078	chr11	R	0.0	forbidden
SEQ00079	chr11	L	0.0	forbidden
SEQ00079	chr11	R	-0.0	unresolved
SEQ00080	chr11	L	0.6015120895192303	unresolved
SEQ00080	chr11	R	0.0	forbidden
SEQ00081	chr11	L	0.0	forbidden
SEQ00081	chr11	R	0.0	forbidden
SEQ00082	chr11	L	0.0	forbidden
SEQ00082	chr11	R	-0.0	unresolved
SEQ00083	chr11	L	0.4020551599193021	unresolved
SEQ00083	chr11	R	0.9807475400150127	unresolved
SEQ00084	chr11	L	-0.0	unresolved
SEQ00084	chr11	R	0.8080507127084493	unresolved
SEQ00085	chr11	L	-0.0	unresolved
SEQ00085	chr11	R	0.5194678526030083	unresolved
SEQ00086	chr11	L	-0.0	unresolved
SEQ00086	chr11	R	0.26523056283569524	unresolved
SEQ00087	chr11	L	-0.0	unresolved
SEQ00087	chr11	R	-0.0	unresolved
SEQ00088	chr11	L	0.4984264491030954	unresolved
SEQ00088	chr11	R	0.40493880527687875	unresolved
SEQ00089	chr11	L	-0.0	unresolved
SEQ00089	chr11	R	0.0	forbidden
SEQ00090	chr11	L	0.0	forbidden
SEQ00090	chr11	R	0.4130136444429837	unresolved
SEQ00091	chr11	L	-0.0	unresolved
SEQ00091	chr11	R	-0.0	unresolved
SEQ00092	chr11	L	0.4177296837258082	unresolved
SEQ00092	chr11	R	0.0	forbidden
SEQ00093	chr11	L	0.0	forbidden
SEQ00093	chr11	R	-0.0	unresolved
SEQ00094	chr11	L	1.50330912018062	unresolved
SEQ00094	chr11	R	0.8630300131923061	unresolved
SEQ00095	chr11	L	-0.0	unresolved
SEQ00095	chr11	R	0.6436255439750251	unresolved
SEQ00096	chr11	L	-0.0	unresolved
SEQ00096	chr11	R	0.41907608480150027	unresolved
SEQ00097	chr11	L	-0.0	unresolved
SEQ00097	chr11	R	0.0	forbidden
SEQ00098	chr11	L	0.0	forbidden
SEQ00098	chr11	R	-0.0	unresolved
SEQ00099	chr11	L	0.9550625675831868	unresolved
SEQ00099	chr11	R	-0.0	unresolved
SEQ00100	chr11	L	0.5468104356725418	unresolved
SEQ00100	chr11	R	0.4546962480558241	unresolved
SEQ00101	chr11	L	-0.0	unresolved
SEQ00101	chr11	R	2.4600352701538584	telomere
SEQ00102	chr12	L	3.186078912854374	telomere
SEQ00102	chr12	R	0.24452801401555346	unresolved
SEQ00103	chr12	L	-0.0	unresolved
SEQ00103	chr12	R	0.8296914819298244	unresolved
SEQ00104	chr12	L	-0.0	unresolved
SEQ00104	chr12	R	-0.0	unresolved
SEQ00105	chr12	L	0.30353702540279626	unresolved
SEQ00105	chr12	R	0.4624283210243296	unresolved
SEQ00106	chr12	L	-0.0	unresolved
SEQ00106	chr12	R	-0.0	unresolved
SEQ00107	chr12	L	0.6528565179193422	unresolved
SEQ00107	chr12	R	0.27451279043265275	unresolved
SEQ00108	chr12	L	-0.0	unresolved
SEQ00108	chr12	R	-0.0	unresolved
SEQ00109	chr12	L	0.15545111915598175	unresolved
SEQ00109	chr12	R	0.0	forbidden
SEQ00110	chr12	L	0.0	forbidden
SEQ00110	chr12	R	-0.0	unresolved
SEQ00111	chr12	L	0.5099086526596195	unresolved
SEQ00111	chr12	R	0.15135145276321627	unresolved
SEQ00112	chr12	L	-0.0	unresolved
SEQ00112	chr12	R	0.16844103405566546	unresolved
SEQ00113	chr12	L	-0.0	unresolved
SEQ00113	chr12	R	-0.0	unresolved
SEQ00114	chr12	L	0.22807825161419082	unresolved
SEQ00114	chr12	R	0.21561581872078284	unresolved
SEQ00115	chr12	L	-0.0	unresolved
SEQ00115	chr12	R	0.0	forbidden
SEQ00116	chr12	L	0.0	forbidden
SEQ00116	chr12	R	-0.0	unresolved
SEQ00117	chr12	L	0.8257517752426153	unresolved
SEQ00117	chr12	R	0.595419933059389	unresolved
SEQ00118	chr12	L	-0.0	unresolved
SEQ00118	chr12	R	0.8272070911334408	unresolved
SEQ00119	chr12	L	-0.0	unresolved
SEQ00119	chr12	R	0.0	forbidden
SEQ00120	chr12	L	0.0	forbidden
SEQ00120	chr12	R	0.0	forbidden
SEQ00121	chr12	L	0.0	forbidden
SEQ00121	chr12	R	0.0	forbidden
SEQ00122	chr12	L	0.0	forbidden
SEQ00122	chr12	R	0.7281047706150146	unresolved
SEQ00123	chr12	L	-0.0	unresolved
SEQ00123	chr12	R	-0.0	unresolved
SEQ00124	chr12	L	0.7306712078117084	unresolved
SEQ00124	chr12	R	0.2316810584750586	unresolved
SEQ00125	chr12	L	-0.0	unresolved
SEQ00125	chr12	R	-0.0	unresolved
SEQ00126	chr12	L	0.20104539056645487	unresolved
SEQ00126	chr12	R	-0.0	unresolved
SEQ00127	chr12	L	0.21900827970102288	unresolved
SEQ00127	chr12	R	0.20199374769261436	unresolved
SEQ00128	chr12	L	-0.0	unresolved
SEQ00128	chr12	R	0.2749232075227237	unresolved
SEQ00129	chr12	L	-0.0	unresolved
SEQ00129	chr12	R	-0.0	unresolved
SEQ00130	chr12	L	0.2602561637042369	unresolved
SEQ00130	chr12	R	0.23403650381222252	unresolved
SEQ00131	chr12	L	-0.0	unresolved
SEQ00131	chr12	R	0.1720005646520737	unresolved
SEQ00132	chr12	L	-0.0	unresolved
SEQ00132	chr12	R	-0.0	unresolved
SEQ00133	chr12	L	0.20231744938374918	unresolved
SEQ00133	chr12	R	-0.0	unresolved
SEQ00134	chr12	L	0.38159469153045733	unresolved
SEQ00134	chr12	R	0.23700370195880982	unresolved
SEQ00135	chr12	L	-0.0	unresolved
SEQ00135	chr12	R	-0.0	unresolved
SEQ00136	chr12	L	0.5164087043806278	unresolved
SEQ00136	chr12	R	-0.0	unresolved
SEQ00137	chr12	L	0.3826467829338398	unresolved
SEQ00137	chr12	R	0.41370060662496666	unresolved
SEQ00138	chr12	L	-0.0	unresolved
SEQ00138	chr12	R	0.44179722455551174	unresolved
SEQ00139	chr12	L	-0.0	unresolved
SEQ00139	chr12	R	-0.0	unresolved
SEQ00140	chr12	L	0.6540334131848455	unresolved
SEQ00140	chr12	R	0.22879905792617405	unresolved
SEQ00141	chr12	L	-0.0	unresolved
SEQ00141	chr12	R	0.2849348116700794	unresolved
SEQ00142	chr12	L	-0.0	unresolved
SEQ00142	chr12	R	0.2547072234110517	unresolved
SEQ00143	chr12	L	-0.0	unresolved
SEQ00143	chr12	R	-0.0	unresolved
SEQ00144	chr12	L	0.25761198148236675	unresolved
SEQ00144	chr12	R	-0.0	unresolved
SEQ00145	chr12	L	0.1512237084126551	unresolved
SEQ00145	chr12	R	-0.0	unresolved
SEQ00146	chr12	L	0.3383562101527642	unresolved
SEQ00146	chr12	R	0.40917786177458026	unresolved
SEQ00147	chr12	L	-0.0	unresolved
SEQ00147	chr12	R	2.274779960267913	telomere
SEQ00148	chr13	L	0.0020000059398117102	telomere
SEQ00148	chr13	R	0.0	forbidden
SEQ00149	chr13	L	0.0	forbidden
SEQ00149	chr13	R	0.0	forbidden
SEQ00150	chr13	L	0.0	forbidden
SEQ00150	chr13	R	0.0	forbidden
SEQ00151	chr13	L	0.0	forbidden
SEQ00151	chr13	R	-0.0	unresolved
SEQ00152	chr13	L	2.1818548884721674	unresolved
SEQ00152	chr13	R	0.600995616731653	unresolved
SEQ00153	chr13	L	-0.0	unresolved
SEQ00153	chr13	R	-0.0	unresolved
SEQ00154	chr13	L	0.24541053959251902	unresolved
SEQ00154	chr13	R	-0.0	unresolved
SEQ00155	chr13	L	0.21702001795932913	unresolved
SEQ00155	chr13	R	0.1598313303983716	unresolved
SEQ00156	chr13	L	-0.0	unresolved
SEQ00156	chr13	R	0.0	forbidden
SEQ00157	chr13	L	0.0	forbidden
SEQ00157	chr13	R	-0.0	unresolved
SEQ00158	chr13	L	0.46353870548653275	unresolved
SEQ00158	chr13	R	0.0	forbidden
SEQ00159	chr13	L	0.0	forbidden
SEQ00159	chr13	R	-0.0	unresolved
SEQ00160	chr13	L	0.2906918523927886	unresolved
SEQ00160	chr13	R	0.7764471470862415	unresolved
SEQ00161	chr13	L	-0.0	unresolved
SEQ00161	chr13	R	0.313407592531751	unresolved
SEQ00162	chr13	L	-0.0	unresolved
SEQ00162	chr13	R	-0.0	unresolved
SEQ00163	chr13	L	0.7433583976961626	unresolved
SEQ00163	chr13	R	0.8583514015799834	unresolved
SEQ00164	chr13	L	-0.0	unresolved
SEQ00164	chr13	R	-0.0	unresolved
SEQ00165	chr13	L	0.1284524775584761	unresolved
SEQ00165	chr13	R	0.0	forbidden
SEQ00166	chr13	L	0.0	forbidden
SEQ00166	chr13	R	0.35112886249299247	unresolved
SEQ00167	chr13	L	-0.0	unresolved
SEQ00167	chr13	R	-0.0	unresolved
SEQ00168	chr13	L	0.10560692723590126	unresolved
SEQ00168	chr13	R	-0.0	unresolved
SEQ00169	chr13	L	1.174421979081001	unresolved
SEQ00169	chr13	R	2.6034379100599416	telomere
SEQ00170	chr14	L	0.016449984103123285	telomere
SEQ00170	chr14	R	-0.0	unresolved
SEQ00171	chr14	L	0.2637133377675062	unresolved
SEQ00171	chr14	R	-0.0	unresolved
SEQ00172	chr14	L	2.1762851900869387	unresolved
SEQ00172	chr14	R	-0.0	unresolved
SEQ00173	chr14	L	0.23237860968840351	unresolved
SEQ00173	chr14	R	-0.0	unresolved
SEQ00174	chr14	L	0.6194497968663617	unresolved
SEQ00174	chr14	R	0.5113588361623056	unresolved
SEQ00175	chr14	L	-0.0	unresolved
SEQ00175	chr14	R	0.11847061614598209	unresolved
SEQ00176	chr14	L	-0.0	unresolved
SEQ00176	chr14	R	0.0	forbidden
SEQ00177	chr14	L	0.0	forbidden
SEQ00177	chr14	R	-0.0	unresolved
SEQ00178	chr14	L	0.2798292336873338	unresolved
SEQ00178	chr14	R	0.15195577875052235	unresolved
SEQ00179	chr14	L	-0.0	unresolved
SEQ00179	chr14	R	-0.0	unresolved
SEQ00180	chr14	L	2.3005160369074034	unresolved
SEQ00180	chr14	R	0.0	forbidden
SEQ00181	chr14	L	0.0	forbidden
SEQ00181	chr14	R	2.277894170517962	unresolved
SEQ00182	chr14	L	-0.0	unresolved
SEQ00182	chr14	R	0.0	forbidden
SEQ00183	chr14	L	0.0	forbidden
SEQ00183	chr14	R	-0.0	unresolved
SEQ00184	chr14	L	2.0941331737266204	unresolved
SEQ00184	chr14	R	0.49140736354069414	unresolved
SEQ00185	chr14	L	-0.0	unresolved
SEQ00185	chr14	R	0.0	forbidden
SEQ00186	chr14	L	0.0	forbidden
SEQ00186	chr14	R	0.47674726049597593	unresolved
SEQ00187	chr14	L	-0.0	unresolved
SEQ00187	chr14	R	0.4120207117219423	unresolved
SEQ00188	chr14	L	-0.0	unresolved
SEQ00188	chr14	R	-0.0	unresolved
SEQ00189	chr14	L	0.6324866018541915	unresolved
SEQ00189	chr14	R	-0.0	unresolved
SEQ00190	chr14	L	0.5022500704227912	unresolved
SEQ00190	chr14	R	0.35005876645663303	unresolved
SEQ00191	chr14	L	-0.0	unresolved
SEQ00191	chr14	R	0.32025219587437714	unresolved
SEQ00192	chr14	L	-0.0	unresolved
SEQ00192	chr14	R	-0.0	unresolved
SEQ00193	chr14	L	0.565227006211865	unresolved
SEQ00193	chr14	R	-0.0	unresolved
SEQ00194	chr14	L	2.0006198588859077	unresolved
SEQ00194	chr14	R	4.651573541729667	unresolved
SEQ00195	chr14	L	-0.0	unresolved
SEQ00195	chr14	R	1.9215996588123847	telomere
SEQ00196	chr15	L	0.0020000059398117102	telomere
SEQ00196	chr15	R	-0.0	unresolved
SEQ00197	chr15	L	0.5965235777205898	unresolved
SEQ00197	chr15	R	-0.0	unresolved
SEQ00198	chr15	L	1.8520627950181199	unresolved
SEQ00198	chr15	R	0.0	forbidden
SEQ00199	chr15	L	0.0	forbidden
SEQ00199	chr15	R	0.0	forbidden
SEQ00200	chr15	L	0.0	forbidden
SEQ00200	chr15	R	1.5065855703830062	unresolved
SEQ00201	chr15	L	-0.0	unresolved
SEQ00201	chr15	R	0.0	forbidden
SEQ00202	chr15	L	0.0	forbidden
SEQ00202	chr15	R	-0.0	unresolved
SEQ00203	chr15	L	1.344243353874387	unresolved
SEQ00203	chr15	R	0.6233274591864075	unresolved
SEQ00204	chr15	L	-0.0	unresolved
SEQ00204	chr15	R	-0.0	unresolved
SEQ00205	chr15	L	0.3919539894311701	unresolved
SEQ00205	chr15	R	0.0	forbidden
SEQ00206	chr15	L	0.0	forbidden
SEQ00206	chr15	R	-0.0	unresolved
SEQ00207	chr15	L	0.598206857308333	unresolved
SEQ00207	chr15	R	-0.0	unresolved
SEQ00208	chr15	L	4.138539984808068	unresolved
SEQ00208	chr15	R	0.0	forbidden
SEQ00209	chr15	L	0.0	forbidden
SEQ00209	chr15	R	0.0	forbidden
SEQ00210	chr15	L	0.0	forbidden
SEQ00210	chr15	R	5.331074576878581	unresolved
SEQ00211	chr15	L	-0.0	unresolved
SEQ00211	chr15	R	1.4625429576524833	telomere
SEQ00212	chr16	L	1.944600773031456	telomere
SEQ00212	chr16	R	0.545475638108911	unresolved
SEQ00213	chr16	L	-0.0	unresolved
SEQ00213	chr16	R	-0.0	unresolved
SEQ00214	chr16	L	0.13657016848649084	unresolved
SEQ00214	chr16	R	-0.0	unresolved
SEQ00215	chr16	L	0.4736265588560611	unresolved
SEQ00215	chr16	R	0.3371350853249613	unresolved
SEQ00216	chr16	L	-0.0	unresolved
SEQ00216	chr16	R	-0.0	unresolved
SEQ00217	chr16	L	0.30650280604757985	unresolved
SEQ00217	chr16	R	-0.0	unresolved
SEQ00218	chr16	L	0.28358022252348514	unresolved
SEQ00218	chr16	R	0.33731296430757984	unresolved
SEQ00219	chr16	L	-0.0	unresolved
SEQ00219	chr16	R	0.17839708918441355	unresolved
SEQ00220	chr16	L	-0.0	unresolved
SEQ00220	chr16	R	0.2541745086927292	unresolved
SEQ00221	chr16	L	-0.0	unresolved
SEQ00221	chr16	R	-0.0	unresolved
SEQ00222	chr16	L	0.14829944038542053	unresolved
SEQ00222	chr16	R	-0.0	unresolved
SEQ00223	chr16	L	0.41321710777534526	unresolved
SEQ00223	chr16	R	-0.0	unresolved
SEQ00224	chr16	L	0.8022843404881419	unresolved
SEQ00224	chr16	R	0.0	forbidden
SEQ00225	chr16	L	0.0	forbidden
SEQ00225	chr16	R	1.0768574911965443	unresolved
SEQ00226	chr16	L	-0.0	unresolved
SEQ00226	chr16	R	0.0	forbidden
SEQ00227	chr16	L	0.0	forbidden
SEQ00227	chr16	R	-0.0	unresolved
SEQ00228	chr16	L	0.7075808453503889	unresolved
SEQ00228	chr16	R	0.0	forbidden
SEQ00229	chr16	L	0.0	forbidden
SEQ00229	chr16	R	0.0	forbidden
SEQ00230	chr16	L	0.0	forbidden
SEQ00230	chr16	R	0.5121759418267411	unresolved
SEQ00231	chr16	L	-0.0	unresolved
SEQ00231	chr16	R	0.0	forbidden
SEQ00232	chr16	L	0.0	forbidden
SEQ00232	chr16	R	0.0	forbidden
SEQ00233	chr16	L	0.0	forbidden
SEQ00233	chr16	R	0.0	forbidden
SEQ00234	chr16	L	0.0	forbidden
SEQ00234	chr16	R	0.0	forbidden
SEQ00235	chr16	L	0.0	forbidden
SEQ00235	chr16	R	1.9727335383626776	unresolved
SEQ00236	chr16	L	-0.0	unresolved
SEQ00236	chr16	R	-0.0	unresolved
SEQ00237	chr16	L	2.541676136066934	unresolved
SEQ00237	chr16	R	1.2865416516069772	unresolved
SEQ00238	chr16	L	-0.0	unresolved
SEQ00238	chr16	R	0.0	forbidden
SEQ00239	chr16	L	0.0	forbidden
SEQ00239	chr16	R	1.2571344903997683	telomere
SEQ00240	chr17	L	2.1494908961303216	telomere
SEQ00240	chr17	R	0.8881502082127277	unresolved
SEQ00241	chr17	L	-0.0	unresolved
SEQ00241	chr17	R	-0.0	unresolved
SEQ00242	chr17	L	0.8564843391555452	unresolved
SEQ00242	chr17	R	0.0	forbidden
SEQ00243	chr17	L	0.0	forbidden
SEQ00243	chr17	R	0.0	forbidden
SEQ00244	chr17	L	0.0	forbidden
SEQ00244	chr17	R	0.0	forbidden
SEQ00245	chr17	L	0.0	forbidden
SEQ00245	chr17	R	-0.0	unresolved
SEQ00246	chr17	L	1.0285639289721042	unresolved
SEQ00246	chr17	R	0.415233186563817	unresolved
SEQ00247	chr17	L	-0.0	unresolved
SEQ00247	chr17	R	-0.0	unresolved
SEQ00248	chr17	L	0.35829405231501177	unresolved
SEQ00248	chr17	R	-0.0	unresolved
SEQ00249	chr17	L	0.7293746530945526	unresolved
SEQ00249	chr17	R	0.6112681621753899	unresolved
SEQ00250	chr17	L	-0.0	unresolved
SEQ00250	chr17	R	3.2194449918951995	telomere
SEQ00251	chr18	L	1.9830093775307454	telomere
SEQ00251	chr18	R	0.0	forbidden
SEQ00252	chr18	L	0.0	forbidden
SEQ00252	chr18	R	0.0	forbidden
SEQ00253	chr18	L	0.0	forbidden
SEQ00253	chr18	R	1.4000448522217166	unresolved
SEQ00254	chr18	L	-0.0	unresolved
SEQ00254	chr18	R	0.0	forbidden
SEQ00255	chr18	L	0.0	forbidden
SEQ00255	chr18	R	-0.0	unresolved
SEQ00256	chr18	L	0.9943310090287921	unresolved
SEQ00256	chr18	R	0.15970684310423056	unresolved
SEQ00257	chr18	L	-0.0	unresolved
SEQ00257	chr18	R	-0.0	unresolved
SEQ00258	chr18	L	0.7480056156813091	unresolved
SEQ00258	chr18	R	0.0	forbidden
SEQ00259	chr18	L	0.0	forbidden
SEQ00259	chr18	R	0.0	forbidden
SEQ00260	chr18	L	0.0	forbidden
SEQ00260	chr18	R	0.7018181004495867	unresolved
SEQ00261	chr18	L	-0.0	unresolved
SEQ00261	chr18	R	0.0	forbidden
SEQ00262	chr18	L	0.0	forbidden
SEQ00262	chr18	R	-0.0	unresolved
SEQ00263	chr18	L	1.0155618576280574	unresolved
SEQ00263	chr18	R	0.0	forbidden
SEQ00264	chr18	L	0.0	forbidden
SEQ00264	chr18	R	0.0	forbidden
SEQ00265	chr18	L	0.0	forbidden
SEQ00265	chr18	R	1.0245792370093647	unresolved
SEQ00266	chr18	L	-0.0	unresolved
SEQ00266	chr18	R	0.0	forbidden
SEQ00267	chr18	L	0.0	forbidden
SEQ00267	chr18	R	0.0	forbidden
SEQ00268	chr18	L	0.0	forbidden
SEQ00268	chr18	R	-0.0	unresolved
SEQ00269	chr18	L	0.8347053634148516	unresolved
SEQ00269	chr18	R	0.19166046927653824	unresolved
SEQ00270	chr18	L	-0.0	unresolved
SEQ00270	chr18	R	0.0	forbidden
SEQ00271	chr18	L	0.0	forbidden
SEQ00271	chr18	R	0.0	forbidden
SEQ00272	chr18	L	0.0	forbidden
SEQ00272	chr18	R	0.660168160772296	unresolved
SEQ00273	chr18	L	-0.0	unresolved
SEQ00273	chr18	R	0.0	forbidden
SEQ00274	chr18	L	0.0	forbidden
SEQ00274	chr18	R	-0.0	unresolved
SEQ00275	chr18	L	0.6658224221587075	unresolved
SEQ00275	chr18	R	0.0	forbidden
SEQ00276	chr18	L	0.0	forbidden
SEQ00276	chr18	R	0.630995373020881	unresolved
SEQ00277	chr18	L	-0.0	unresolved
SEQ00277	chr18	R	0.0	unresolved
SEQ00278	chr18	L	0.4755667859742816	unresolved
SEQ00278	chr18	R	0.0	forbidden
SEQ00279	chr18	L	0.0	forbidden
SEQ00279	chr18	R	0.37909213994419855	unresolved
SEQ00280	chr18	L	-0.0	unresolved
SEQ00280	chr18	R	0.0	forbidden
SEQ00281	chr18	L	0.0	forbidden
SEQ00281	chr18	R	0.0	forbidden
SEQ00282	chr18	L	0.0	forbidden
SEQ00282	chr18	R	0.7239197499876787	unresolved
SEQ00283	chr18	L	-0.0	unresolved
SEQ00283	chr18	R	0.0	forbidden
SEQ00284	chr18	L	0.0	forbidden
SEQ00284	chr18	R	-0.0	unresolved
SEQ00285	chr18	L	0.70370305355898	unresolved
SEQ00285	chr18	R	-0.0	unresolved
SEQ00286	chr18	L	1.306794842382669	unresolved
SEQ00286	chr18	R	0.0	forbidden
SEQ00287	chr18	L	0.0	forbidden
SEQ00287	chr18	R	1.3100401051200408	unresolved
SEQ00288	chr18	L	-0.0	unresolved
SEQ00288	chr18	R	0.0	forbidden
SEQ00289	chr18	L	0.0	forbidden
SEQ00289	chr18	R	0.6931476700708061	unresolved
SEQ00290	chr18	L	-0.0	unresolved
SEQ00290	chr18	R	-0.0	unresolved
SEQ00291	chr18	L	0.0	unresolved
SEQ00291	chr18	R	0.0	forbidden
SEQ00292	chr18	L	0.0	forbidden
SEQ00292	chr18	R	-0.0	unresolved
SEQ00293	chr18	L	0.5574200841725979	unresolved
SEQ00293	chr18	R	-0.0	unresolved
SEQ00294	chr18	L	0.0	unresolved
SEQ00294	chr18	R	0.0	forbidden
SEQ00295	chr18	L	0.0	forbidden
SEQ00295	chr18	R	0.5532808878014994	unresolved
SEQ00296	chr18	L	-0.0	unresolved
SEQ00296	chr18	R	0.27808834593708087	unresolved
SEQ00297	chr18	L	-0.0	unresolved
SEQ00297	chr18	R	-0.0	unresolved
SEQ00298	chr18	L	0.1929364911905409	unresolved
SEQ00298	chr18	R	0.6596584540297382	unresolved
SEQ00299	chr18	L	-0.0	unresolved
SEQ00299	chr18	R	0.6199097069793694	telomere
SEQ00300	chr19	L	1.29355823095681	telomere
SEQ00300	chr19	R	0.0	forbidden
SEQ00301	chr19	L	0.0	forbidden
SEQ00301	chr19	R	0.0	forbidden
SEQ00302	chr19	L	0.0	forbidden
SEQ00302	chr19	R	0.0	forbidden
SEQ00303	chr19	L	0.0	forbidden
SEQ00303	chr19	R	1.2915582250169984	unresolved
SEQ00304	chr19	L	-0.0	unresolved
SEQ00304	chr19	R	-0.0	unresolved
SEQ00305	chr19	L	1.6911901428526395	unresolved
SEQ00305	chr19	R	0.0	forbidden
SEQ00306	chr19	L	0.0	forbidden
SEQ00306	chr19	R	0.0	forbidden
SEQ00307	chr19	L	0.0	forbidden
SEQ00307	chr19	R	-0.0	unresolved
SEQ00308	chr19	L	1.3880497245395196	unresolved
SEQ00308	chr19	R	0.0	forbidden
SEQ00309	chr19	L	0.0	forbidden
SEQ00309	chr19	R	0.0	forbidden
SEQ00310	chr19	L	0.0	forbidden
SEQ00310	chr19	R	2.0594780058219815	unresolved
SEQ00311	chr19	L	-0.0	unresolved
SEQ00311	chr19	R	0.0	forbidden
SEQ00312	chr19	L	0.0	forbidden
SEQ00312	chr19	R	-0.0	unresolved
SEQ00313	chr19	L	0.7831144785839239	unresolved
SEQ00313	chr19	R	0.5857294229924688	unresolved
SEQ00314	chr19	L	-0.0	unresolved
SEQ00314	chr19	R	-0.0	unresolved
SEQ00315	chr19	L	0.45916747418910586	unresolved
SEQ00315	chr19	R	0.0	forbidden
SEQ00316	chr19	L	0.0	forbidden
SEQ00316	chr19	R	0.0	forbidden
SEQ00317	chr19	L	0.0	forbidden
SEQ00317	chr19	R	0.5026347531449951	unresolved
SEQ00318	chr19	L	-0.0	unresolved
SEQ00318	chr19	R	0.0	forbidden
SEQ00319	chr19	L	0.0	forbidden
SEQ00319	chr19	R	-0.0	unresolved
SEQ00320	chr19	L	0.5021915871671463	unresolved
SEQ00320	chr19	R	0.0	forbidden
SEQ00321	chr19	L	0.0	forbidden
SEQ00321	chr19	R	0.23947315154263582	unresolved
SEQ00322	chr19	L	-0.0	unresolved
SEQ00322	chr19	R	0.0	forbidden
SEQ00323	chr19	L	0.0	forbidden
SEQ00323	chr19	R	0.17416278284360254	unresolved
SEQ00324	chr19	L	-0.0	unresolved
SEQ00324	chr19	R	-0.0	unresolved
SEQ00325	chr19	L	0.21977283754762644	unresolved
SEQ00325	chr19	R	-0.0	unresolved
SEQ00326	chr19	L	0.2609688403134798	unresolved
SEQ00326	chr19	R	0.32983284140661984	unresolved
SEQ00327	chr19	L	-0.0	unresolved
SEQ00327	chr19	R	-0.0	unresolved
SEQ00328	chr19	L	0.46816626790493054	unresolved
SEQ00328	chr19	R	0.0	forbidden
SEQ00329	chr19	L	0.0	forbidden
SEQ00329	chr19	R	0.5439724849804286	unresolved
SEQ00330	chr19	L	-0.0	unresolved
SEQ00330	chr19	R	1.3393379163054513	telomere
SEQ00331	chr2	L	1.200863356993367	telomere
SEQ00331	chr2	R	-0.0	unresolved
SEQ00332	chr2	L	0.3787702863099274	unresolved
SEQ00332	chr2	R	0.25205530012249344	unresolved
SEQ00333	chr2	L	-0.0	unresolved
SEQ00333	chr2	R	-0.0	unresolved
SEQ00334	chr2	L	0.843085015067754	unresolved
SEQ00334	chr2	R	0.0	forbidden
SEQ00335	chr2	L	0.0	forbidden
SEQ00335	chr2	R	0.7114994000917647	unresolved
SEQ00336	chr2	L	-0.0	unresolved
SEQ00336	chr2	R	0.2341382717966427	unresolved
SEQ00337	chr2	L	-0.0	unresolved
SEQ00337	chr2	R	-0.0	unresolved
SEQ00338	chr2	L	0.2684336947773902	unresolved
SEQ00338	chr2	R	0.0	forbidden
SEQ00339	chr2	L	0.0	forbidden
SEQ00339	chr2	R	0.0	forbidden
SEQ00340	chr2	L	0.0	forbidden
SEQ00340	chr2	R	0.1567489233014545	unresolved
SEQ00341	chr2	L	-0.0	unresolved
SEQ00341	chr2	R	0.0	forbidden
SEQ00342	chr2	L	0.0	forbidden
SEQ00342	chr2	R	-0.0	unresolved
SEQ00343	chr2	L	0.65438240683958	unresolved
SEQ00343	chr2	R	-0.0	unresolved
SEQ00344	chr2	L	0.1585425579280091	unresolved
SEQ00344	chr2	R	0.24972881860298157	unresolved
SEQ00345	chr2	L	-0.0	unresolved
SEQ00345	chr2	R	0.231703439678975	unresolved
SEQ00346	chr2	L	-0.0	unresolved
SEQ00346	chr2	R	-0.0	unresolved
SEQ00347	chr2	L	0.23322389924507947	unresolved
SEQ00347	chr2	R	-0.0	unresolved
SEQ00348	chr2	L	0.27090853707121765	unresolved
SEQ00348	chr2	R	0.0	forbidden
SEQ00349	chr2	L	0.0	forbidden
SEQ00349	chr2	R	0.0	forbidden
SEQ00350	chr2	L	0.0	forbidden
SEQ00350	chr2	R	0.0	forbidden
SEQ00351	chr2	L	0.0	forbidden
SEQ00351	chr2	R	0.0	forbidden
SEQ00352	chr2	L	0.0	forbidden
SEQ00352	chr2	R	0.269948549928855	unresolved
SEQ00353	chr2	L	-0.0	unresolved
SEQ00353	chr2	R	1.9003870447693463	unresolved
SEQ00354	chr2	L	-0.0	unresolved
SEQ00354	chr2	R	-0.0	unresolved
SEQ00355	chr2	L	2.6097756883288006	unresolved
SEQ00355	chr2	R	1.0251838918737521	unresolved
SEQ00356	chr2	L	-0.0	unresolved
SEQ00356	chr2	R	-0.0	unresolved
SEQ00357	chr2	L	0.4197108304017536	unresolved
SEQ00357	chr2	R	-0.0	unresolved
SEQ00358	chr2	L	0.13230082322029624	unresolved
SEQ00358	chr2	R	0.4996305560612819	unresolved
SEQ00359	chr2	L	-0.0	unresolved
SEQ00359	chr2	R	-0.0	unresolved
SEQ00360	chr2	L	0.45745585142162004	unresolved
SEQ00360	chr2	R	0.3501086862575955	unresolved
SEQ00361	chr2	L	-0.0	unresolved
SEQ00361	chr2	R	0.12281712197043326	unresolved
SEQ00362	chr2	L	-0.0	unresolved
SEQ00362	chr2	R	-0.0	unresolved
SEQ00363	chr2	L	0.10126587361338446	unresolved
SEQ00363	chr2	R	0.16758311811518145	unresolved
SEQ00364	chr2	L	-0.0	unresolved
SEQ00364	chr2	R	-0.0	unresolved
SEQ00365	chr2	L	0.12875290614928536	unresolved
SEQ00365	chr2	R	0.4396778108104562	unresolved
SEQ00366	chr2	L	-0.0	unresolved
SEQ00366	chr2	R	-0.0	unresolved
SEQ00367	chr2	L	0.6231835231061267	unresolved
SEQ00367	chr2	R	0.12312667288470647	unresolved
SEQ00368	chr2	L	-0.0	unresolved
SEQ00368	chr2	R	-0.0	unresolved
SEQ00369	chr2	L	0.08806549561812327	unresolved
SEQ00369	chr2	R	0.17338667816633002	unresolved
SEQ00370	chr2	L	-0.0	unresolved
SEQ00370	chr2	R	1.6609964616594648	telomere
SEQ00371	chr20	L	1.441280362001217	telomere
SEQ00371	chr20	R	0.0	forbidden
SEQ00372	chr20	L	0.0	forbidden
SEQ00372	chr20	R	0.7783036957830161	unresolved
SEQ00373	chr20	L	-0.0	unresolved
SEQ00373	chr20	R	0.0	forbidden
SEQ00374	chr20	L	0.0	forbidden
SEQ00374	chr20	R	0.0	forbidden
SEQ00375	chr20	L	0.0	forbidden
SEQ00375	chr20	R	-0.0	unresolved
SEQ00376	chr20	L	0.714091522857641	unresolved
SEQ00376	chr20	R	0.0	unresolved
SEQ00377	chr20	L	-0.0	unresolved
SEQ00377	chr20	R	-0.0	unresolved
SEQ00378	chr20	L	2.0670491890533236	unresolved
SEQ00378	chr20	R	-0.0	unresolved
SEQ00379	chr20	L	0.42804782957237375	unresolved
SEQ00379	chr20	R	0.0	forbidden
SEQ00380	chr20	L	0.0	forbidden
SEQ00380	chr20	R	0.0	forbidden
SEQ00381	chr20	L	0.0	forbidden
SEQ00381	chr20	R	0.0	forbidden
SEQ00382	chr20	L	0.0	forbidden
SEQ00382	chr20	R	0.0	forbidden
SEQ00383	chr20	L	0.0	forbidden
SEQ00383	chr20	R	0.0	forbidden
SEQ00384	chr20	L	0.0	forbidden
SEQ00384	chr20	R	0.0	forbidden
SEQ00385	chr20	L	0.0	forbidden
SEQ00385	chr20	R	0.0	forbidden
SEQ00386	chr20	L	0.0	forbidden
SEQ00386	chr20	R	0.0	forbidden
SEQ00387	chr20	L	0.0	forbidden
SEQ00387	chr20	R	0.0	forbidden
SEQ00388	chr20	L	0.0	forbidden
SEQ00388	chr20	R	0.0	forbidden
SEQ00389	chr20	L	0.0	forbidden
SEQ00389	chr20	R	0.0	forbidden
SEQ00390	chr20	L	0.0	forbidden
SEQ00390	chr20	R	0.0	forbidden
SEQ00391	chr20	L	0.0	forbidden
SEQ00391	chr20	R	0.3502170378528118	unresolved
SEQ00392	chr20	L	-0.0	unresolved
SEQ00392	chr20	R	0.5354077340374881	unresolved
SEQ00393	chr20	L	-0.0	unresolved
SEQ00393	chr20	R	-0.0	unresolved
SEQ00394	chr20	L	0.590983602842672	unresolved
SEQ00394	chr20	R	0.31803836478279046	unresolved
SEQ00395	chr20	L	-0.0	unresolved
SEQ00395	chr20	R	-0.0	unresolved
SEQ00396	chr20	L	0.26311398254316054	unresolved
SEQ00396	chr20	R	0.3374237772884301	unresolved
SEQ00397	chr20	L	-0.0	unresolved
SEQ00397	chr20	R	-0.0	unresolved
SEQ00398	chr20	L	0.22825913639513273	unresolved
SEQ00398	chr20	R	0.43701387226954713	unresolved
SEQ00399	chr20	L	-0.0	unresolved
SEQ00399	chr20	R	-0.0	unresolved
SEQ00400	chr20	L	0.43010507477130133	unresolved
SEQ00400	chr20	R	2.0802720343862418	telomere
SEQ00401	chr21	L	0.0020000059398117102	telomere
SEQ00401	chr21	R	-0.0	unresolved
SEQ00402	chr21	L	1.4220551250477027	unresolved
SEQ00402	chr21	R	-0.0	unresolved
SEQ00403	chr21	L	0.46005761640209686	unresolved
SEQ00403	chr21	R	0.0	forbidden
SEQ00404	chr21	L	0.0	forbidden
SEQ00404	chr21	R	0.0	forbidden
SEQ00405	chr21	L	0.0	forbidden
SEQ00405	chr21	R	0.0	forbidden
SEQ00406	chr21	L	0.0	forbidden
SEQ00406	chr21	R	1.8821127414497996	unresolved
SEQ00407	chr21	L	-0.0	unresolved
SEQ00407	chr21	R	-0.0	unresolved
SEQ00408	chr21	L	1.857974697354552	unresolved
SEQ00408	chr21	R	1.1719653896812725	unresolved
SEQ00409	chr21	L	-0.0	unresolved
SEQ00409	chr21	R	-0.0	unresolved
SEQ00410	chr21	L	0.18525482443974495	unresolved
SEQ00410	chr21	R	-0.0	unresolved
SEQ00411	chr21	L	0.8964569422685256	unresolved
SEQ00411	chr21	R	0.41831523539923543	unresolved
SEQ00412	chr21	L	-0.0	unresolved
SEQ00412	chr21	R	-0.0	unresolved
SEQ00413	chr21	L	0.09832675929363144	unresolved
SEQ00413	chr21	R	-0.0	unresolved
SEQ00414	chr21	L	0.9333336225879598	unresolved
SEQ00414	chr21	R	1.7182812161556074	unresolved
SEQ00415	chr21	L	-0.0	unresolved
SEQ00415	chr21	R	0.0	forbidden
SEQ00416	chr21	L	0.0	forbidden
SEQ00416	chr21	R	-0.0	unresolved
SEQ00417	chr21	L	2.796136323611685	unresolved
SEQ00417	chr21	R	0.7068051733609688	unresolved
SEQ00418	chr21	L	-0.0	unresolved
SEQ00418	chr21	R	1.1495107835273928	unresolved
SEQ00419	chr21	L	0.0	unresolved
SEQ00419	chr21	R	0.0	forbidden
SEQ00420	chr21	L	0.0	forbidden
SEQ00420	chr21	R	0.0	forbidden
SEQ00421	chr21	L	0.0	forbidden
SEQ00421	chr21	R	0.0	forbidden
SEQ00422	chr21	L	0.0	forbidden
SEQ00422	chr21	R	0.0	forbidden
SEQ00423	chr21	L	0.0	forbidden
SEQ00423	chr21	R	2.1128585703749274	telomere
SEQ00424	chr22	L	0.0020000059398117102	telomere
SEQ00424	chr22	R	-0.0	unresolved
SEQ00425	chr22	L	2.0871368440714013	unresolved
SEQ00425	chr22	R	2.086654779183079	unresolved
SEQ00426	chr22	L	-0.0	unresolved
SEQ00426	chr22	R	-0.0	unresolved
SEQ00427	chr22	L	1.3522156752407695	unresolved
SEQ00427	chr22	R	0.0	forbidden
SEQ00428	chr22	L	0.0	forbidden
SEQ00428	chr22	R	-0.0	unresolved
SEQ00429	chr22	L	0.769186294068402	unresolved
SEQ00429	chr22	R	0.24440894291954618	unresolved
SEQ00430	chr22	L	-0.0	unresolved
SEQ00430	chr22	R	-0.0	unresolved
SEQ00431	chr22	L	0.15337297873027977	unresolved
SEQ00431	chr22	R	0.18484392155280638	unresolved
SEQ00432	chr22	L	-0.0	unresolved
SEQ00432	chr22	R	0.26582496632599795	unresolved
SEQ00433	chr22	L	-0.0	unresolved
SEQ00433	chr22	R	0.0	forbidden
SEQ00434	chr22	L	0.0	forbidden
SEQ00434	chr22	R	0.16891517691385882	unresolved
SEQ00435	chr22	L	-0.0	unresolved
SEQ00435	chr22	R	-0.0	unresolved
SEQ00436	chr22	L	0.13167833400009576	unresolved
SEQ00436	chr22	R	-0.0	unresolved
SEQ00437	chr22	L	0.27786741431490114	unresolved
SEQ00437	chr22	R	-0.0	unresolved
SEQ00438	chr22	L	0.25812278584419523	unresolved
SEQ00438	chr22	R	0.3099745423347007	unresolved
SEQ00439	chr22	L	-0.0	unresolved
SEQ00439	chr22	R	-0.0	unresolved
SEQ00440	chr22	L	1.3154825407893922	unresolved
SEQ00440	chr22	R	-0.0	unresolved
SEQ00441	chr22	L	1.3151959312799826	unresolved
SEQ00441	chr22	R	0.8541602880434578	unresolved
SEQ00442	chr22	L	-0.0	unresolved
SEQ00442	chr22	R	-0.0	unresolved
SEQ00443	chr22	L	0.4722855745237178	unresolved
SEQ00443	chr22	R	0.34835744807257063	unresolved
SEQ00444	chr22	L	-0.0	unresolved
SEQ00444	chr22	R	0.0	forbidden
SEQ00445	chr22	L	0.0	forbidden
SEQ00445	chr22	R	-0.0	unresolved
SEQ00446	chr22	L	0.5738765377295763	unresolved
SEQ00446	chr22	R	-0.0	unresolved
SEQ00447	chr22	L	0.6640962912687831	unresolved
SEQ00447	chr22	R	-0.0	unresolved
SEQ00448	chr22	L	1.855107380247338	unresolved
SEQ00448	chr22	R	0.0	forbidden
SEQ00449	chr22	L	0.0	forbidden
SEQ00449	chr22	R	0.0	forbidden
SEQ00450	chr22	L	0.0	forbidden
SEQ00450	chr22	R	1.5753281911654708	unresolved
SEQ00451	chr22	L	-0.0	unresolved
SEQ00451	chr22	R	1.0227602406819676	unresolved
SEQ00452	chr22	L	-0.0	unresolved
SEQ00452	chr22	R	-0.0	unresolved
SEQ00453	chr22	L	1.1900644245239471	unresolved
SEQ00453	chr22	R	4.217678984733469	unresolved
SEQ00454	chr22	L	-0.0	unresolved
SEQ00454	chr22	R	1.1387815306456677	telomere
SEQ00455	chr3	L	2.4746868906718076	telomere
SEQ00455	chr3	R	0.286047909094175	unresolved
SEQ00456	chr3	L	-0.0	unresolved
SEQ00456	chr3	R	0.4058536449194228	unresolved
SEQ00457	chr3	L	-0.0	unresolved
SEQ00457	chr3	R	-0.0	unresolved
SEQ00458	chr3	L	0.3370805565302999	unresolved
SEQ00458	chr3	R	0.13189576322523178	unresolved
SEQ00459	chr3	L	-0.0	unresolved
SEQ00459	chr3	R	-0.0	unresolved
SEQ00460	chr3	L	0.17673572250153824	unresolved
SEQ00460	chr3	R	0.24850990042432541	unresolved
SEQ00461	chr3	L	-0.0	unresolved
SEQ00461	chr3	R	-0.0	unresolved
SEQ00462	chr3	L	0.1991140381397043	unresolved
SEQ00462	chr3	R	0.0	forbidden
SEQ00463	chr3	L	0.0	forbidden
SEQ00463	chr3	R	0.0	forbidden
SEQ00464	chr3	L	0.0	forbidden
SEQ00464	chr3	R	0.6396646731026832	unresolved
SEQ00465	chr3	L	-0.0	unresolved
SEQ00465	chr3	R	0.12528445096715934	unresolved
SEQ00466	chr3	L	-0.0	unresolved
SEQ00466	chr3	R	-0.0	unresolved
SEQ00467	chr3	L	0.16940491534015556	unresolved
SEQ00467	chr3	R	-0.0	unresolved
SEQ00468	chr3	L	0.17322251501855246	unresolved
SEQ00468	chr3	R	0.22518870580306238	unresolved
SEQ00469	chr3	L	-0.0	unresolved
SEQ00469	chr3	R	0.30597119144777785	unresolved
SEQ00470	chr3	L	-0.0	unresolved
SEQ00470	chr3	R	-0.0	unresolved
SEQ00471	chr3	L	0.28216885607888287	unresolved
SEQ00471	chr3	R	0.0	forbidden
SEQ00472	chr3	L	0.0	forbidden
SEQ00472	chr3	R	0.7142493852386711	unresolved
SEQ00473	chr3	L	-0.0	unresolved
SEQ00473	chr3	R	0.0	forbidden
SEQ00474	chr3	L	0.0	forbidden
SEQ00474	chr3	R	0.0	forbidden
SEQ00475	chr3	L	0.0	forbidden
SEQ00475	chr3	R	-0.0	unresolved
SEQ00476	chr3	L	2.835550952443391	unresolved
SEQ00476	chr3	R	0.0	forbidden
SEQ00477	chr3	L	0.0	forbidden
SEQ00477	chr3	R	2.297299477709591	unresolved
SEQ00478	chr3	L	-0.0	unresolved
SEQ00478	chr3	R	-0.0	unresolved
SEQ00479	chr3	L	2.157613237804101	unresolved
SEQ00479	chr3	R	0.0	forbidden
SEQ00480	chr3	L	0.0	forbidden
SEQ00480	chr3	R	0.6896390717941956	unresolved
SEQ00481	chr3	L	-0.0	unresolved
SEQ00481	chr3	R	-0.0	unresolved
SEQ00482	chr3	L	0.19218669410718414	unresolved
SEQ00482	chr3	R	0.1795908597618454	unresolved
SEQ00483	chr3	L	-0.0	unresolved
SEQ00483	chr3	R	-0.0	unresolved
SEQ00484	chr3	L	0.18184824645678432	unresolved
SEQ00484	chr3	R	0.3239523118398182	unresolved
SEQ00485	chr3	L	-0.0	unresolved
SEQ00485	chr3	R	-0.0	unresolved
SEQ00486	chr3	L	0.15334880003043283	unresolved
SEQ00486	chr3	R	-0.0	unresolved
SEQ00487	chr3	L	0.20874693444150516	unresolved
SEQ00487	chr3	R	0.14740158104465007	unresolved
SEQ00488	chr3	L	-0.0	unresolved
SEQ00488	chr3	R	0.15646805197300706	unresolved
SEQ00489	chr3	L	-0.0	unresolved
SEQ00489	chr3	R	-0.0	unresolved
SEQ00490	chr3	L	0.20776404222663247	unresolved
SEQ00490	chr3	R	0.0	forbidden
SEQ00491	chr3	L	0.0	forbidden
SEQ00491	chr3	R	0.25084448265655146	unresolved
SEQ00492	chr3	L	-0.0	unresolved
SEQ00492	chr3	R	0.18375297650637723	unresolved
SEQ00493	chr3	L	-0.0	unresolved
SEQ00493	chr3	R	0.12445302423939308	unresolved
SEQ00494	chr3	L	-0.0	unresolved
SEQ00494	chr3	R	-0.0	unresolved
SEQ00495	chr3	L	0.21093394447986658	unresolved
SEQ00495	chr3	R	-0.0	unresolved
SEQ00496	chr3	L	0.11821087188559387	unresolved
SEQ00496	chr3	R	0.2294805176127963	unresolved
SEQ00497	chr3	L	-0.0	unresolved
SEQ00497	chr3	R	0.0	forbidden
SEQ00498	chr3	L	0.0	forbidden
SEQ00498	chr3	R	-0.0	unresolved
SEQ00499	chr3	L	0.7192153159065313	unresolved
SEQ00499	chr3	R	0.3232952588478235	unresolved
SEQ00500	chr3	L	-0.0	unresolved
SEQ00500	chr3	R	-0.0	unresolved
SEQ00501	chr3	L	0.27454375483326565	unresolved
SEQ00501	chr3	R	0.23104829844556685	unresolved
SEQ00502	chr3	L	-0.0	unresolved
SEQ00502	chr3	R	-0.0	unresolved
SEQ00503	chr3	L	0.44496679390819915	unresolved
SEQ00503	chr3	R	0.32290589611110754	unresolved
SEQ00504	chr3	L	-0.0	unresolved
SEQ00504	chr3	R	-0.0	unresolved
SEQ00505	chr3	L	0.19228414400608962	unresolved
SEQ00505	chr3	R	0.13057590053972268	unresolved
SEQ00506	chr3	L	-0.0	unresolved
SEQ00506	chr3	R	-0.0	unresolved
SEQ00507	chr3	L	0.906702429436955	unresolved
SEQ00507	chr3	R	0.0	forbidden
SEQ00508	chr3	L	0.0	forbidden
SEQ00508	chr3	R	0.0	forbidden
SEQ00509	chr3	L	0.0	forbidden
SEQ00509	chr3	R	0.0	forbidden
SEQ00510	chr3	L	0.0	forbidden
SEQ00510	chr3	R	0.0	forbidden
SEQ00511	chr3	L	0.0	forbidden
SEQ00511	chr3	R	0.5954447493067123	unresolved
SEQ00512	chr3	L	-0.0	unresolved
SEQ00512	chr3	R	0.0	forbidden
SEQ00513	chr3	L	0.0	forbidden
SEQ00513	chr3	R	0.0	forbidden
SEQ00514	chr3	L	0.0	forbidden
SEQ00514	chr3	R	-0.0	unresolved
SEQ00515	chr3	L	0.2965466326131474	unresolved
SEQ00515	chr3	R	0.18528102031981275	unresolved
SEQ00516	chr3	L	-0.0	unresolved
SEQ00516	chr3	R	-0.0	unresolved
SEQ00517	chr3	L	0.2048607908364093	unresolved
SEQ00517	chr3	R	0.0	forbidden
SEQ00518	chr3	L	0.0	forbidden
SEQ00518	chr3	R	0.3042822906810003	unresolved
SEQ00519	chr3	L	-0.0	unresolved
SEQ00519	chr3	R	-0.0	unresolved
SEQ00520	chr3	L	0.4182562165652821	unresolved
SEQ00520	chr3	R	0.0	forbidden
SEQ00521	chr3	L	0.0	forbidden
SEQ00521	chr3	R	0.0	forbidden
SEQ00522	chr3	L	0.0	forbidden
SEQ00522	chr3	R	-0.0	unresolved
SEQ00523	chr3	L	1.0577784834195123	unresolved
SEQ00523	chr3	R	2.477919966608929	unresolved
SEQ00524	chr3	L	-0.0	unresolved
SEQ00524	chr3	R	0.0	forbidden
SEQ00525	chr3	L	0.0	forbidden
SEQ00525	chr3	R	2.140502024432738	telomere
SEQ00526	chr4	L	1.4480907328239732	telomere
SEQ00526	chr4	R	0.0	forbidden
SEQ00527	chr4	L	0.0	forbidden
SEQ00527	chr4	R	0.0	forbidden
SEQ00528	chr4	L	0.0	forbidden
SEQ00528	chr4	R	0.0	forbidden
SEQ00529	chr4	L	0.0	forbidden
SEQ00529	chr4	R	0.0	forbidden
SEQ00530	chr4	L	0.0	forbidden
SEQ00530	chr4	R	0.0	forbidden
SEQ00531	chr4	L	0.0	forbidden
SEQ00531	chr4	R	0.0	forbidden
SEQ00532	chr4	L	0.0	forbidden
SEQ00532	chr4	R	-0.0	unresolved
SEQ00533	chr4	L	0.7149937301650602	unresolved
SEQ00533	chr4	R	0.6824176856478577	unresolved
SEQ00534	chr4	L	-0.0	unresolved
SEQ00534	chr4	R	0.1239975658158412	unresolved
SEQ00535	chr4	L	-0.0	unresolved
SEQ00535	chr4	R	-0.0	unresolved
SEQ00536	chr4	L	0.1201661473638147	unresolved
SEQ00536	chr4	R	0.1274382275046022	unresolved
SEQ00537	chr4	L	-0.0	unresolved
SEQ00537	chr4	R	1.349397131384547	telomere
SEQ00538	chr5	L	2.5768186365496866	telomere
SEQ00538	chr5	R	0.0	forbidden
SEQ00539	chr5	L	0.0	forbidden
SEQ00539	chr5	R	0.0	forbidden
SEQ00540	chr5	L	0.0	forbidden
SEQ00540	chr5	R	0.0	forbidden
SEQ00541	chr5	L	0.0	forbidden
SEQ00541	chr5	R	0.0	forbidden
SEQ00542	chr5	L	0.0	forbidden
SEQ00542	chr5	R	-0.0	unresolved
SEQ00543	chr5	L	1.9035890075544946	unresolved
SEQ00543	chr5	R	-0.0	unresolved
SEQ00544	chr5	L	2.0724763868734364	unresolved
SEQ00544	chr5	R	0.0	forbidden
SEQ00545	chr5	L	0.0	forbidden
SEQ00545	chr5	R	3.432377999957267	unresolved
SEQ00546	chr5	L	-0.0	unresolved
SEQ00546	chr5	R	-0.0	unresolved
SEQ00547	chr5	L	0.5498143476452775	unresolved
SEQ00547	chr5	R	0.0	forbidden
SEQ00548	chr5	L	0.0	forbidden
SEQ00548	chr5	R	0.0	forbidden
SEQ00549	chr5	L	0.0	forbidden
SEQ00549	chr5	R	0.49194174543459646	unresolved
SEQ00550	chr5	L	-0.0	unresolved
SEQ00550	chr5	R	0.886508972431737	unresolved
SEQ00551	chr5	L	-0.0	unresolved
SEQ00551	chr5	R	-0.0	unresolved
SEQ00552	chr5	L	0.5746814448030335	unresolved
SEQ00552	chr5	R	0.0	forbidden
SEQ00553	chr5	L	0.0	forbidden
SEQ00553	chr5	R	0.0	forbidden
SEQ00554	chr5	L	0.0	forbidden
SEQ00554	chr5	R	-0.0	unresolved
SEQ00555	chr5	L	0.44707310594216887	unresolved
SEQ00555	chr5	R	-0.0	unresolved
SEQ00556	chr5	L	0.3162335088928425	unresolved
SEQ00556	chr5	R	1.2453143878957018	unresolved
SEQ00557	chr5	L	-0.0	unresolved
SEQ00557	chr5	R	-0.0	unresolved
SEQ00558	chr5	L	0.9757495883557703	unresolved
SEQ00558	chr5	R	1.4871450421701427	unresolved
SEQ00559	chr5	L	-0.0	unresolved
SEQ00559	chr5	R	0.0	forbidden
SEQ00560	chr5	L	0.0	forbidden
SEQ00560	chr5	R	-0.0	unresolved
SEQ00561	chr5	L	3.4903344564112757	unresolved
SEQ00561	chr5	R	2.409533167555869	unresolved
SEQ00562	chr5	L	-0.0	unresolved
SEQ00562	chr5	R	0.0	forbidden
SEQ00563	chr5	L	0.0	forbidden
SEQ00563	chr5	R	0.0	forbidden
SEQ00564	chr5	L	0.0	forbidden
SEQ00564	chr5	R	0.0	forbidden
SEQ00565	chr5	L	0.0	forbidden
SEQ00565	chr5	R	1.955555976739231	unresolved
SEQ00566	chr5	L	-0.0	unresolved
SEQ00566	chr5	R	-0.0	unresolved
SEQ00567	chr5	L	1.3436602572259286	unresolved
SEQ00567	chr5	R	1.42457256685551	unresolved
SEQ00568	chr5	L	-0.0	unresolved
SEQ00568	chr5	R	-0.0	unresolved
SEQ00569	chr5	L	1.4481385517606062	unresolved
SEQ00569	chr5	R	0.2956782132318785	unresolved
SEQ00570	chr5	L	-0.0	unresolved
SEQ00570	chr5	R	2.0699412197425877	telomere
SEQ00571	chr6	L	2.070266365047103	telomere
SEQ00571	chr6	R	0.0	forbidden
SEQ00572	chr6	L	0.0	forbidden
SEQ00572	chr6	R	-0.0	unresolved
SEQ00573	chr6	L	0.35490215375854417	unresolved
SEQ00573	chr6	R	0.0	forbidden
SEQ00574	chr6	L	0.0	forbidden
SEQ00574	chr6	R	1.1689608340984574	unresolved
SEQ00575	chr6	L	-0.0	unresolved
SEQ00575	chr6	R	-0.0	unresolved
SEQ00576	chr6	L	0.8653061695752589	unresolved
SEQ00576	chr6	R	0.0	forbidden
SEQ00577	chr6	L	0.0	forbidden
SEQ00577	chr6	R	2.1215138542824485	telomere
SEQ00578	chr7	L	2.8797508537535226	telomere
SEQ00578	chr7	R	1.1922186896162295	unresolved
SEQ00579	chr7	L	-0.0	unresolved
SEQ00579	chr7	R	-0.0	unresolved
SEQ00580	chr7	L	0.40322672965197226	unresolved
SEQ00580	chr7	R	0.0	forbidden
SEQ00581	chr7	L	0.0	forbidden
SEQ00581	chr7	R	0.0	forbidden
SEQ00582	chr7	L	0.0	forbidden
SEQ00582	chr7	R	0.0	forbidden
SEQ00583	chr7	L	0.0	forbidden
SEQ00583	chr7	R	0.0	forbidden
SEQ00584	chr7	L	0.0	forbidden
SEQ00584	chr7	R	-0.0	unresolved
SEQ00585	chr7	L	0.1970824369854829	unresolved
SEQ00585	chr7	R	-0.0	unresolved
SEQ00586	chr7	L	0.41673947110821974	unresolved
SEQ00586	chr7	R	0.5043742012250205	unresolved
SEQ00587	chr7	L	-0.0	unresolved
SEQ00587	chr7	R	-0.0	unresolved
SEQ00588	chr7	L	0.25824848786486676	unresolved
SEQ00588	chr7	R	0.19722938722929184	unresolved
SEQ00589	chr7	L	-0.0	unresolved
SEQ00589	chr7	R	-0.0	unresolved
SEQ00590	chr7	L	0.14363945066238326	unresolved
SEQ00590	chr7	R	0.1283453633680156	unresolved
SEQ00591	chr7	L	-0.0	unresolved
SEQ00591	chr7	R	0.0	forbidden
SEQ00592	chr7	L	0.0	forbidden
SEQ00592	chr7	R	0.44083417313796414	unresolved
SEQ00593	chr7	L	-0.0	unresolved
SEQ00593	chr7	R	-0.0	unresolved
SEQ00594	chr7	L	0.40917675819263266	unresolved
SEQ00594	chr7	R	-0.0	unresolved
SEQ00595	chr7	L	0.5338014348943638	unresolved
SEQ00595	chr7	R	0.4490655716766194	unresolved
SEQ00596	chr7	L	-0.0	unresolved
SEQ00596	chr7	R	0.498686934363479	unresolved
SEQ00597	chr7	L	-0.0	unresolved
SEQ00597	chr7	R	0.0	forbidden
SEQ00598	chr7	L	0.0	forbidden
SEQ00598	chr7	R	0.0	forbidden
SEQ00599	chr7	L	0.0	forbidden
SEQ00599	chr7	R	-0.0	unresolved
SEQ00600	chr7	L	3.1024294166510256	unresolved
SEQ00600	chr7	R	3.481864963044906	unresolved
SEQ00601	chr7	L	-0.0	unresolved
SEQ00601	chr7	R	0.0	forbidden
SEQ00602	chr7	L	0.0	forbidden
SEQ00602	chr7	R	0.0	forbidden
SEQ00603	chr7	L	0.0	forbidden
SEQ00603	chr7	R	0.0	forbidden
SEQ00604	chr7	L	0.0	forbidden
SEQ00604	chr7	R	-0.0	unresolved
SEQ00605	chr7	L	1.080935955157766	unresolved
SEQ00605	chr7	R	0.748579985265956	unresolved
SEQ00606	chr7	L	-0.0	unresolved
SEQ00606	chr7	R	0.39972561136888185	unresolved
SEQ00607	chr7	L	-0.0	unresolved
SEQ00607	chr7	R	-0.0	unresolved
SEQ00608	chr7	L	0.40735256643364637	unresolved
SEQ00608	chr7	R	-0.0	unresolved
SEQ00609	chr7	L	0.5164267375557072	unresolved
SEQ00609	chr7	R	0.0	forbidden
SEQ00610	chr7	L	0.0	forbidden
SEQ00610	chr7	R	0.8072991350981067	unresolved
SEQ00611	chr7	L	-0.0	unresolved
SEQ00611	chr7	R	0.0	forbidden
SEQ00612	chr7	L	0.0	forbidden
SEQ00612	chr7	R	0.0	forbidden
SEQ00613	chr7	L	0.0	forbidden
SEQ00613	chr7	R	-0.0	unresolved
SEQ00614	chr7	L	0.44146863742579456	unresolved
SEQ00614	chr7	R	-0.0	unresolved
SEQ00615	chr7	L	1.1613163495781427	unresolved
SEQ00615	chr7	R	0.997825041892415	unresolved
SEQ00616	chr7	L	-0.0	unresolved
SEQ00616	chr7	R	-0.0	unresolved
SEQ00617	chr7	L	0.0700779972480694	unresolved
SEQ00617	chr7	R	-0.0	unresolved
SEQ00618	chr7	L	0.07081330352243409	unresolved
SEQ00618	chr7	R	0.1948186367074407	unresolved
SEQ00619	chr7	L	-0.0	unresolved
SEQ00619	chr7	R	0.3421365641151782	unresolved
SEQ00620	chr7	L	-0.0	unresolved
SEQ00620	chr7	R	0.0	forbidden
SEQ00621	chr7	L	0.0	forbidden
SEQ00621	chr7	R	-0.0	unresolved
SEQ00622	chr7	L	0.4956492941342636	unresolved
SEQ00622	chr7	R	-0.0	unresolved
SEQ00623	chr7	L	0.15338634242496063	unresolved
SEQ00623	chr7	R	0.15240852924999349	unresolved
SEQ00624	chr7	L	-0.0	unresolved
SEQ00624	chr7	R	0.18639311348415344	unresolved
SEQ00625	chr7	L	-0.0	unresolved
SEQ00625	chr7	R	0.0	forbidden
SEQ00626	chr7	L	0.0	forbidden
SEQ00626	chr7	R	-0.0	unresolved
SEQ00627	chr7	L	0.19229582087507646	unresolved
SEQ00627	chr7	R	0.21311575676787786	unresolved
SEQ00628	chr7	L	-0.0	unresolved
SEQ00628	chr7	R	-0.0	unresolved
SEQ00629	chr7	L	0.21718156513048248	unresolved
SEQ00629	chr7	R	0.0	forbidden
SEQ00630	chr7	L	0.0	forbidden
SEQ00630	chr7	R	-0.0	unresolved
SEQ00631	chr7	L	0.5572970407788671	unresolved
SEQ00631	chr7	R	0.5438528161481595	unresolved
SEQ00632	chr7	L	-0.0	unresolved
SEQ00632	chr7	R	0.2457721838734528	unresolved
SEQ00633	chr7	L	-0.0	unresolved
SEQ00633	chr7	R	-0.0	unresolved
SEQ00634	chr7	L	0.28104509808683154	unresolved
SEQ00634	chr7	R	-0.0	unresolved
SEQ00635	chr7	L	0.32630230733478305	unresolved
SEQ00635	chr7	R	0.534571235121875	unresolved
SEQ00636	chr7	L	-0.0	unresolved
SEQ00636	chr7	R	-0.0	unresolved
SEQ00637	chr7	L	0.4678117876009904	unresolved
SEQ00637	chr7	R	2.4343236650803073	telomere
SEQ00638	chr8	L	1.0528748787786675	telomere
SEQ00638	chr8	R	0.0	forbidden
SEQ00639	chr8	L	0.0	forbidden
SEQ00639	chr8	R	-0.0	unresolved
SEQ00640	chr8	L	0.28696073002320155	unresolved
SEQ00640	chr8	R	0.0	forbidden
SEQ00641	chr8	L	0.0	forbidden
SEQ00641	chr8	R	0.942466948394707	unresolved
SEQ00642	chr8	L	-0.0	unresolved
SEQ00642	chr8	R	-0.0	unresolved
SEQ00643	chr8	L	1.0066907673790186	unresolved
SEQ00643	chr8	R	0.0	forbidden
SEQ00644	chr8	L	0.0	forbidden
SEQ00644	chr8	R	0.3006532217121787	unresolved
SEQ00645	chr8	L	-0.0	unresolved
SEQ00645	chr8	R	-0.0	unresolved
SEQ00646	chr8	L	0.3432980222507529	unresolved
SEQ00646	chr8	R	0.34731595195018494	unresolved
SEQ00647	chr8	L	-0.0	unresolved
SEQ00647	chr8	R	0.38479214931216077	unresolved
SEQ00648	chr8	L	-0.0	unresolved
SEQ00648	chr8	R	0.0	forbidden
SEQ00649	chr8	L	0.0	forbidden
SEQ00649	chr8	R	-0.0	unresolved
SEQ00650	chr8	L	2.338565575370374	unresolved
SEQ00650	chr8	R	0.5829837119539842	unresolved
SEQ00651	chr8	L	-0.0	unresolved
SEQ00651	chr8	R	-0.0	unresolved
SEQ00652	chr8	L	1.2969028671265095	unresolved
SEQ00652	chr8	R	2.4362013144339154	unresolved
SEQ00653	chr8	L	-0.0	unresolved
SEQ00653	chr8	R	-0.0	unresolved
SEQ00654	chr8	L	0.6350494304744596	unresolved
SEQ00654	chr8	R	-0.0	unresolved
SEQ00655	chr8	L	0.6581388328528193	unresolved
SEQ00655	chr8	R	-0.0	unresolved
SEQ00656	chr8	L	0.8709989218061858	unresolved
SEQ00656	chr8	R	-0.0	unresolved
SEQ00657	chr8	L	0.45190996440941067	unresolved
SEQ00657	chr8	R	0.5070567248788973	unresolved
SEQ00658	chr8	L	-0.0	unresolved
SEQ00658	chr8	R	0.0	forbidden
SEQ00659	chr8	L	0.0	forbidden
SEQ00659	chr8	R	0.7209786771524942	unresolved
SEQ00660	chr8	L	-0.0	unresolved
SEQ00660	chr8	R	-0.0	unresolved
SEQ00661	chr8	L	0.29125799169073296	unresolved
SEQ00661	chr8	R	0.29728023257222125	unresolved
SEQ00662	chr8	L	-0.0	unresolved
SEQ00662	chr8	R	-0.0	unresolved
SEQ00663	chr8	L	0.185473494936379	unresolved
SEQ00663	chr8	R	0.2127095982995968	unresolved
SEQ00664	chr8	L	-0.0	unresolved
SEQ00664	chr8	R	-0.0	unresolved
SEQ00665	chr8	L	0.13705069551197369	unresolved
SEQ00665	chr8	R	0.0	forbidden
SEQ00666	chr8	L	0.0	forbidden
SEQ00666	chr8	R	0.0	forbidden
SEQ00667	chr8	L	0.0	forbidden
SEQ00667	chr8	R	0.0	forbidden
SEQ00668	chr8	L	0.0	forbidden
SEQ00668	chr8	R	0.1589941441012961	unresolved
SEQ00669	chr8	L	-0.0	unresolved
SEQ00669	chr8	R	1.6910710664824102	unresolved
SEQ00670	chr8	L	-0.0	unresolved
SEQ00670	chr8	R	-0.0	unresolved
SEQ00671	chr8	L	1.6562584196096548	unresolved
SEQ00671	chr8	R	-0.0	unresolved
SEQ00672	chr8	L	0.16287200163054516	unresolved
SEQ00672	chr8	R	0.13880561166902838	unresolved
SEQ00673	chr8	L	-0.0	unresolved
SEQ00673	chr8	R	-0.0	unresolved
SEQ00674	chr8	L	0.2782709457940502	unresolved
SEQ00674	chr8	R	0.22380235439342755	unresolved
SEQ00675	chr8	L	-0.0	unresolved
SEQ00675	chr8	R	-0.0	unresolved
SEQ00676	chr8	L	0.23245837649604173	unresolved
SEQ00676	chr8	R	-0.0	unresolved
SEQ00677	chr8	L	1.3694887041789023	unresolved
SEQ00677	chr8	R	0.22091356167480125	unresolved
SEQ00678	chr8	L	-0.0	unresolved
SEQ00678	chr8	R	-0.0	unresolved
SEQ00679	chr8	L	0.27689298842080756	unresolved
SEQ00679	chr8	R	0.0	forbidden
SEQ00680	chr8	L	0.0	forbidden
SEQ00680	chr8	R	0.0	forbidden
SEQ00681	chr8	L	0.0	forbidden
SEQ00681	chr8	R	-0.0	unresolved
SEQ00682	chr8	L	0.9698399350917377	unresolved
SEQ00682	chr8	R	0.0	forbidden
SEQ00683	chr8	L	0.0	forbidden
SEQ00683	chr8	R	1.0778065658436624	unresolved
SEQ00684	chr8	L	-0.0	unresolved
SEQ00684	chr8	R	0.8970891918579715	unresolved
SEQ00685	chr8	L	-0.0	unresolved
SEQ00685	chr8	R	-0.0	unresolved
SEQ00686	chr8	L	0.7431818373607708	unresolved
SEQ00686	chr8	R	0.3220819599174609	unresolved
SEQ00687	chr8	L	0.0	unresolved
SEQ00687	chr8	R	0.0	forbidden
SEQ00688	chr8	L	0.0	forbidden
SEQ00688	chr8	R	-0.0	unresolved
SEQ00689	chr8	L	0.7434625962670207	unresolved
SEQ00689	chr8	R	1.9434104782495432	unresolved
SEQ00690	chr8	L	-0.0	unresolved
SEQ00690	chr8	R	2.324785060471582	unresolved
SEQ00691	chr8	L	-0.0	unresolved
SEQ00691	chr8	R	-0.0	unresolved
SEQ00692	chr8	L	0.2936944013783038	unresolved
SEQ00692	chr8	R	0.2738596077978843	unresolved
SEQ00693	chr8	L	-0.0	unresolved
SEQ00693	chr8	R	-0.0	unresolved
SEQ00694	chr8	L	0.501710097797881	unresolved
SEQ00694	chr8	R	0.27677481739234855	unresolved
SEQ00695	chr8	L	-0.0	unresolved
SEQ00695	chr8	R	1.827723709760941	telomere
SEQ00696	chr9	L	2.9077092150364936	telomere
SEQ00696	chr9	R	1.5151187987694914	unresolved
SEQ00697	chr9	L	-0.0	unresolved
SEQ00697	chr9	R	0.0	forbidden
SEQ00698	chr9	L	0.0	forbidden
SEQ00698	chr9	R	-0.0	unresolved
SEQ00699	chr9	L	2.3436026301701336	unresolved
SEQ00699	chr9	R	-0.0	unresolved
SEQ00700	chr9	L	1.2349237506455917	unresolved
SEQ00700	chr9	R	0.6901697212631595	unresolved
SEQ00701	chr9	L	-0.0	unresolved
SEQ00701	chr9	R	0.4934179049671319	unresolved
SEQ00702	chr9	L	-0.0	unresolved
SEQ00702	chr9	R	-0.0	unresolved
SEQ00703	chr9	L	1.0057401388011686	unresolved
SEQ00703	chr9	R	3.3328283868506503	unresolved
SEQ00704	chr9	L	-0.0	unresolved
SEQ00704	chr9	R	-0.0	unresolved
SEQ00705	chr9	L	0.09098412575300951	unresolved
SEQ00705	chr9	R	0.150069538197241	unresolved
SEQ00706	chr9	L	-0.0	unresolved
SEQ00706	chr9	R	-0.0	unresolved
SEQ00707	chr9	L	0.08006785805959549	unresolved
SEQ00707	chr9	R	0.0	forbidden
SEQ00708	chr9	L	0.0	forbidden
SEQ00708	chr9	R	-0.0	unresolved
SEQ00709	chr9	L	0.552460491652647	unresolved
SEQ00709	chr9	R	0.0	forbidden
SEQ00710	chr9	L	0.0	forbidden
SEQ00710	chr9	R	0.0	forbidden
SEQ00711	chr9	L	0.0	forbidden
SEQ00711	chr9	R	1.2980050996494783	unresolved
SEQ00712	chr9	L	-0.0	unresolved
SEQ00712	chr9	R	-0.0	unresolved
SEQ00713	chr9	L	1.6965726725033097	unresolved
SEQ00713	chr9	R	1.8031513666326293	unresolved
SEQ00714	chr9	L	-0.0	unresolved
SEQ00714	chr9	R	0.0	forbidden
SEQ00715	chr9	L	0.0	forbidden
SEQ00715	chr9	R	-0.0	unresolved
SEQ00716	chr9	L	1.8452564633230084	unresolved
SEQ00716	chr9	R	0.0	forbidden
SEQ00717	chr9	L	0.0	forbidden
SEQ00717	chr9	R	0.0	forbidden
SEQ00718	chr9	L	0.0	forbidden
SEQ00718	chr9	R	1.2414649074588608	unresolved
SEQ00719	chr9	L	-0.0	unresolved
SEQ00719	chr9	R	1.2310916162165033	unresolved
SEQ00720	chr9	L	-0.0	unresolved
SEQ00720	chr9	R	-0.0	unresolved
SEQ00721	chr9	L	1.629475129333196	unresolved
SEQ00721	chr9	R	0.0	forbidden
SEQ00722	chr9	L	0.0	forbidden
SEQ00722	chr9	R	0.0	forbidden
SEQ00723	chr9	L	0.0	forbidden
SEQ00723	chr9	R	0.0	forbidden
SEQ00724	chr9	L	0.0	forbidden
SEQ00724	chr9	R	0.0	forbidden
SEQ00725	chr9	L	0.0	forbidden
SEQ00725	chr9	R	0.0	forbidden
SEQ00726	chr9	L	0.0	forbidden
SEQ00726	chr9	R	0.0	forbidden
SEQ00727	chr9	L	0.0	forbidden
SEQ00727	chr9	R	0.0	forbidden
SEQ00728	chr9	L	0.0	forbidden
SEQ00728	chr9	R	0.0	forbidden
SEQ00729	chr9	L	0.0	forbidden
SEQ00729	chr9	R	0.0	forbidden
SEQ00730	chr9	L	0.0	forbidden
SEQ00730	chr9	R	0.0	forbidden
SEQ00731	chr9	L	0.0	forbidden
SEQ00731	chr9	R	0.0	forbidden
SEQ00732	chr9	L	0.0	forbidden
SEQ00732	chr9	R	-0.0	unresolved
SEQ00733	chr9	L	1.7791873623202636	unresolved
SEQ00733	chr9	R	0.0	forbidden
SEQ00734	chr9	L	0.0	forbidden
SEQ00734	chr9	R	3.4106624975932713	telomere
SEQ00735	chrX	L	0.0020000059398117102	telomere
SEQ00735	chrX	R	0.0	forbidden
SEQ00736	chrX	L	0.0	forbidden
SEQ00736	chrX	R	-0.0	unresolved
SEQ00737	chrX	L	1.3754481308934172	unresolved
SEQ00737	chrX	R	0.6796072661159832	unresolved
SEQ00738	chrX	L	-0.0	unresolved
SEQ00738	chrX	R	0.0	forbidden
SEQ00739	chrX	L	0.0	forbidden
SEQ00739	chrX	R	0.0	forbidden
SEQ00740	chrX	L	0.0	forbidden
SEQ00740	chrX	R	-0.0	unresolved
SEQ00741	chrX	L	0.7361084136587596	unresolved
SEQ00741	chrX	R	0.0	forbidden
SEQ00742	chrX	L	0.0	forbidden
SEQ00742	chrX	R	0.0	forbidden
SEQ00743	chrX	L	0.0	forbidden
SEQ00743	chrX	R	0.04961425334043723	unresolved
SEQ00744	chrX	L	-0.0	unresolved
SEQ00744	chrX	R	-0.0	unresolved
SEQ00745	chrX	L	0.07644758663448736	unresolved
SEQ00745	chrX	R	0.1744783000854434	unresolved
SEQ00746	chrX	L	0.0	unresolved
SEQ00746	chrX	R	0.0	forbidden
SEQ00747	chrX	L	0.0	forbidden
SEQ00747	chrX	R	0.502562707027658	unresolved
SEQ00748	chrX	L	-0.0	unresolved
SEQ00748	chrX	R	0.0	forbidden
SEQ00749	chrX	L	0.0	forbidden
SEQ00749	chrX	R	0.0	forbidden
SEQ00750	chrX	L	0.0	forbidden
SEQ00750	chrX	R	0.0	forbidden
SEQ00751	chrX	L	0.0	forbidden
SEQ00751	chrX	R	0.0	forbidden
SEQ00752	chrX	L	0.0	forbidden
SEQ00752	chrX	R	-0.0	unresolved
SEQ00753	chrX	L	0.0	unresolved
SEQ00753	chrX	R	0.08676603744017441	unresolved
SEQ00754	chrX	L	-0.0	unresolved
SEQ00754	chrX	R	0.6404589138444634	unresolved
SEQ00755	chrX	L	-0.0	unresolved
SEQ00755	chrX	R	0.0	forbidden
SEQ00756	chrX	L	0.0	forbidden
SEQ00756	chrX	R	-0.0	unresolved
SEQ00757	chrX	L	0.6385869783594718	unresolved
SEQ00757	chrX	R	-0.0	unresolved
SEQ00758	chrX	L	0.4159219166532402	unresolved
SEQ00758	chrX	R	0.3845480650750288	unresolved
SEQ00759	chrX	L	-0.0	unresolved
SEQ00759	chrX	R	-0.0	unresolved
SEQ00760	chrX	L	0.5324280187117714	unresolved
SEQ00760	chrX	R	0.0	forbidden
SEQ00761	chrX	L	0.0	forbidden
SEQ00761	chrX	R	0.0	forbidden
SEQ00762	chrX	L	0.0	forbidden
SEQ00762	chrX	R	0.0	forbidden
SEQ00763	chrX	L	0.0	forbidden
SEQ00763	chrX	R	-0.0	unresolved
SEQ00764	chrX	L	0.8395097458893839	unresolved
SEQ00764	chrX	R	0.0	forbidden
SEQ00765	chrX	L	0.0	forbidden
SEQ00765	chrX	R	0.6490060104571314	unresolved
SEQ00766	chrX	L	-0.0	unresolved
SEQ00766	chrX	R	0.0	forbidden
SEQ00767	chrX	L	0.0	forbidden
SEQ00767	chrX	R	-0.0	unresolved
SEQ00768	chrX	L	0.6045314143161911	unresolved
SEQ00768	chrX	R	0.0	forbidden
SEQ00769	chrX	L	0.0	forbidden
SEQ00769	chrX	R	0.0	unresolved
SEQ00770	chrX	L	0.10808765472698334	unresolved
SEQ00770	chrX	R	-0.0	unresolved
SEQ00771	chrX	L	0.7250158732375589	unresolved
SEQ00771	chrX	R	0.0	forbidden
SEQ00772	chrX	L	0.0	forbidden
SEQ00772	chrX	R	0.7817036469076011	unresolved
SEQ00773	chrX	L	-0.0	unresolved
SEQ00773	chrX	R	0.7300399230294566	unresolved
SEQ00774	chrX	L	-0.0	unresolved
SEQ00774	chrX	R	-0.0	unresolved
SEQ00775	chrX	L	0.0	unresolved
SEQ00775	chrX	R	0.0	forbidden
SEQ00776	chrX	L	0.0	forbidden
SEQ00776	chrX	R	-0.0	unresolved
SEQ00777	chrX	L	0.5987497513382849	unresolved
SEQ00777	chrX	R	0.0	forbidden
SEQ00778	chrX	L	0.0	forbidden
SEQ00778	chrX	R	0.6463036152594801	unresolved
SEQ00779	chrX	L	-0.0	unresolved
SEQ00779	chrX	R	0.6297365632705062	unresolved
SEQ00780	chrX	L	-0.0	unresolved
SEQ00780	chrX	R	0.0	forbidden
SEQ00781	chrX	L	0.0	forbidden
SEQ00781	chrX	R	-0.0	unresolved
SEQ00782	chrX	L	0.6110242022049247	unresolved
SEQ00782	chrX	R	1.3090343907109219	telomere
