sv_id	chrom1	pos1	chrom2	pos2	orientation	eaglec2_probability	vertex1	vertex2	junction_cn	endpoint_cn_capacity	support_observed	support_background	support_beta_per_cn	support_expected
SV0001	chr3	90250000	chr19	27400000	-+	0.7014	chr3:90250000:L	chr19:27400000:R	0.0	0.0	15.0	0.2	117.75908651	0.2
SV0002	chr18	46600000	chr18	69850000	+-	1.0	chr18:46600000:R	chr18:69850000:L	0.8074562266119332	0.8074562266119332	130.0	0.25	117.75908651	95.3353076426328
SV0003	chr18	29350000	chr18	31450000	-+	1.0	chr18:29350000:L	chr18:31450000:R	-0.0	1.0245792370093647	12.0	3.3	117.75908651	3.3
SV0004	chr18	25600000	chr18	29600000	+-	0.9999	chr18:25600000:R	chr18:29600000:L	-0.0	0.0	34.0	0.7	117.75908651	0.7
SV0005	chr18	48050000	chr18	52550000	+-	0.9999	chr18:48050000:R	chr18:52550000:L	-0.0	0.037561279018320175	36.0	0.55	117.75908651	0.55
SV0006	chr18	39450000	chr18	71950000	-+	0.9999	chr18:39450000:L	chr18:71950000:R	-0.0	0.0	34.0	1.4	117.75908651	1.4
SV0007	chr18	22950000	chr18	47050000	--	0.9999	chr18:22950000:L	chr18:47050000:L	-0.0	0.0	97.0	1.95	117.75908651	1.95
SV0008	chr18	28250000	chr18	41500000	+-	0.9998	chr18:28250000:R	chr18:41500000:L	-0.0	0.0	6.0	4.5	117.75908651	4.5
SV0009	chr18	28300000	chr18	37300000	+-	0.9997	chr18:28300000:R	chr18:37300000:L	0.0	0.8347053634148516	1.0	1.05	117.75908651	1.05
SV0010	chr18	50550000	chr18	64700000	+-	0.9997	chr18:50550000:R	chr18:64700000:L	-0.0	0.7239197499876787	33.0	0.0	117.75908651	0.0
SV0011	chr18	37150000	chr18	37800000	-+	0.998	chr18:37150000:L	chr18:37800000:R	0.0	0.19166046927653824	22.0	23.65	117.75908651	23.65
SV0012	chr18	49750000	chr18	65800000	-+	0.9076	chr18:49750000:L	chr18:65800000:R	-0.0	0.6931476700708061	84.0	0.75	117.75908651	0.75
SV0013	chr18	28350000	chr18	42000000	++	0.5366	chr18:28350000:R	chr18:42000000:R	-0.0	0.7018181004495867	14.0	3.65	117.75908651	3.65
SV0014	chr3	26150000	chr14	73700000	-+	1.0	chr3:26150000:L	chr14:73700000:R	-0.0	0.0	19.0	0.65	117.75908651	0.65
SV0015	chr4	42150000	chr19	10300000	-+	1.0	chr4:42150000:L	chr19:10300000:R	-0.0	0.0	4.0	1.3	117.75908651	1.3
SV0016	chr2	86500000	chr2	88100000	+-	1.0	chr2:86500000:R	chr2:88100000:L	-0.0	0.0	153.0	8.85	117.75908651	8.85
SV0017	chr2	85050000	chr2	88250000	-+	1.0	chr2:85050000:L	chr2:88250000:R	-0.0	0.269948549928855	45.0	4.05	117.75908651	4.05
SV0018	chr2	10350000	chr2	11900000	-+	0.9998	chr2:10350000:L	chr2:11900000:R	-0.0	0.843085015067754	146.0	7.65	117.75908651	7.65
SV0019	chr2	30650000	chr2	31800000	-+	0.932	chr2:30650000:L	chr2:31800000:R	0.0	0.0	4.0	7.7	117.75908651	7.7
SV0020	chr2	85050000	chr2	85650000	++	0.6645	chr2:85050000:R	chr2:85650000:R	-0.0	0.0	50.0	24.5	117.75908651	24.5
SV0021	chr8	40350000	chr18	24550000	-+	0.9608	chr8:40350000:L	chr18:24550000:R	-0.0	0.7145961270624092	12.0	0.05	117.75908651	0.05
SV0022	chrX	24450000	chrX	131250000	+-	1.0	chrX:24450000:R	chrX:131250000:L	-0.0	0.7250158732375589	92.0	1.3	117.75908651	1.3
SV0023	chrX	126100000	chrX	143000000	--	1.0	chrX:126100000:L	chrX:143000000:L	0.0	0.0	0.0	6.65	117.75908651	6.65
SV0024	chrX	119100000	chrX	146500000	-+	1.0	chrX:119100000:L	chrX:146500000:R	-0.0	0.6297365632705062	11.0	1.95	117.75908651	1.95
SV0025	chrX	38300000	chrX	48000000	+-	1.0	chrX:38300000:R	chrX:48000000:L	0.7124715594059511	0.7620858127463883	84.0	0.1	117.75908651	84.0
SV0026	chrX	130100000	chrX	142000000	+-	1.0	chrX:130100000:R	chrX:142000000:L	0.6639562749613751	0.6639562749613751	109.0	0.5	117.75908651	78.68688442203391
SV0027	chrX	52650000	chrX	137200000	++	1.0	chrX:52650000:R	chrX:137200000:R	-0.0	0.7300399230294566	56.0	7.0	117.75908651	7.0
SV0028	chrX	55600000	chrX	119000000	+-	0.9999	chrX:55600000:R	chrX:119000000:L	0.0	0.6404589138444634	0.0	2.05	117.75908651	2.05
SV0029	chrX	24450000	chrX	154050000	--	0.9999	chrX:24450000:L	chrX:154050000:L	-0.0	0.0	166.0	4.05	117.75908651	4.05
SV0030	chrX	122700000	chrX	131950000	++	0.9997	chrX:122700000:R	chrX:131950000:R	-0.0	0.0	27.0	4.15	117.75908651	4.15
SV0031	chrX	118000000	chrX	144650000	-+	0.9995	chrX:118000000:L	chrX:144650000:R	-0.0	0.5324280187117714	17.0	1.35	117.75908651	1.35
SV0032	chrX	54000000	chrX	55000000	-+	0.9994	chrX:54000000:L	chrX:55000000:R	0.6839267412284799	0.7706927786686543	60.0	4.6	117.75908651	85.13858828682694
SV0033	chrX	50500000	chrX	53700000	++	0.9966	chrX:50500000:R	chrX:53700000:R	-0.0	0.0	36.0	1.35	117.75908651	1.35
SV0034	chrX	52200000	chrX	118250000	-+	0.994	chrX:52200000:L	chrX:118250000:R	0.0	0.0	54.0	3.2	117.75908651	3.2
SV0035	chrX	51950000	chrX	118000000	+-	0.9922	chrX:51950000:R	chrX:118000000:L	-0.0	0.5324280187117714	65.0	0.25	117.75908651	0.25
SV0036	chrX	11300000	chrX	50500000	++	0.9803	chrX:11300000:R	chrX:50500000:R	-0.0	0.0	17.0	4.6	117.75908651	4.6
SV0037	chrX	7250000	chrX	7650000	+-	0.8492	chrX:7250000:R	chrX:7650000:L	-0.0	0.0	88.0	1.65	117.75908651	1.65
SV0038	chrX	52200000	chrX	130050000	-+	0.7052	chrX:52200000:L	chrX:130050000:R	-0.0	0.0	2.0	0.7	117.75908651	0.7
SV0039	chr9	85000000	chr9	91250000	--	1.0	chr9:85000000:L	chr9:91250000:L	0.0	0.0	1.0	8.35	117.75908651	8.35
SV0040	chr9	70500000	chr9	90650000	++	1.0	chr9:70500000:R	chr9:90650000:R	-0.0	0.0	33.0	3.25	117.75908651	3.25
SV0041	chr9	61700000	chr9	63850000	++	0.8528	chr9:61700000:R	chr9:63850000:R	-0.0	0.0	29.0	2.65	117.75908651	2.65
SV0042	chr9	41600000	chr9	65350000	--	0.7906	chr9:41600000:L	chr9:65350000:L	0.0	0.0	119.0	1.55	117.75908651	1.55
SV0043	chr9	39050000	chr9	65350000	+-	0.7772	chr9:39050000:R	chr9:65350000:L	0.0	0.0	13.0	0.25	117.75908651	0.25
SV0044	chr9	87300000	chr9	87700000	-+	0.5829	chr9:87300000:L	chr9:87700000:R	-0.0	0.0	168.0	39.65	117.75908651	39.65
SV0045	chr9	38900000	chr9	62100000	++	0.5343	chr9:38900000:R	chr9:62100000:R	-0.0	0.0	16.0	2.65	117.75908651	2.65
SV0046	chr9	60650000	chr9	65350000	+-	0.5032	chr9:60650000:R	chr9:65350000:L	-0.0	0.0	3.0	0.25	117.75908651	0.25
SV0047	chr11	128100000	chr11	132750000	--	1.0	chr11:128100000:L	chr11:132750000:L	0.0	0.0	1.0	13.4	117.75908651	13.4
SV0048	chr11	66300000	chr11	69150000	+-	1.0	chr11:66300000:R	chr11:69150000:L	0.0	1.2830110591090609	178.0	6.9	117.75908651	6.9
SV0049	chr11	68950000	chr11	71350000	-+	1.0	chr11:68950000:L	chr11:71350000:R	-0.0	0.0	383.0	54.7	117.75908651	54.7
SV0050	chr11	69150000	chr11	72250000	-+	0.9998	chr11:69150000:L	chr11:72250000:R	-0.0	0.0	10.0	6.2	117.75908651	6.2
SV0051	chr11	101400000	chr11	132600000	++	0.7701	chr11:101400000:R	chr11:132600000:R	-0.0	0.41907608480150027	29.0	0.9	117.75908651	0.9
SV0052	chr8	350000	chr8	114800000	-+	1.0	chr8:350000:L	chr8:114800000:R	0.0	1.0528748787786675	31.0	0.11764705882352941	117.75908651	0.11764705882352941
SV0053	chr8	350000	chr8	79250000	-+	0.9993	chr8:350000:L	chr8:79250000:R	0.0	0.0	4.0	0.7058823529411765	117.75908651	0.7058823529411765
SV0054	chr8	79150000	chr8	114400000	--	0.9977	chr8:79150000:L	chr8:114400000:L	0.0	0.0	42.0	1.85	117.75908651	1.85
SV0055	chr8	350000	chr8	114350000	--	0.8542	chr8:350000:L	chr8:114350000:L	0.0	0.0	0.0	3.411764705882353	117.75908651	3.411764705882353
SV0056	chr8	7050000	chr8	12650000	-+	0.7688	chr8:7050000:L	chr8:12650000:R	-0.0	0.0	9.0	2.0	117.75908651	2.0
SV0057	chr20	31300000	chr20	35550000	-+	0.9913	chr20:31300000:L	chr20:35550000:R	-0.0	0.0	12.0	4.35	117.75908651	4.35
SV0058	chr20	14750000	chr20	15300000	+-	0.983	chr20:14750000:R	chr20:15300000:L	-0.0	0.6629766662182008	47.0	3.35	117.75908651	3.35
SV0059	chr20	30600000	chr20	35450000	+-	0.6458	chr20:30600000:R	chr20:35450000:L	-0.0	0.0	9.0	3.15	117.75908651	3.15
SV0060	chr20	30450000	chr20	35550000	-+	0.6063	chr20:30450000:L	chr20:35550000:R	-0.0	0.0	27.0	1.65	117.75908651	1.65
SV0061	chr20	14250000	chr20	15200000	+-	0.5855	chr20:14250000:R	chr20:15200000:L	-0.0	0.0	55.0	7.6	117.75908651	7.6
SV0062	chr3	95300000	chr11	39100000	+-	1.0	chr3:95300000:R	chr11:39100000:L	0.2288570742072751	0.9184961460014707	27.0	0.05	117.75908651	27.0
SV0063	chr3	156900000	chr11	68050000	++	1.0	chr3:156900000:R	chr11:68050000:R	-0.0	0.0	38.0	4.65	117.75908651	4.65
SV0064	chr3	183050000	chr11	68050000	-+	1.0	chr3:183050000:L	chr11:68050000:R	-0.0	0.0	27.0	1.45	117.75908651	1.45
SV0065	chr3	160650000	chr11	68050000	--	0.9986	chr3:160650000:L	chr11:68050000:L	-0.0	0.0	5.0	2.7	117.75908651	2.7
SV0066	chr3	90400000	chr11	48900000	-+	0.9966	chr3:90400000:L	chr11:48900000:R	-0.0	0.0	14.0	0.95	117.75908651	0.95
SV0067	chr3	93700000	chr11	48900000	-+	0.6889	chr3:93700000:L	chr11:48900000:R	-0.0	0.0	3.0	0.35	117.75908651	0.35
SV0068	chr4	99750000	chr4	102350000	-+	0.9992	chr4:99750000:L	chr4:102350000:R	-0.0	0.6824176856478577	69.0	1.85	117.75908651	1.85
SV0069	chr4	20150000	chr18	79850000	-+	1.0	chr4:20150000:L	chr18:79850000:R	-0.0	0.6596584540297382	116.0	1.1	117.75908651	1.1
SV0070	chr4	22100000	chr18	28350000	++	0.9101	chr4:22100000:R	chr18:28350000:R	0.0	0.7018181004495867	53.0	1.05	117.75908651	1.05
SV0071	chr4	22100000	chr18	37250000	+-	0.8099	chr4:22100000:R	chr18:37250000:L	0.0	0.0	0.0	0.45	117.75908651	0.45
SV0072	chr4	22100000	chr18	42050000	++	0.6806	chr4:22100000:R	chr18:42050000:R	-0.0	0.630995373020881	25.0	2.2	117.75908651	2.2
SV0073	chr8	133100000	chr20	24150000	-+	1.0	chr8:133100000:L	chr20:24150000:R	1.3262541836364965	1.3262541836364965	354.0	2.4	117.75908651	158.57848114509963
SV0074	chr22	38050000	chr22	42800000	--	1.0	chr22:38050000:L	chr22:42800000:L	0.0	1.3151959312799826	6.0	14.8	117.75908651	14.8
SV0075	chr22	45800000	chr22	47100000	-+	0.9999	chr22:45800000:L	chr22:47100000:R	-0.0	1.5753281911654708	213.0	19.0	117.75908651	19.0
SV0076	chr14	43550000	chr22	33450000	-+	1.0	chr14:43550000:L	chr22:33450000:R	0.0	0.0	0.0	0.45	117.75908651	0.45
SV0077	chr7	87150000	chr13	60550000	-+	1.0	chr7:87150000:L	chr13:60550000:R	-0.0	0.8583514015799834	36.0	4.9	117.75908651	4.9
SV0078	chr7	86950000	chr13	60050000	+-	0.9998	chr7:86950000:R	chr13:60050000:L	0.11124406946624504	0.8546024671624077	17.0	3.9	117.75908651	17.0
SV0079	chr19	33100000	chr19	57750000	-+	1.0	chr19:33100000:L	chr19:57750000:R	0.0	0.0	0.0	1.5	117.75908651	1.5
SV0080	chr19	42250000	chr19	48900000	+-	1.0	chr19:42250000:R	chr19:48900000:L	-0.0	0.21977283754762644	122.0	0.65	117.75908651	0.65
SV0081	chr19	36450000	chr19	38150000	+-	1.0	chr19:36450000:R	chr19:38150000:L	0.0	0.0	4.0	6.45	117.75908651	6.45
SV0082	chr19	28450000	chr19	29150000	-+	0.9458	chr19:28450000:L	chr19:29150000:R	-0.0	1.3880497245395196	213.0	28.1	117.75908651	28.1
SV0083	chr3	123850000	chr3	174850000	+-	1.0	chr3:123850000:R	chr3:174850000:L	0.0	0.0	0.0	1.25	117.75908651	1.25
SV0084	chr3	156750000	chr3	183050000	--	1.0	chr3:156750000:L	chr3:183050000:L	0.0	0.0	60.0	3.45	117.75908651	3.45
SV0085	chr3	160050000	chr3	181950000	++	1.0	chr3:160050000:R	chr3:181950000:R	-0.0	0.3042822906810003	31.0	5.1	117.75908651	5.1
SV0086	chr3	157100000	chr3	159600000	-+	0.9433	chr3:157100000:L	chr3:159600000:R	0.0	0.0	3.0	8.0	117.75908651	8.0
SV0087	chr9	43150000	chr18	15400000	-+	0.6445	chr9:43150000:L	chr18:15400000:R	-0.0	0.0	29.0	0.4	117.75908651	0.4
SV0088	chr2	203000000	chr3	91550000	-+	0.9855	chr2:203000000:L	chr3:91550000:R	-0.0	0.6231835231061267	9.0	0.4	117.75908651	0.4
SV0089	chr2	203000000	chr3	90450000	--	0.8415	chr2:203000000:L	chr3:90450000:L	0.0	1.869444317092378	1.0	1.15	117.75908651	1.15
SV0090	chr5	2600000	chr5	11850000	-+	1.0	chr5:2600000:L	chr5:11850000:R	0.0	0.0	1.0	2.75	117.75908651	2.75
SV0091	chr5	15300000	chr5	17100000	+-	1.0	chr5:15300000:R	chr5:17100000:L	-0.0	0.886508972431737	84.0	5.75	117.75908651	5.75
SV0092	chr5	9900000	chr5	12100000	--	0.9998	chr5:9900000:L	chr5:12100000:L	-0.0	0.5498143476452775	22.0	5.3	117.75908651	5.3
SV0093	chr5	50400000	chr5	52750000	++	0.9997	chr5:50400000:R	chr5:52750000:R	-0.0	0.0	65.0	6.55	117.75908651	6.55
SV0094	chr5	4150000	chr5	59850000	--	0.9811	chr5:4150000:L	chr5:59850000:L	-0.0	1.3436602572259286	206.0	9.1	117.75908651	9.1
SV0095	chr12	6450000	chr18	70150000	+-	0.9992	chr12:6450000:R	chr18:70150000:L	-0.0	0.8296914819298244	38.0	0.0	117.75908651	0.0
SV0096	chr12	31000000	chr18	65750000	-+	0.98	chr12:31000000:L	chr18:65750000:R	-0.0	0.0	1.0	0.25	117.75908651	0.25
SV0097	chr12	31000000	chr18	49850000	-+	0.9074	chr12:31000000:L	chr18:49850000:R	0.0	0.0	7.0	1.85	117.75908651	1.85
SV0098	chr22	46050000	chrX	3700000	-+	0.9992	chr22:46050000:L	chrX:3700000:R	0.0	0.6796072661159832	1.0	2.15	117.75908651	2.15
SV0099	chr6	58250000	chr18	31050000	-+	0.5548	chr6:58250000:L	chr18:31050000:R	-0.0	0.0	80.0	4.05	117.75908651	4.05
SV0100	chr14	63550000	chr14	71000000	+-	0.9964	chr14:63550000:R	chr14:71000000:L	-0.0	2.0941331737266204	99.0	10.8	117.75908651	10.8
SV0101	chr5	29750000	chr13	49550000	+-	1.0	chr5:29750000:R	chr13:49550000:L	0.0	0.0	0.0	0.75	117.75908651	0.75
SV0102	chr11	61650000	chr19	5300000	--	1.0	chr11:61650000:L	chr19:5300000:L	-0.0	0.6756526592331578	242.0	13.05	117.75908651	13.05
SV0103	chr11	132600000	chr19	27900000	+-	0.9789	chr11:132600000:R	chr19:27900000:L	-0.0	0.41907608480150027	10.0	0.55	117.75908651	0.55
SV0104	chr11	101350000	chr19	27900000	--	0.7226	chr11:101350000:L	chr19:27900000:L	0.0	0.0	29.0	0.15	117.75908651	0.15
SV0105	chr11	48900000	chr13	16200000	+-	0.7611	chr11:48900000:R	chr13:16200000:L	-0.0	0.0	4.0	0.05	117.75908651	0.05
SV0106	chr9	43200000	chr20	28800000	+-	0.5686	chr9:43200000:R	chr20:28800000:L	-0.0	0.0	19.0	0.25	117.75908651	0.25
SV0107	chr2	88250000	chr22	42150000	+-	1.0	chr2:88250000:R	chr22:42150000:L	-0.0	0.269948549928855	48.0	2.3	117.75908651	2.3
SV0108	chr16	21750000	chr16	22550000	+-	0.9998	chr16:21750000:R	chr16:22550000:L	-0.0	0.0	193.0	14.9	117.75908651	14.9
SV0109	chr16	14800000	chr16	15350000	--	0.1153	chr16:14800000:L	chr16:15350000:L	-0.0	0.8022843404881419	61.0	23.0	117.75908651	23.0
SV0110	chr7	52100000	chr7	53200000	+-	0.9736	chr7:52100000:R	chr7:53200000:L	-0.0	0.40917675819263266	32.0	11.7	117.75908651	11.7
SV0111	chr7	70100000	chr7	70400000	+-	0.8626	chr7:70100000:R	chr7:70400000:L	0.0	0.0	20.0	28.9	117.75908651	28.9
SV0112	chr7	67300000	chr7	102300000	+-	0.813	chr7:67300000:R	chr7:102300000:L	-0.0	0.0	23.0	1.4	117.75908651	1.4
SV0113	chr7	5950000	chr7	6700000	+-	0.7015	chr7:5950000:R	chr7:6700000:L	-0.0	0.0	24.0	18.55	117.75908651	18.55
SV0114	chr7	58050000	chr7	62250000	+-	0.6572	chr7:58050000:R	chr7:62250000:L	-0.0	0.0	4.0	3.8	117.75908651	3.8
SV0115	chr7	58100000	chr7	60850000	-+	0.03169	chr7:58100000:L	chr7:60850000:R	0.0	0.0	0.0	0.65	117.75908651	0.65
SV0116	chr7	32500000	chr7	32850000	+-	0.5789	chr7:32500000:R	chr7:32850000:L	-0.0	0.0	28.0	23.05	117.75908651	23.05
SV0117	chr12	38500000	chr16	89150000	+-	0.9998	chr12:38500000:R	chr16:89150000:L	-0.0	0.0	19.0	0.7	117.75908651	0.7
SV0118	chr12	98750000	chr12	99550000	+-	0.9732	chr12:98750000:R	chr12:99550000:L	-0.0	0.7306712078117084	64.0	10.95	117.75908651	10.95
SV0119	chr6	350000	chr16	33600000	+-	0.5773	chr6:350000:R	chr16:33600000:L	-0.0	0.0	129.0	3.0625	117.75908651	3.0625
SV0120	chr4	48500000	chr7	33950000	+-	1.0	chr4:48500000:R	chr7:33950000:L	-0.0	0.1970824369854829	8.0	0.5	117.75908651	0.5
SV0121	chr3	40350000	chr16	34550000	+-	0.818	chr3:40350000:R	chr16:34550000:L	-0.0	0.6396646731026832	35.0	0.0	117.75908651	0.0
SV0122	chr3	40300000	chr16	34750000	++	0.7255	chr3:40300000:R	chr16:34750000:R	-0.0	0.0	9.0	1.65	117.75908651	1.65
SV0123	chr5	49700000	chrX	350000	+-	0.9999	chr5:49700000:R	chrX:350000:L	0.0	0.0	20.0	0.0	117.75908651	0.0
SV0124	chr5	2500000	chr11	100800000	+-	1.0	chr5:2500000:R	chr11:100800000:L	-0.0	0.0	4.0	2.05	117.75908651	2.05
SV0125	chr3	2550000	chr22	27700000	+-	1.0	chr3:2550000:R	chr22:27700000:L	-0.0	0.4058536449194228	27.0	0.8	117.75908651	0.8
SV0126	chr3	95300000	chr9	38000000	+-	1.0	chr3:95300000:R	chr9:38000000:L	-0.0	0.9184961460014707	40.0	0.45	117.75908651	0.45
SV0127	chr18	71250000	chr21	23750000	--	1.0	chr18:71250000:L	chr21:23750000:L	0.5082531930034939	0.6065799522971254	46.0	5.25	117.75908651	65.10143172388217
SV0128	chr18	39650000	chr21	45100000	+-	0.9996	chr18:39650000:R	chr21:45100000:L	-0.0	0.0	72.0	7.65	117.75908651	7.65
SV0129	chr18	39450000	chr21	44950000	++	0.9947	chr18:39450000:R	chr21:44950000:R	-0.0	0.0	38.0	9.75	117.75908651	9.75
SV0130	chr18	71950000	chr21	45050000	+-	0.913	chr18:71950000:R	chr21:45050000:L	0.0	0.0	0.0	0.85	117.75908651	0.85
SV0131	chr10	39500000	chr20	31000000	++	0.7343	chr10:39500000:R	chr20:31000000:R	0.0	0.0	11.0	0.95	117.75908651	0.95
SV0132	chr10	38550000	chr20	31050000	+-	0.6413	chr10:38550000:R	chr20:31050000:L	-0.0	0.0	47.0	0.05	117.75908651	0.05
SV0133	chr1	124750000	chr5	47200000	+-	0.8757	chr1:124750000:R	chr5:47200000:L	-0.0	0.0	2.0	0.45	117.75908651	0.45
SV0134	chr8	40800000	chr21	33100000	+-	1.0	chr8:40800000:R	chr21:33100000:L	-0.0	0.5829837119539842	94.0	5.75	117.75908651	5.75
SV0135	chr1	193000000	chr1	193500000	+-	0.9928	chr1:193000000:R	chr1:193500000:L	0.0	0.0	2.0	11.15	117.75908651	11.15
SV0136	chr1	146300000	chr1	149350000	--	0.8672	chr1:146300000:L	chr1:149350000:L	-0.0	0.0	43.0	4.05	117.75908651	4.05
SV0137	chr1	157150000	chr1	159800000	+-	0.5884	chr1:157150000:R	chr1:159800000:L	-0.0	0.0	12.0	2.05	117.75908651	2.05
SV0138	chr3	73000000	chr8	134450000	+-	0.9732	chr3:73000000:R	chr8:134450000:L	-0.0	0.0	147.0	2.45	117.75908651	2.45
SV0139	chr11	119550000	chr12	17400000	+-	1.0	chr11:119550000:R	chr12:17400000:L	-0.0	0.0	38.0	0.0	117.75908651	0.0
SV0140	chr20	24650000	chrX	62400000	--	0.9934	chr20:24650000:L	chrX:62400000:L	0.0	0.05651665927231614	0.0	0.6	117.75908651	0.6
SV0141	chr20	31100000	chrX	350000	+-	0.6708	chr20:31100000:R	chrX:350000:L	-0.0	0.0	4.0	0.058823529411764705	117.75908651	0.058823529411764705
SV0142	chr1	242550000	chr7	151050000	+-	0.9992	chr1:242550000:R	chr7:151050000:L	-0.0	0.0	31.0	0.95	117.75908651	0.95
SV0143	chr1	125050000	chr7	60900000	--	0.5692	chr1:125050000:L	chr7:60900000:L	-0.0	0.0	14.0	3.5	117.75908651	3.5
SV0144	chr9	131300000	chr15	101550000	--	0.9997	chr9:131300000:L	chr15:101550000:L	-0.0	1.7791873623202636	248.0	22.333333333333332	117.75908651	22.333333333333332
SV0145	chr9	132250000	chr15	101600000	+-	0.6818	chr9:132250000:R	chr15:101600000:L	-0.0	0.0	25.0	6.705882352941177	117.75908651	6.705882352941177
SV0146	chr8	350000	chr12	117000000	--	1.0	chr8:350000:L	chr12:117000000:L	-0.0	0.5164087043806278	5.0	3.4705882352941178	117.75908651	3.4705882352941178
SV0147	chr8	79300000	chr12	117000000	+-	1.0	chr8:79300000:R	chr12:117000000:L	-0.0	0.5164087043806278	90.0	0.15	117.75908651	0.15
SV0148	chr8	114750000	chr12	117000000	+-	0.9606	chr8:114750000:R	chr12:117000000:L	-0.0	0.5164087043806278	16.0	1.4	117.75908651	1.4
SV0149	chr8	114400000	chr12	117000000	--	0.8832	chr8:114400000:L	chr12:117000000:L	-0.0	0.5164087043806278	19.0	2.3	117.75908651	2.3
SV0150	chr21	34150000	chr21	42500000	+-	0.9999	chr21:34150000:R	chr21:42500000:L	2.1128585703749274	2.1128585703749274	443.0	1.15	117.75908651	249.958295172176
SV0151	chr21	33200000	chr21	42750000	--	0.9998	chr21:33200000:L	chr21:42750000:L	-0.0	2.1128585703749274	166.0	18.15	117.75908651	18.15
SV0152	chr4	49050000	chrX	350000	--	0.9953	chr4:49050000:L	chrX:350000:L	0.0	0.0	0.0	1.3529411764705883	117.75908651	1.3529411764705883
SV0153	chr3	156700000	chr17	78150000	--	0.9949	chr3:156700000:L	chr17:78150000:L	0.011888679179598707	1.040452608151703	2.0	0.6	117.75908651	2.0
SV0154	chr3	183250000	chr17	78100000	--	0.7743	chr3:183250000:L	chr17:78100000:L	-0.0	0.0	42.0	33.15	117.75908651	33.15
SV0155	chr13	98100000	chr19	30500000	--	0.9971	chr13:98100000:L	chr19:30500000:L	0.0	1.021761867509989	0.0	15.25	117.75908651	15.25
SV0156	chr2	50650000	chr19	22400000	--	1.0	chr2:50650000:L	chr19:22400000:L	-0.0	0.0	41.0	4.0	117.75908651	4.0
SV0157	chr7	62250000	chr16	36050000	--	0.9872	chr7:62250000:L	chr16:36050000:L	0.0	0.0	45.0	2.05	117.75908651	2.05
SV0158	chr9	3550000	chr14	88800000	--	1.0	chr9:3550000:L	chr14:88800000:L	-0.0	1.3925904162670022	138.0	26.35	117.75908651	26.35
SV0159	chr10	38450000	chr21	10650000	--	0.5176	chr10:38450000:L	chr21:10650000:L	-0.0	0.0	42.0	1.5	117.75908651	1.5
SV0160	chr5	29750000	chr12	38550000	--	1.0	chr5:29750000:L	chr12:38550000:L	-0.0	0.0	14.0	1.05	117.75908651	1.05
SV0161	chr5	500000	chr12	24100000	++	1.0	chr5:500000:R	chr12:24100000:R	-0.0	0.16844103405566546	17.0	1.2105263157894737	117.75908651	1.2105263157894737
SV0162	chr1	242500000	chr10	37750000	--	0.9964	chr1:242500000:L	chr10:37750000:L	-0.0	0.0	35.0	6.4	117.75908651	6.4
SV0163	chr13	18150000	chr21	10250000	--	0.9908	chr13:18150000:L	chr21:10250000:L	0.0	1.8841127473896113	1.0	24.35	117.75908651	24.35
SV0164	chr9	65350000	chr21	9800000	--	0.7098	chr9:65350000:L	chr21:9800000:L	0.0	0.0	308.0	1.75	117.75908651	1.75
SV0165	chr11	67950000	chr15	81000000	--	0.9999	chr11:67950000:L	chr15:81000000:L	-0.0	0.598206857308333	143.0	5.75	117.75908651	5.75
SV0166	chr3	135750000	chr13	48500000	--	1.0	chr3:135750000:L	chr13:48500000:L	0.0	0.0	0.0	3.7	117.75908651	3.7
SV0167	chr7	53950000	chr11	77800000	--	1.0	chr7:53950000:L	chr11:77800000:L	0.021229784249283404	0.5550312191436473	8.0	5.5	117.75908651	8.0
SV0168	chr3	197650000	chr5	1650000	++	0.5578	chr3:197650000:R	chr5:1650000:R	-0.0	0.0	6.0	1.1	117.75908651	1.1
SV0169	chr6	350000	chr15	20300000	++	0.9708	chr6:350000:R	chr15:20300000:R	-0.0	0.0	13.0	0.125	117.75908651	0.125
SV0170	chr19	29050000	chr20	33600000	++	1.0	chr19:29050000:R	chr20:33600000:R	-0.0	0.0	55.0	5.55	117.75908651	5.55
SV0171	chr19	27400000	chr20	29250000	++	0.5262	chr19:27400000:R	chr20:29250000:R	-0.0	0.0	12.0	0.7	117.75908651	0.7
SV0172	chr13	81700000	chr17	59900000	++	1.0	chr13:81700000:R	chr17:59900000:R	-0.0	0.0	19.0	1.0	117.75908651	1.0
SV0173	chr5	49700000	chr9	61700000	++	0.5621	chr5:49700000:R	chr9:61700000:R	-0.0	0.0	38.0	1.7	117.75908651	1.7
SV0174	chr6	61400000	chr11	48900000	++	0.592	chr6:61400000:R	chr11:48900000:R	-0.0	0.0	3.0	0.3	117.75908651	0.3
SV0175	chr15	20400000	chr15	22250000	++	0.6673	chr15:20400000:R	chr15:22250000:R	-0.0	0.0	316.0	11.05	117.75908651	11.05
SV0176	chr1	120650000	chr11	68500000	++	0.9999	chr1:120650000:R	chr11:68500000:R	-0.0	0.0	8.0	1.85	117.75908651	1.85
SV0177	chr11	48900000	chr20	31000000	++	0.7476	chr11:48900000:R	chr20:31000000:R	-0.0	0.0	26.0	1.05	117.75908651	1.05
SV0178	chr10	39500000	chr11	48900000	++	0.9923	chr10:39500000:R	chr11:48900000:R	-0.0	0.0	2.0	1.3	117.75908651	1.3
SV0179	chr13	17600000	chr13	18000000	++	0.8679	chr13:17600000:R	chr13:18000000:R	-0.0	0.0	215.0	24.0	117.75908651	24.0
SV0180	chr8	36950000	chr16	18150000	+-	1.783e-07	chr8:36950000:R	chr16:18150000:L	-0.0	0.38479214931216077	89.0	0.0	117.75908651	0.0
SV0181	chr8	55450000	chr16	36050000	++	1.0	chr8:55450000:R	chr16:36050000:R	-0.0	0.0	65.0	4.2	117.75908651	4.2
SV0182	chr17	26900000	chr20	28850000	++	0.642	chr17:26900000:R	chr20:28850000:R	-0.0	0.0	5.0	1.8	117.75908651	1.8
SV0183	chr15	75750000	chr19	39350000	++	8.925e-10	chr15:75750000:R	chr19:39350000:R	-0.0	0.0	15.0	4.8	117.75908651	4.8
SV0184	chr12	105300000	chr14	66800000	+-	1.017e-08	chr12:105300000:R	chr14:66800000:L	-0.0	0.20199374769261436	9.0	0.2	117.75908651	0.2
