segment_id	chrom	start	end	sequence_cn	balanced_sequence_cn
SEQ00001	chr1	0	600000	1.216175979097276	1.216175979097276
SEQ00002	chr1	600000	3900000	1.4121437929987393	1.4121437929987393
SEQ00003	chr1	3900000	5900000	1.0966240357419221	1.0966240357419221
SEQ00004	chr1	5900000	38300000	1.4118129894120364	1.4118129894120364
SEQ00005	chr1	38300000	120650000	2.8022195629270477	2.8022195629270477
SEQ00006	chr1	120650000	121550000	2.8022195629270477	2.8022195629270477
SEQ00007	chr1	121550000	122500000	0.9622809009538741	0.9622809009538741
SEQ00008	chr1	122500000	124750000	1.7661354602152441	1.7661354602152441
SEQ00009	chr1	124750000	125050000	1.7661354602152441	1.7661354602152441
SEQ00010	chr1	125050000	125150000	1.7661354602152441	1.7661354602152441
SEQ00011	chr1	125150000	143150000	0.015071637695415415	0.015071637695415415
SEQ00012	chr1	143150000	146300000	2.0449907251734833	2.0449907251734833
SEQ00013	chr1	146300000	149350000	2.0449907251734833	2.0449907251734833
SEQ00014	chr1	149350000	157150000	2.0449907251734833	2.0449907251734833
SEQ00015	chr1	157150000	159800000	2.0449907251734833	2.0449907251734833
SEQ00016	chr1	159800000	193000000	2.0449907251734833	2.0449907251734833
SEQ00017	chr1	193000000	193500000	2.0449907251734833	2.0449907251734833
SEQ00018	chr1	193500000	242500000	2.0449907251734833	2.0449907251734833
SEQ00019	chr1	242500000	242550000	2.0449907251734833	2.0449907251734833
SEQ00020	chr1	242550000	248956422	2.0449907251734833	2.0449907251734833
SEQ00021	chr10	0	21550000	1.349268061904915	1.349268061904915
SEQ00022	chr10	21550000	35550000	1.4391470378912612	1.4391470378912612
SEQ00023	chr10	35550000	37750000	1.3347383899870282	1.3347383899870282
SEQ00024	chr10	37750000	37800000	1.3347383899870282	1.3347383899870282
SEQ00025	chr10	37800000	38450000	1.7323975053010539	1.7323975053010539
SEQ00026	chr10	38450000	38550000	1.7323975053010539	1.7323975053010539
SEQ00027	chr10	38550000	39400000	1.7323975053010539	1.7323975053010539
SEQ00028	chr10	39400000	39500000	2.0992930890796586	2.0992930890796586
SEQ00029	chr10	39500000	45700000	2.0992930890796586	2.0992930890796586
SEQ00030	chr10	45700000	48200000	2.9580019428169173	2.9580019428169173
SEQ00031	chr10	48200000	104600000	2.0901608929868325	2.0901608929868325
SEQ00032	chr10	104600000	106000000	1.7022642378073927	1.7022642378073927
SEQ00033	chr10	106000000	106700000	2.1212163886703763	2.1212163886703763
SEQ00034	chr10	106700000	109600000	1.6896764306450787	1.6896764306450787
SEQ00035	chr10	109600000	111050000	2.1834583324117456	2.1834583324117456
SEQ00036	chr10	111050000	112100000	1.784655980857338	1.784655980857338
SEQ00037	chr10	112100000	128350000	2.0624392145380424	2.0624392145380424
SEQ00038	chr10	128350000	133797422	1.689407077391905	1.689407077391905
SEQ00039	chr11	0	3350000	1.4324988690670706	1.4324988690670706
SEQ00040	chr11	3350000	19350000	1.7132598720029035	1.7132598720029035
SEQ00041	chr11	19350000	24900000	1.5944324749569743	1.5944324749569743
SEQ00042	chr11	24900000	29500000	1.682371131971585	1.682371131971585
SEQ00043	chr11	29500000	31000000	1.57409323986677	1.57409323986677
SEQ00044	chr11	31000000	36700000	1.7476690347749055	1.7476690347749055
SEQ00045	chr11	36700000	39100000	1.5715912058000474	1.5715912058000474
SEQ00046	chr11	39100000	43300000	1.9089002283444856	1.9089002283444856
SEQ00047	chr11	43300000	48900000	2.0842041528281983	2.0842041528281983
SEQ00048	chr11	48900000	49750000	2.0842041528281983	2.0842041528281983
SEQ00049	chr11	49750000	50300000	1.8372029433636432	1.8372029433636432
SEQ00050	chr11	50300000	55150000	1.4318069622298668	1.4318069622298668
SEQ00051	chr11	55150000	61650000	2.0483497890155227	2.0483497890155227
SEQ00052	chr11	61650000	62550000	2.7240024482486804	2.7240024482486804
SEQ00053	chr11	62550000	63750000	1.4624486812411097	1.4624486812411097
SEQ00054	chr11	63750000	65250000	1.3071185560986973	1.3071185560986973
SEQ00055	chr11	65250000	66300000	4.792804190466621	4.792804190466621
SEQ00056	chr11	66300000	67450000	3.5097931313575605	3.5097931313575605
SEQ00057	chr11	67450000	67850000	5.4124057597461395	5.4124057597461395
SEQ00058	chr11	67850000	67950000	3.7661931741079875	3.7661931741079875
SEQ00059	chr11	67950000	68050000	3.7661931741079875	3.7661931741079875
SEQ00060	chr11	68050000	68500000	3.7661931741079875	3.7661931741079875
SEQ00061	chr11	68500000	68950000	3.7661931741079875	3.7661931741079875
SEQ00062	chr11	68950000	69000000	3.7661931741079875	3.7661931741079875
SEQ00063	chr11	69000000	69150000	7.770190665378893	7.770190665378893
SEQ00064	chr11	69150000	69550000	7.770190665378893	7.770190665378893
SEQ00065	chr11	69550000	71350000	20.301859942813923	20.301859942813923
SEQ00066	chr11	71350000	71400000	20.301859942813923	20.301859942813923
SEQ00067	chr11	71400000	72200000	2.3098865572640053	2.3098865572640053
SEQ00068	chr11	72200000	72250000	1.9220064798234393	1.9220064798234393
SEQ00069	chr11	72250000	74900000	1.9220064798234393	1.9220064798234393
SEQ00070	chr11	74900000	77800000	1.4541740946824644	1.4541740946824644
SEQ00071	chr11	77800000	78600000	1.9165646974519814	1.9165646974519814
SEQ00072	chr11	78600000	80550000	1.6590346290509166	1.6590346290509166
SEQ00073	chr11	80550000	85550000	1.8060088969605852	1.8060088969605852
SEQ00074	chr11	85550000	90200000	1.9546609724871995	1.9546609724871995
SEQ00075	chr11	90200000	93750000	1.7511479760658482	1.7511479760658482
SEQ00076	chr11	93750000	96600000	1.9279301729085438	1.9279301729085438
SEQ00077	chr11	96600000	100650000	1.768727750685994	1.768727750685994
SEQ00078	chr11	100650000	100800000	3.3070067723567576	3.3070067723567576
SEQ00079	chr11	100800000	100850000	3.3070067723567576	3.3070067723567576
SEQ00080	chr11	100850000	101350000	3.908518861875988	3.908518861875988
SEQ00081	chr11	101350000	101400000	3.908518861875988	3.908518861875988
SEQ00082	chr11	101400000	101800000	3.908518861875988	3.908518861875988
SEQ00083	chr11	101800000	102700000	4.31057402179529	4.31057402179529
SEQ00084	chr11	102700000	103500000	3.329826481780277	3.329826481780277
SEQ00085	chr11	103500000	113850000	2.521775769071828	2.521775769071828
SEQ00086	chr11	113850000	114750000	2.0023079164688196	2.0023079164688196
SEQ00087	chr11	114750000	116650000	1.7370773536331243	1.7370773536331243
SEQ00088	chr11	116650000	119500000	2.2355038027362197	2.2355038027362197
SEQ00089	chr11	119500000	119550000	1.830564997459341	1.830564997459341
SEQ00090	chr11	119550000	126400000	1.830564997459341	1.830564997459341
SEQ00091	chr11	126400000	127300000	1.4175513530163573	1.4175513530163573
SEQ00092	chr11	127300000	128100000	1.8352810367421655	1.8352810367421655
SEQ00093	chr11	128100000	128150000	1.8352810367421655	1.8352810367421655
SEQ00094	chr11	128150000	130300000	3.3385901569227854	3.3385901569227854
SEQ00095	chr11	130300000	131050000	2.4755601437304793	2.4755601437304793
SEQ00096	chr11	131050000	132600000	1.8319345997554541	1.8319345997554541
SEQ00097	chr11	132600000	132750000	1.4128585149539539	1.4128585149539539
SEQ00098	chr11	132750000	132800000	1.4128585149539539	1.4128585149539539
SEQ00099	chr11	132800000	134050000	2.3679210825371406	2.3679210825371406
SEQ00100	chr11	134050000	134350000	2.9147315182096825	2.9147315182096825
SEQ00101	chr11	134350000	135086622	2.4600352701538584	2.4600352701538584
SEQ00102	chr12	0	1800000	3.186078912854374	3.186078912854374
SEQ00103	chr12	1800000	6450000	2.9415508988388206	2.9415508988388206
SEQ00104	chr12	6450000	7000000	2.111859416908996	2.111859416908996
SEQ00105	chr12	7000000	9450000	2.4153964423117924	2.4153964423117924
SEQ00106	chr12	9450000	9600000	1.9529681212874628	1.9529681212874628
SEQ00107	chr12	9600000	13150000	2.605824639206805	2.605824639206805
SEQ00108	chr12	13150000	14400000	2.331311848774152	2.331311848774152
SEQ00109	chr12	14400000	17400000	2.486762967930134	2.486762967930134
SEQ00110	chr12	17400000	17450000	2.486762967930134	2.486762967930134
SEQ00111	chr12	17450000	22700000	2.9966716205897534	2.9966716205897534
SEQ00112	chr12	22700000	24100000	2.845320167826537	2.845320167826537
SEQ00113	chr12	24100000	26350000	2.6768791337708717	2.6768791337708717
SEQ00114	chr12	26350000	28550000	2.9049573853850625	2.9049573853850625
SEQ00115	chr12	28550000	31000000	2.6893415666642797	2.6893415666642797
SEQ00116	chr12	31000000	31100000	2.6893415666642797	2.6893415666642797
SEQ00117	chr12	31100000	34200000	3.515093341906895	3.515093341906895
SEQ00118	chr12	34200000	37300000	2.919673408847506	2.919673408847506
SEQ00119	chr12	37300000	38500000	2.092466317714065	2.092466317714065
SEQ00120	chr12	38500000	38550000	2.092466317714065	2.092466317714065
SEQ00121	chr12	38550000	98750000	2.092466317714065	2.092466317714065
SEQ00122	chr12	98750000	98800000	2.092466317714065	2.092466317714065
SEQ00123	chr12	98800000	99550000	1.3643615470990507	1.3643615470990507
SEQ00124	chr12	99550000	102350000	2.095032754910759	2.095032754910759
SEQ00125	chr12	102350000	103200000	1.8633516964357004	1.8633516964357004
SEQ00126	chr12	103200000	103800000	2.0643970870021553	2.0643970870021553
SEQ00127	chr12	103800000	105300000	2.283405366703178	2.283405366703178
SEQ00128	chr12	105300000	107850000	2.081411619010564	2.081411619010564
SEQ00129	chr12	107850000	108650000	1.8064884114878401	1.8064884114878401
SEQ00130	chr12	108650000	113000000	2.066744575192077	2.066744575192077
SEQ00131	chr12	113000000	113950000	1.8327080713798545	1.8327080713798545
SEQ00132	chr12	113950000	114500000	1.6607075067277808	1.6607075067277808
SEQ00133	chr12	114500000	115950000	1.86302495611153	1.86302495611153
SEQ00134	chr12	115950000	116350000	2.2446196476419873	2.2446196476419873
SEQ00135	chr12	116350000	117000000	2.0076159456831775	2.0076159456831775
SEQ00136	chr12	117000000	117900000	2.5240246500638053	2.5240246500638053
SEQ00137	chr12	117900000	118400000	2.906671432997645	2.906671432997645
SEQ00138	chr12	118400000	118700000	2.4929708263726784	2.4929708263726784
SEQ00139	chr12	118700000	119550000	2.0511736018171667	2.0511736018171667
SEQ00140	chr12	119550000	124200000	2.705207015002012	2.705207015002012
SEQ00141	chr12	124200000	127700000	2.476407957075838	2.476407957075838
SEQ00142	chr12	127700000	127950000	2.1914731454057588	2.1914731454057588
SEQ00143	chr12	127950000	129950000	1.936765921994707	1.936765921994707
SEQ00144	chr12	129950000	130700000	2.194377903477074	2.194377903477074
SEQ00145	chr12	130700000	131700000	2.345601611889729	2.345601611889729
SEQ00146	chr12	131700000	132100000	2.683957822042493	2.683957822042493
SEQ00147	chr12	132100000	133275309	2.274779960267913	2.274779960267913
SEQ00148	chr13	0	16200000	0.0020000059398117102	0.0020000059398117102
SEQ00149	chr13	16200000	17600000	0.0020000059398117102	0.0020000059398117102
SEQ00150	chr13	17600000	18000000	0.0020000059398117102	0.0020000059398117102
SEQ00151	chr13	18000000	18150000	0.0020000059398117102	0.0020000059398117102
SEQ00152	chr13	18150000	18600000	2.183854894411979	2.183854894411979
SEQ00153	chr13	18600000	19200000	1.5828592776803259	1.5828592776803259
SEQ00154	chr13	19200000	40800000	1.8282698172728449	1.8282698172728449
SEQ00155	chr13	40800000	42250000	2.045289835232174	2.045289835232174
SEQ00156	chr13	42250000	48500000	1.8854585048338024	1.8854585048338024
SEQ00157	chr13	48500000	48700000	1.8854585048338024	1.8854585048338024
SEQ00158	chr13	48700000	49550000	2.348997210320335	2.348997210320335
SEQ00159	chr13	49550000	49600000	2.348997210320335	2.348997210320335
SEQ00160	chr13	49600000	50900000	2.6396890627131238	2.6396890627131238
SEQ00161	chr13	50900000	52700000	1.8632419156268822	1.8632419156268822
SEQ00162	chr13	52700000	60050000	1.5498343230951312	1.5498343230951312
SEQ00163	chr13	60050000	60550000	2.404436790257539	2.404436790257539
SEQ00164	chr13	60550000	71150000	1.5460853886775556	1.5460853886775556
SEQ00165	chr13	71150000	81700000	1.6745378662360317	1.6745378662360317
SEQ00166	chr13	81700000	81750000	1.6745378662360317	1.6745378662360317
SEQ00167	chr13	81750000	94550000	1.3234090037430393	1.3234090037430393
SEQ00168	chr13	94550000	98100000	1.4290159309789405	1.4290159309789405
SEQ00169	chr13	98100000	114364328	2.6034379100599416	2.6034379100599416
SEQ00170	chr14	0	16100000	0.016449984103123285	0.016449984103123285
SEQ00171	chr14	16100000	18200000	0.2801633218706295	0.2801633218706295
SEQ00172	chr14	18200000	26400000	2.4564485119575683	2.4564485119575683
SEQ00173	chr14	26400000	27050000	2.688827121645972	2.688827121645972
SEQ00174	chr14	27050000	29800000	3.3082769185123335	3.3082769185123335
SEQ00175	chr14	29800000	39750000	2.796918082350028	2.796918082350028
SEQ00176	chr14	39750000	43550000	2.678447466204046	2.678447466204046
SEQ00177	chr14	43550000	49450000	2.678447466204046	2.678447466204046
SEQ00178	chr14	49450000	53100000	2.9582766998913796	2.9582766998913796
SEQ00179	chr14	53100000	63250000	2.8063209211408573	2.8063209211408573
SEQ00180	chr14	63250000	63550000	5.106836958048261	5.106836958048261
SEQ00181	chr14	63550000	65000000	5.106836958048261	5.106836958048261
SEQ00182	chr14	65000000	66800000	2.828942787530299	2.828942787530299
SEQ00183	chr14	66800000	71000000	2.828942787530299	2.828942787530299
SEQ00184	chr14	71000000	73500000	4.923075961256919	4.923075961256919
SEQ00185	chr14	73500000	73700000	4.431668597716225	4.431668597716225
SEQ00186	chr14	73700000	77850000	4.431668597716225	4.431668597716225
SEQ00187	chr14	77850000	78150000	3.954921337220249	3.954921337220249
SEQ00188	chr14	78150000	79800000	3.542900625498307	3.542900625498307
SEQ00189	chr14	79800000	80050000	4.175387227352498	4.175387227352498
SEQ00190	chr14	80050000	81600000	4.67763729777529	4.67763729777529
SEQ00191	chr14	81600000	87550000	4.3275785313186566	4.3275785313186566
SEQ00192	chr14	87550000	88350000	4.007326335444279	4.007326335444279
SEQ00193	chr14	88350000	88800000	4.572553341656144	4.572553341656144
SEQ00194	chr14	88800000	97050000	6.573173200542052	6.573173200542052
SEQ00195	chr14	97050000	107043718	1.9215996588123847	1.9215996588123847
SEQ00196	chr15	0	17000000	0.0020000059398117102	0.0020000059398117102
SEQ00197	chr15	17000000	19750000	0.5985235836604016	0.5985235836604016
SEQ00198	chr15	19750000	20300000	2.4505863786785214	2.4505863786785214
SEQ00199	chr15	20300000	20400000	2.4505863786785214	2.4505863786785214
SEQ00200	chr15	20400000	20700000	2.4505863786785214	2.4505863786785214
SEQ00201	chr15	20700000	22250000	0.9440008082955151	0.9440008082955151
SEQ00202	chr15	22250000	22550000	0.9440008082955151	0.9440008082955151
SEQ00203	chr15	22550000	23250000	2.288244162169902	2.288244162169902
SEQ00204	chr15	23250000	28450000	1.6649167029834946	1.6649167029834946
SEQ00205	chr15	28450000	75750000	2.0568706924146647	2.0568706924146647
SEQ00206	chr15	75750000	81000000	2.0568706924146647	2.0568706924146647
SEQ00207	chr15	81000000	100050000	2.6550775497229977	2.6550775497229977
SEQ00208	chr15	100050000	101550000	6.793617534531065	6.793617534531065
SEQ00209	chr15	101550000	101600000	6.793617534531065	6.793617534531065
SEQ00210	chr15	101600000	101850000	6.793617534531065	6.793617534531065
SEQ00211	chr15	101850000	101991189	1.4625429576524833	1.4625429576524833
SEQ00212	chr16	0	5300000	1.944600773031456	1.944600773031456
SEQ00213	chr16	5300000	7800000	1.399125134922545	1.399125134922545
SEQ00214	chr16	7800000	8600000	1.535695303409036	1.535695303409036
SEQ00215	chr16	8600000	9350000	2.009321862265097	2.009321862265097
SEQ00216	chr16	9350000	10250000	1.6721867769401357	1.6721867769401357
SEQ00217	chr16	10250000	11700000	1.9786895829877156	1.9786895829877156
SEQ00218	chr16	11700000	12100000	2.2622698055112007	2.2622698055112007
SEQ00219	chr16	12100000	12500000	1.9249568412036209	1.9249568412036209
SEQ00220	chr16	12500000	12850000	1.7465597520192073	1.7465597520192073
SEQ00221	chr16	12850000	13550000	1.4923852433264782	1.4923852433264782
SEQ00222	chr16	13550000	13850000	1.6406846837118987	1.6406846837118987
SEQ00223	chr16	13850000	14800000	2.053901791487244	2.053901791487244
SEQ00224	chr16	14800000	15350000	2.856186131975386	2.856186131975386
SEQ00225	chr16	15350000	15400000	2.856186131975386	2.856186131975386
SEQ00226	chr16	15400000	18150000	1.7793286407788416	1.7793286407788416
SEQ00227	chr16	18150000	18550000	1.7793286407788416	1.7793286407788416
SEQ00228	chr16	18550000	21750000	2.4869094861292305	2.4869094861292305
SEQ00229	chr16	21750000	22550000	2.4869094861292305	2.4869094861292305
SEQ00230	chr16	22550000	32150000	2.4869094861292305	2.4869094861292305
SEQ00231	chr16	32150000	33600000	1.9747335443024894	1.9747335443024894
SEQ00232	chr16	33600000	34550000	1.9747335443024894	1.9747335443024894
SEQ00233	chr16	34550000	34750000	1.9747335443024894	1.9747335443024894
SEQ00234	chr16	34750000	36050000	1.9747335443024894	1.9747335443024894
SEQ00235	chr16	36050000	38300000	1.9747335443024894	1.9747335443024894
SEQ00236	chr16	38300000	46350000	0.0020000059398117102	0.0020000059398117102
SEQ00237	chr16	46350000	87200000	2.5436761420067455	2.5436761420067455
SEQ00238	chr16	87200000	89150000	1.2571344903997683	1.2571344903997683
SEQ00239	chr16	89150000	90338345	1.2571344903997683	1.2571344903997683
SEQ00240	chr17	0	22750000	2.1494908961303216	2.1494908961303216
SEQ00241	chr17	22750000	26600000	1.261340687917594	1.261340687917594
SEQ00242	chr17	26600000	26900000	2.117825027073139	2.117825027073139
SEQ00243	chr17	26900000	59900000	2.117825027073139	2.117825027073139
SEQ00244	chr17	59900000	78100000	2.117825027073139	2.117825027073139
SEQ00245	chr17	78100000	78150000	2.117825027073139	2.117825027073139
SEQ00246	chr17	78150000	78750000	3.158277635224842	3.158277635224842
SEQ00247	chr17	78750000	79700000	2.743044448661025	2.743044448661025
SEQ00248	chr17	79700000	81250000	3.101338500976037	3.101338500976037
SEQ00249	chr17	81250000	82950000	3.8307131540705894	3.8307131540705894
SEQ00250	chr17	82950000	83257441	3.2194449918951995	3.2194449918951995
SEQ00251	chr18	0	15400000	1.9830093775307454	1.9830093775307454
SEQ00252	chr18	15400000	22950000	1.9830093775307454	1.9830093775307454
SEQ00253	chr18	22950000	24550000	1.9830093775307454	1.9830093775307454
SEQ00254	chr18	24550000	25600000	0.5829645253090286	0.5829645253090286
SEQ00255	chr18	25600000	26000000	0.5829645253090286	0.5829645253090286
SEQ00256	chr18	26000000	26400000	1.5772955343378208	1.5772955343378208
SEQ00257	chr18	26400000	27500000	1.4175886912335902	1.4175886912335902
SEQ00258	chr18	27500000	28250000	2.1655943069148993	2.1655943069148993
SEQ00259	chr18	28250000	28300000	2.1655943069148993	2.1655943069148993
SEQ00260	chr18	28300000	28350000	2.1655943069148993	2.1655943069148993
SEQ00261	chr18	28350000	29350000	1.4637762064653126	1.4637762064653126
SEQ00262	chr18	29350000	29450000	1.4637762064653126	1.4637762064653126
SEQ00263	chr18	29450000	29600000	2.47933806409337	2.47933806409337
SEQ00264	chr18	29600000	31050000	2.47933806409337	2.47933806409337
SEQ00265	chr18	31050000	31450000	2.47933806409337	2.47933806409337
SEQ00266	chr18	31450000	37150000	1.4547588270840053	1.4547588270840053
SEQ00267	chr18	37150000	37250000	1.4547588270840053	1.4547588270840053
SEQ00268	chr18	37250000	37300000	1.4547588270840053	1.4547588270840053
SEQ00269	chr18	37300000	37800000	2.289464190498857	2.289464190498857
SEQ00270	chr18	37800000	39450000	2.0978037212223186	2.0978037212223186
SEQ00271	chr18	39450000	39650000	2.0978037212223186	2.0978037212223186
SEQ00272	chr18	39650000	39700000	2.0978037212223186	2.0978037212223186
SEQ00273	chr18	39700000	41500000	1.4376355604500226	1.4376355604500226
SEQ00274	chr18	41500000	41550000	1.4376355604500226	1.4376355604500226
SEQ00275	chr18	41550000	42000000	2.10345798260873	2.10345798260873
SEQ00276	chr18	42000000	42050000	2.10345798260873	2.10345798260873
SEQ00277	chr18	42050000	46600000	1.472462609587849	1.472462609587849
SEQ00278	chr18	46600000	47050000	1.1405731689501974	1.1405731689501974
SEQ00279	chr18	47050000	48050000	1.1405731689501974	1.1405731689501974
SEQ00280	chr18	48050000	49750000	0.7614810290059989	0.7614810290059989
SEQ00281	chr18	49750000	49850000	0.7614810290059989	0.7614810290059989
SEQ00282	chr18	49850000	50550000	0.7614810290059989	0.7614810290059989
SEQ00283	chr18	50550000	52550000	0.037561279018320175	0.037561279018320175
SEQ00284	chr18	52550000	52600000	0.037561279018320175	0.037561279018320175
SEQ00285	chr18	52600000	64500000	0.7412643325773002	0.7412643325773002
SEQ00286	chr18	64500000	64700000	2.048059174959969	2.048059174959969
SEQ00287	chr18	64700000	65000000	2.048059174959969	2.048059174959969
SEQ00288	chr18	65000000	65750000	0.7380190698399283	0.7380190698399283
SEQ00289	chr18	65750000	65800000	0.7380190698399283	0.7380190698399283
SEQ00290	chr18	65800000	69850000	0.04487139976912208	0.04487139976912208
SEQ00291	chr18	69850000	70150000	0.8523276263810552	0.8523276263810552
SEQ00292	chr18	70150000	70200000	0.8523276263810552	0.8523276263810552
SEQ00293	chr18	70200000	71250000	1.409747710553653	1.409747710553653
SEQ00294	chr18	71250000	71950000	1.918000903557147	1.918000903557147
SEQ00295	chr18	71950000	72000000	1.918000903557147	1.918000903557147
SEQ00296	chr18	72000000	77550000	1.3647200157556476	1.3647200157556476
SEQ00297	chr18	77550000	79000000	1.0866316698185667	1.0866316698185667
SEQ00298	chr18	79000000	79850000	1.2795681610091076	1.2795681610091076
SEQ00299	chr18	79850000	80373285	0.6199097069793694	0.6199097069793694
SEQ00300	chr19	0	5300000	1.29355823095681	1.29355823095681
SEQ00301	chr19	5300000	10300000	1.29355823095681	1.29355823095681
SEQ00302	chr19	10300000	22400000	1.29355823095681	1.29355823095681
SEQ00303	chr19	22400000	24950000	1.29355823095681	1.29355823095681
SEQ00304	chr19	24950000	27200000	0.0020000059398117102	0.0020000059398117102
SEQ00305	chr19	27200000	27400000	1.6931901487924512	1.6931901487924512
SEQ00306	chr19	27400000	27900000	1.6931901487924512	1.6931901487924512
SEQ00307	chr19	27900000	28450000	1.6931901487924512	1.6931901487924512
SEQ00308	chr19	28450000	29050000	3.081239873331971	3.081239873331971
SEQ00309	chr19	29050000	29150000	3.081239873331971	3.081239873331971
SEQ00310	chr19	29150000	29250000	3.081239873331971	3.081239873331971
SEQ00311	chr19	29250000	30500000	1.021761867509989	1.021761867509989
SEQ00312	chr19	30500000	30550000	1.021761867509989	1.021761867509989
SEQ00313	chr19	30550000	31250000	1.804876346093913	1.804876346093913
SEQ00314	chr19	31250000	32300000	1.2191469231014442	1.2191469231014442
SEQ00315	chr19	32300000	33100000	1.67831439729055	1.67831439729055
SEQ00316	chr19	33100000	36450000	1.67831439729055	1.67831439729055
SEQ00317	chr19	36450000	36500000	1.67831439729055	1.67831439729055
SEQ00318	chr19	36500000	38150000	1.175679644145555	1.175679644145555
SEQ00319	chr19	38150000	38200000	1.175679644145555	1.175679644145555
SEQ00320	chr19	38200000	39350000	1.6778712313127013	1.6778712313127013
SEQ00321	chr19	39350000	42200000	1.6778712313127013	1.6778712313127013
SEQ00322	chr19	42200000	42250000	1.4383980797700655	1.4383980797700655
SEQ00323	chr19	42250000	43350000	1.4383980797700655	1.4383980797700655
SEQ00324	chr19	43350000	48900000	1.264235296926463	1.264235296926463
SEQ00325	chr19	48900000	50050000	1.4840081344740894	1.4840081344740894
SEQ00326	chr19	50050000	56350000	1.7449769747875692	1.7449769747875692
SEQ00327	chr19	56350000	57150000	1.4151441333809494	1.4151441333809494
SEQ00328	chr19	57150000	57750000	1.88331040128588	1.88331040128588
SEQ00329	chr19	57750000	57950000	1.88331040128588	1.88331040128588
SEQ00330	chr19	57950000	58617616	1.3393379163054513	1.3393379163054513
SEQ00331	chr2	0	8700000	1.200863356993367	1.200863356993367
SEQ00332	chr2	8700000	10000000	1.5796336433032945	1.5796336433032945
SEQ00333	chr2	10000000	10350000	1.327578343180801	1.327578343180801
SEQ00334	chr2	10350000	11900000	2.170663358248555	2.170663358248555
SEQ00335	chr2	11900000	11950000	2.170663358248555	2.170663358248555
SEQ00336	chr2	11950000	20850000	1.4591639581567903	1.4591639581567903
SEQ00337	chr2	20850000	23700000	1.2250256863601476	1.2250256863601476
SEQ00338	chr2	23700000	30650000	1.4934593811375378	1.4934593811375378
SEQ00339	chr2	30650000	31800000	1.4934593811375378	1.4934593811375378
SEQ00340	chr2	31800000	48750000	1.4934593811375378	1.4934593811375378
SEQ00341	chr2	48750000	50650000	1.3367104578360833	1.3367104578360833
SEQ00342	chr2	50650000	50700000	1.3367104578360833	1.3367104578360833
SEQ00343	chr2	50700000	53550000	1.9910928646756634	1.9910928646756634
SEQ00344	chr2	53550000	76850000	2.1496354226036725	2.1496354226036725
SEQ00345	chr2	76850000	78900000	1.899906604000691	1.899906604000691
SEQ00346	chr2	78900000	79900000	1.668203164321716	1.668203164321716
SEQ00347	chr2	79900000	81300000	1.9014270635667954	1.9014270635667954
SEQ00348	chr2	81300000	85050000	2.172335600638013	2.172335600638013
SEQ00349	chr2	85050000	85650000	2.172335600638013	2.172335600638013
SEQ00350	chr2	85650000	86500000	2.172335600638013	2.172335600638013
SEQ00351	chr2	86500000	88100000	2.172335600638013	2.172335600638013
SEQ00352	chr2	88100000	88250000	2.172335600638013	2.172335600638013
SEQ00353	chr2	88250000	90450000	1.902387050709158	1.902387050709158
SEQ00354	chr2	90450000	91400000	0.0020000059398117102	0.0020000059398117102
SEQ00355	chr2	91400000	94850000	2.611775694268612	2.611775694268612
SEQ00356	chr2	94850000	169850000	1.58659180239486	1.58659180239486
SEQ00357	chr2	169850000	170950000	2.0063026327966136	2.0063026327966136
SEQ00358	chr2	170950000	176050000	2.13860345601691	2.13860345601691
SEQ00359	chr2	176050000	176200000	1.638972899955628	1.638972899955628
SEQ00360	chr2	176200000	182150000	2.096428751377248	2.096428751377248
SEQ00361	chr2	182150000	183050000	1.7463200651196524	1.7463200651196524
SEQ00362	chr2	183050000	189000000	1.6235029431492192	1.6235029431492192
SEQ00363	chr2	189000000	192450000	1.7247688167626036	1.7247688167626036
SEQ00364	chr2	192450000	195700000	1.5571856986474222	1.5571856986474222
SEQ00365	chr2	195700000	198900000	1.6859386047967075	1.6859386047967075
SEQ00366	chr2	198900000	203000000	1.2462607939862513	1.2462607939862513
SEQ00367	chr2	203000000	216500000	1.869444317092378	1.869444317092378
SEQ00368	chr2	216500000	221950000	1.7463176442076715	1.7463176442076715
SEQ00369	chr2	221950000	234950000	1.8343831398257948	1.8343831398257948
SEQ00370	chr2	234950000	242193529	1.6609964616594648	1.6609964616594648
SEQ00371	chr20	0	14250000	1.441280362001217	1.441280362001217
SEQ00372	chr20	14250000	14350000	1.441280362001217	1.441280362001217
SEQ00373	chr20	14350000	14750000	0.6629766662182008	0.6629766662182008
SEQ00374	chr20	14750000	15200000	0.6629766662182008	0.6629766662182008
SEQ00375	chr20	15200000	15300000	0.6629766662182008	0.6629766662182008
SEQ00376	chr20	15300000	24150000	1.3770681890758418	1.3770681890758418
SEQ00377	chr20	24150000	24650000	0.0508140054393454	0.0508140054393454
SEQ00378	chr20	24650000	28500000	2.117863194492669	2.117863194492669
SEQ00379	chr20	28500000	28800000	2.5459110240650427	2.5459110240650427
SEQ00380	chr20	28800000	28850000	2.5459110240650427	2.5459110240650427
SEQ00381	chr20	28850000	29250000	2.5459110240650427	2.5459110240650427
SEQ00382	chr20	29250000	30450000	2.5459110240650427	2.5459110240650427
SEQ00383	chr20	30450000	30600000	2.5459110240650427	2.5459110240650427
SEQ00384	chr20	30600000	31000000	2.5459110240650427	2.5459110240650427
SEQ00385	chr20	31000000	31050000	2.5459110240650427	2.5459110240650427
SEQ00386	chr20	31050000	31100000	2.5459110240650427	2.5459110240650427
SEQ00387	chr20	31100000	31300000	2.5459110240650427	2.5459110240650427
SEQ00388	chr20	31300000	33600000	2.5459110240650427	2.5459110240650427
SEQ00389	chr20	33600000	35450000	2.5459110240650427	2.5459110240650427
SEQ00390	chr20	35450000	35550000	2.5459110240650427	2.5459110240650427
SEQ00391	chr20	35550000	36100000	2.5459110240650427	2.5459110240650427
SEQ00392	chr20	36100000	41900000	2.195693986212231	2.195693986212231
SEQ00393	chr20	41900000	43350000	1.6602862521747428	1.6602862521747428
SEQ00394	chr20	43350000	45900000	2.251269855017415	2.251269855017415
SEQ00395	chr20	45900000	46350000	1.9332314902346244	1.9332314902346244
SEQ00396	chr20	46350000	54650000	2.196345472777785	2.196345472777785
SEQ00397	chr20	54650000	56350000	1.8589216954893548	1.8589216954893548
SEQ00398	chr20	56350000	60250000	2.0871808318844876	2.0871808318844876
SEQ00399	chr20	60250000	62000000	1.6501669596149404	1.6501669596149404
SEQ00400	chr20	62000000	64444167	2.0802720343862418	2.0802720343862418
SEQ00401	chr21	0	5000000	0.0020000059398117102	0.0020000059398117102
SEQ00402	chr21	5000000	7300000	1.4240551309875145	1.4240551309875145
SEQ00403	chr21	7300000	9800000	1.8841127473896113	1.8841127473896113
SEQ00404	chr21	9800000	10250000	1.8841127473896113	1.8841127473896113
SEQ00405	chr21	10250000	10650000	1.8841127473896113	1.8841127473896113
SEQ00406	chr21	10650000	10850000	1.8841127473896113	1.8841127473896113
SEQ00407	chr21	10850000	12950000	0.0020000059398117102	0.0020000059398117102
SEQ00408	chr21	12950000	13250000	1.8599747032943637	1.8599747032943637
SEQ00409	chr21	13250000	19650000	0.6880093136130911	0.6880093136130911
SEQ00410	chr21	19650000	22500000	0.8732641380528361	0.8732641380528361
SEQ00411	chr21	22500000	23250000	1.7697210803213617	1.7697210803213617
SEQ00412	chr21	23250000	23750000	1.3514058449221262	1.3514058449221262
SEQ00413	chr21	23750000	24300000	1.9579857972192516	1.9579857972192516
SEQ00414	chr21	24300000	25000000	2.8913194198072114	2.8913194198072114
SEQ00415	chr21	25000000	33100000	1.173038203651604	1.173038203651604
SEQ00416	chr21	33100000	33200000	1.173038203651604	1.173038203651604
SEQ00417	chr21	33200000	34150000	3.9691745272632892	3.9691745272632892
SEQ00418	chr21	34150000	42500000	1.1495107835273928	1.1495107835273928
SEQ00419	chr21	42500000	42750000	2.1128585703749274	2.1128585703749274
SEQ00420	chr21	42750000	44950000	2.1128585703749274	2.1128585703749274
SEQ00421	chr21	44950000	45050000	2.1128585703749274	2.1128585703749274
SEQ00422	chr21	45050000	45100000	2.1128585703749274	2.1128585703749274
SEQ00423	chr21	45100000	46709983	2.1128585703749274	2.1128585703749274
SEQ00424	chr22	0	10500000	0.0020000059398117102	0.0020000059398117102
SEQ00425	chr22	10500000	12900000	2.089136850011213	2.089136850011213
SEQ00426	chr22	12900000	15150000	0.0024820708281335425	0.0024820708281335425
SEQ00427	chr22	15150000	27700000	1.354697746068903	1.354697746068903
SEQ00428	chr22	27700000	27750000	1.354697746068903	1.354697746068903
SEQ00429	chr22	27750000	30200000	2.123884040137305	2.123884040137305
SEQ00430	chr22	30200000	30650000	1.8794750972177587	1.8794750972177587
SEQ00431	chr22	30650000	32550000	2.0328480759480385	2.0328480759480385
SEQ00432	chr22	32550000	33250000	1.8480041543952321	1.8480041543952321
SEQ00433	chr22	33250000	33450000	1.5821791880692342	1.5821791880692342
SEQ00434	chr22	33450000	33600000	1.5821791880692342	1.5821791880692342
SEQ00435	chr22	33600000	34550000	1.4132640111553754	1.4132640111553754
SEQ00436	chr22	34550000	35050000	1.5449423451554711	1.5449423451554711
SEQ00437	chr22	35050000	35650000	1.8228097594703723	1.8228097594703723
SEQ00438	chr22	35650000	36250000	2.0809325453145675	2.0809325453145675
SEQ00439	chr22	36250000	37200000	1.7709580029798668	1.7709580029798668
SEQ00440	chr22	37200000	38050000	3.086440543769259	3.086440543769259
SEQ00441	chr22	38050000	38650000	4.401636475049242	4.401636475049242
SEQ00442	chr22	38650000	39750000	3.547476187005784	3.547476187005784
SEQ00443	chr22	39750000	41200000	4.019761761529502	4.019761761529502
SEQ00444	chr22	41200000	42150000	3.671404313456931	3.671404313456931
SEQ00445	chr22	42150000	42200000	3.671404313456931	3.671404313456931
SEQ00446	chr22	42200000	42800000	4.245280851186507	4.245280851186507
SEQ00447	chr22	42800000	45650000	4.90937714245529	4.90937714245529
SEQ00448	chr22	45650000	45800000	6.764484522702628	6.764484522702628
SEQ00449	chr22	45800000	46050000	6.764484522702628	6.764484522702628
SEQ00450	chr22	46050000	47100000	6.764484522702628	6.764484522702628
SEQ00451	chr22	47100000	48250000	5.189156331537157	5.189156331537157
SEQ00452	chr22	48250000	49700000	4.16639609085519	4.16639609085519
SEQ00453	chr22	49700000	50200000	5.356460515379137	5.356460515379137
SEQ00454	chr22	50200000	50818468	1.1387815306456677	1.1387815306456677
SEQ00455	chr3	0	800000	2.4746868906718076	2.4746868906718076
SEQ00456	chr3	800000	2550000	2.1886389815776326	2.1886389815776326
SEQ00457	chr3	2550000	4250000	1.7827853366582098	1.7827853366582098
SEQ00458	chr3	4250000	5250000	2.1198658931885097	2.1198658931885097
SEQ00459	chr3	5250000	11100000	1.987970129963278	1.987970129963278
SEQ00460	chr3	11100000	12800000	2.164705852464816	2.164705852464816
SEQ00461	chr3	12800000	14950000	1.9161959520404908	1.9161959520404908
SEQ00462	chr3	14950000	26150000	2.115309990180195	2.115309990180195
SEQ00463	chr3	26150000	40300000	2.115309990180195	2.115309990180195
SEQ00464	chr3	40300000	40350000	2.115309990180195	2.115309990180195
SEQ00465	chr3	40350000	53650000	1.475645317077512	1.475645317077512
SEQ00466	chr3	53650000	56100000	1.3503608661103526	1.3503608661103526
SEQ00467	chr3	56100000	57200000	1.5197657814505081	1.5197657814505081
SEQ00468	chr3	57200000	57950000	1.6929882964690606	1.6929882964690606
SEQ00469	chr3	57950000	59900000	1.4677995906659982	1.4677995906659982
SEQ00470	chr3	59900000	61000000	1.1618283992182203	1.1618283992182203
SEQ00471	chr3	61000000	73000000	1.4439972552971032	1.4439972552971032
SEQ00472	chr3	73000000	73050000	1.4439972552971032	1.4439972552971032
SEQ00473	chr3	73050000	90250000	0.7297478700584321	0.7297478700584321
SEQ00474	chr3	90250000	90400000	0.7297478700584321	0.7297478700584321
SEQ00475	chr3	90400000	90450000	0.7297478700584321	0.7297478700584321
SEQ00476	chr3	90450000	91550000	3.565298822501823	3.565298822501823
SEQ00477	chr3	91550000	91600000	3.565298822501823	3.565298822501823
SEQ00478	chr3	91600000	93650000	1.2679993447922318	1.2679993447922318
SEQ00479	chr3	93650000	93700000	3.4256125825963326	3.4256125825963326
SEQ00480	chr3	93700000	95300000	3.4256125825963326	3.4256125825963326
SEQ00481	chr3	95300000	97350000	2.507116436594862	2.507116436594862
SEQ00482	chr3	97350000	101850000	2.699303130702046	2.699303130702046
SEQ00483	chr3	101850000	107150000	2.5197122709402007	2.5197122709402007
SEQ00484	chr3	107150000	108850000	2.701560517396985	2.701560517396985
SEQ00485	chr3	108850000	109450000	2.377608205557167	2.377608205557167
SEQ00486	chr3	109450000	111450000	2.5309570055875996	2.5309570055875996
SEQ00487	chr3	111450000	112750000	2.739703940029105	2.739703940029105
SEQ00488	chr3	112750000	116350000	2.5923023589844547	2.5923023589844547
SEQ00489	chr3	116350000	118900000	2.4358343070114477	2.4358343070114477
SEQ00490	chr3	118900000	123850000	2.64359834923808	2.64359834923808
SEQ00491	chr3	123850000	124000000	2.64359834923808	2.64359834923808
SEQ00492	chr3	124000000	126000000	2.3927538665815287	2.3927538665815287
SEQ00493	chr3	126000000	126850000	2.2090008900751514	2.2090008900751514
SEQ00494	chr3	126850000	127850000	2.0845478658357584	2.0845478658357584
SEQ00495	chr3	127850000	129650000	2.295481810315625	2.295481810315625
SEQ00496	chr3	129650000	134600000	2.413692682201219	2.413692682201219
SEQ00497	chr3	134600000	135750000	2.1842121645884225	2.1842121645884225
SEQ00498	chr3	135750000	135800000	2.1842121645884225	2.1842121645884225
SEQ00499	chr3	135800000	137250000	2.903427480494954	2.903427480494954
SEQ00500	chr3	137250000	137900000	2.5801322216471303	2.5801322216471303
SEQ00501	chr3	137900000	139650000	2.854675976480396	2.854675976480396
SEQ00502	chr3	139650000	141300000	2.623627678034829	2.623627678034829
SEQ00503	chr3	141300000	142900000	3.0685944719430283	3.0685944719430283
SEQ00504	chr3	142900000	148650000	2.7456885758319207	2.7456885758319207
SEQ00505	chr3	148650000	154050000	2.9379727198380103	2.9379727198380103
SEQ00506	chr3	154050000	156700000	2.8073968192982877	2.8073968192982877
SEQ00507	chr3	156700000	156750000	3.7259879279148413	3.7259879279148413
SEQ00508	chr3	156750000	156900000	3.7259879279148413	3.7259879279148413
SEQ00509	chr3	156900000	157100000	3.7259879279148413	3.7259879279148413
SEQ00510	chr3	157100000	159600000	3.7259879279148413	3.7259879279148413
SEQ00511	chr3	159600000	159750000	3.7259879279148413	3.7259879279148413
SEQ00512	chr3	159750000	160050000	3.130543178608129	3.130543178608129
SEQ00513	chr3	160050000	160650000	3.130543178608129	3.130543178608129
SEQ00514	chr3	160650000	168300000	3.130543178608129	3.130543178608129
SEQ00515	chr3	168300000	173100000	3.4270898112212764	3.4270898112212764
SEQ00516	chr3	173100000	174600000	3.2418087909014637	3.2418087909014637
SEQ00517	chr3	174600000	174850000	3.446669581737873	3.446669581737873
SEQ00518	chr3	174850000	181950000	3.446669581737873	3.446669581737873
SEQ00519	chr3	181950000	182800000	3.1423872910568726	3.1423872910568726
SEQ00520	chr3	182800000	183050000	3.5606435076221548	3.5606435076221548
SEQ00521	chr3	183050000	183250000	3.5606435076221548	3.5606435076221548
SEQ00522	chr3	183250000	183300000	3.5606435076221548	3.5606435076221548
SEQ00523	chr3	183300000	183500000	4.618421991041667	4.618421991041667
SEQ00524	chr3	183500000	197650000	2.140502024432738	2.140502024432738
SEQ00525	chr3	197650000	198295559	2.140502024432738	2.140502024432738
SEQ00526	chr4	0	20150000	1.4480907328239732	1.4480907328239732
SEQ00527	chr4	20150000	22100000	1.4480907328239732	1.4480907328239732
SEQ00528	chr4	22100000	42150000	1.4480907328239732	1.4480907328239732
SEQ00529	chr4	42150000	48500000	1.4480907328239732	1.4480907328239732
SEQ00530	chr4	48500000	49050000	1.4480907328239732	1.4480907328239732
SEQ00531	chr4	49050000	99750000	1.4480907328239732	1.4480907328239732
SEQ00532	chr4	99750000	99800000	1.4480907328239732	1.4480907328239732
SEQ00533	chr4	99800000	102350000	2.1630844629890333	2.1630844629890333
SEQ00534	chr4	102350000	130100000	1.4806667773411757	1.4806667773411757
SEQ00535	chr4	130100000	137450000	1.3566692115253345	1.3566692115253345
SEQ00536	chr4	137450000	186900000	1.4768353588891492	1.4768353588891492
SEQ00537	chr4	186900000	190214555	1.349397131384547	1.349397131384547
SEQ00538	chr5	0	500000	2.5768186365496866	2.5768186365496866
SEQ00539	chr5	500000	1650000	2.5768186365496866	2.5768186365496866
SEQ00540	chr5	1650000	2500000	2.5768186365496866	2.5768186365496866
SEQ00541	chr5	2500000	2600000	2.5768186365496866	2.5768186365496866
SEQ00542	chr5	2600000	2950000	2.5768186365496866	2.5768186365496866
SEQ00543	chr5	2950000	3650000	4.480407644104181	4.480407644104181
SEQ00544	chr5	3650000	4150000	6.5528840309776175	6.5528840309776175
SEQ00545	chr5	4150000	4350000	6.5528840309776175	6.5528840309776175
SEQ00546	chr5	4350000	9900000	3.1205060310203505	3.1205060310203505
SEQ00547	chr5	9900000	11850000	3.670320378665628	3.670320378665628
SEQ00548	chr5	11850000	12100000	3.670320378665628	3.670320378665628
SEQ00549	chr5	12100000	15000000	3.670320378665628	3.670320378665628
SEQ00550	chr5	15000000	15300000	3.1783786332310315	3.1783786332310315
SEQ00551	chr5	15300000	16300000	2.2918696607992946	2.2918696607992946
SEQ00552	chr5	16300000	17100000	2.866551105602328	2.866551105602328
SEQ00553	chr5	17100000	29750000	2.866551105602328	2.866551105602328
SEQ00554	chr5	29750000	41200000	2.866551105602328	2.866551105602328
SEQ00555	chr5	41200000	43400000	3.313624211544497	3.313624211544497
SEQ00556	chr5	43400000	43800000	3.6298577204373395	3.6298577204373395
SEQ00557	chr5	43800000	44150000	2.3845433325416376	2.3845433325416376
SEQ00558	chr5	44150000	45950000	3.360292920897408	3.360292920897408
SEQ00559	chr5	45950000	47200000	1.8731478787272653	1.8731478787272653
SEQ00560	chr5	47200000	47350000	1.8731478787272653	1.8731478787272653
SEQ00561	chr5	47350000	49650000	5.363482335138541	5.363482335138541
SEQ00562	chr5	49650000	49700000	2.9539491675826723	2.9539491675826723
SEQ00563	chr5	49700000	50400000	2.9539491675826723	2.9539491675826723
SEQ00564	chr5	50400000	52750000	2.9539491675826723	2.9539491675826723
SEQ00565	chr5	52750000	52800000	2.9539491675826723	2.9539491675826723
SEQ00566	chr5	52800000	59850000	0.9983931908434414	0.9983931908434414
SEQ00567	chr5	59850000	69800000	2.34205344806937	2.34205344806937
SEQ00568	chr5	69800000	71300000	0.91748088121386	0.91748088121386
SEQ00569	chr5	71300000	114250000	2.365619432974466	2.365619432974466
SEQ00570	chr5	114250000	181538259	2.0699412197425877	2.0699412197425877
SEQ00571	chr6	0	350000	2.070266365047103	2.070266365047103
SEQ00572	chr6	350000	56450000	2.070266365047103	2.070266365047103
SEQ00573	chr6	56450000	58250000	2.425168518805647	2.425168518805647
SEQ00574	chr6	58250000	58600000	2.425168518805647	2.425168518805647
SEQ00575	chr6	58600000	59800000	1.2562076847071897	1.2562076847071897
SEQ00576	chr6	59800000	61400000	2.1215138542824485	2.1215138542824485
SEQ00577	chr6	61400000	170805979	2.1215138542824485	2.1215138542824485
SEQ00578	chr7	0	100000	2.8797508537535226	2.8797508537535226
SEQ00579	chr7	100000	5650000	1.6875321641372931	1.6875321641372931
SEQ00580	chr7	5650000	5950000	2.0907588937892654	2.0907588937892654
SEQ00581	chr7	5950000	6700000	2.0907588937892654	2.0907588937892654
SEQ00582	chr7	6700000	32500000	2.0907588937892654	2.0907588937892654
SEQ00583	chr7	32500000	32850000	2.0907588937892654	2.0907588937892654
SEQ00584	chr7	32850000	33950000	2.0907588937892654	2.0907588937892654
SEQ00585	chr7	33950000	34900000	2.2878413307747483	2.2878413307747483
SEQ00586	chr7	34900000	35250000	2.704580801882968	2.704580801882968
SEQ00587	chr7	35250000	35600000	2.2002066006579475	2.2002066006579475
SEQ00588	chr7	35600000	36750000	2.4584550885228142	2.4584550885228142
SEQ00589	chr7	36750000	38750000	2.2612257012935224	2.2612257012935224
SEQ00590	chr7	38750000	40550000	2.4048651519559057	2.4048651519559057
SEQ00591	chr7	40550000	52100000	2.27651978858789	2.27651978858789
SEQ00592	chr7	52100000	52150000	2.27651978858789	2.27651978858789
SEQ00593	chr7	52150000	53200000	1.835685615449926	1.835685615449926
SEQ00594	chr7	53200000	53950000	2.2448623736425586	2.2448623736425586
SEQ00595	chr7	53950000	56050000	2.799893592786206	2.799893592786206
SEQ00596	chr7	56050000	56950000	2.3508280211095864	2.3508280211095864
SEQ00597	chr7	56950000	58050000	1.8521410867461074	1.8521410867461074
SEQ00598	chr7	58050000	58100000	1.8521410867461074	1.8521410867461074
SEQ00599	chr7	58100000	58150000	1.8521410867461074	1.8521410867461074
SEQ00600	chr7	58150000	60800000	4.954570503397133	4.954570503397133
SEQ00601	chr7	60800000	60850000	1.4727055403522273	1.4727055403522273
SEQ00602	chr7	60850000	60900000	1.4727055403522273	1.4727055403522273
SEQ00603	chr7	60900000	62250000	1.4727055403522273	1.4727055403522273
SEQ00604	chr7	62250000	63450000	1.4727055403522273	1.4727055403522273
SEQ00605	chr7	63450000	63750000	2.5536414955099933	2.5536414955099933
SEQ00606	chr7	63750000	63850000	1.8050615102440373	1.8050615102440373
SEQ00607	chr7	63850000	64250000	1.4053358988751554	1.4053358988751554
SEQ00608	chr7	64250000	65050000	1.8126884653088018	1.8126884653088018
SEQ00609	chr7	65050000	67300000	2.329115202864509	2.329115202864509
SEQ00610	chr7	67300000	67350000	2.329115202864509	2.329115202864509
SEQ00611	chr7	67350000	70100000	1.5218160677664023	1.5218160677664023
SEQ00612	chr7	70100000	70400000	1.5218160677664023	1.5218160677664023
SEQ00613	chr7	70400000	72500000	1.5218160677664023	1.5218160677664023
SEQ00614	chr7	72500000	76450000	1.9632847051921969	1.9632847051921969
SEQ00615	chr7	76450000	77200000	3.1246010547703396	3.1246010547703396
SEQ00616	chr7	77200000	79350000	2.1267760128779245	2.1267760128779245
SEQ00617	chr7	79350000	83700000	2.196854010125994	2.196854010125994
SEQ00618	chr7	83700000	85350000	2.267667313648428	2.267667313648428
SEQ00619	chr7	85350000	86950000	2.0728486769409873	2.0728486769409873
SEQ00620	chr7	86950000	87150000	1.619468043359564	1.619468043359564
SEQ00621	chr7	87150000	87200000	1.619468043359564	1.619468043359564
SEQ00622	chr7	87200000	91900000	2.1151173374938277	2.1151173374938277
SEQ00623	chr7	91900000	94250000	2.2685036799187883	2.2685036799187883
SEQ00624	chr7	94250000	98200000	2.116095150668795	2.116095150668795
SEQ00625	chr7	98200000	102300000	1.9297020371846414	1.9297020371846414
SEQ00626	chr7	102300000	102700000	1.9297020371846414	1.9297020371846414
SEQ00627	chr7	102700000	142800000	2.121997858059718	2.121997858059718
SEQ00628	chr7	142800000	148500000	1.90888210129184	1.90888210129184
SEQ00629	chr7	148500000	151050000	2.1260636664223225	2.1260636664223225
SEQ00630	chr7	151050000	151450000	2.1260636664223225	2.1260636664223225
SEQ00631	chr7	151450000	152850000	2.6833607072011896	2.6833607072011896
SEQ00632	chr7	152850000	153400000	2.13950789105303	2.13950789105303
SEQ00633	chr7	153400000	154900000	1.8937357071795773	1.8937357071795773
SEQ00634	chr7	154900000	155600000	2.174780805266409	2.174780805266409
SEQ00635	chr7	155600000	157550000	2.501083112601192	2.501083112601192
SEQ00636	chr7	157550000	158600000	1.9665118774793169	1.9665118774793169
SEQ00637	chr7	158600000	159345973	2.4343236650803073	2.4343236650803073
SEQ00638	chr8	0	350000	1.0528748787786675	1.0528748787786675
SEQ00639	chr8	350000	5850000	1.0528748787786675	1.0528748787786675
SEQ00640	chr8	5850000	7050000	1.339835608801869	1.339835608801869
SEQ00641	chr8	7050000	7500000	1.339835608801869	1.339835608801869
SEQ00642	chr8	7500000	8100000	0.397368660407162	0.397368660407162
SEQ00643	chr8	8100000	12650000	1.4040594277861806	1.4040594277861806
SEQ00644	chr8	12650000	20250000	1.4040594277861806	1.4040594277861806
SEQ00645	chr8	20250000	21800000	1.103406206074002	1.103406206074002
SEQ00646	chr8	21800000	33950000	1.4467042283247549	1.4467042283247549
SEQ00647	chr8	33950000	36950000	1.09938827637457	1.09938827637457
SEQ00648	chr8	36950000	40350000	0.7145961270624092	0.7145961270624092
SEQ00649	chr8	40350000	40400000	0.7145961270624092	0.7145961270624092
SEQ00650	chr8	40400000	40800000	3.0531617024327833	3.0531617024327833
SEQ00651	chr8	40800000	42200000	2.470177990478799	2.470177990478799
SEQ00652	chr8	42200000	42850000	3.7670808576053085	3.7670808576053085
SEQ00653	chr8	42850000	45900000	1.3308795431713931	1.3308795431713931
SEQ00654	chr8	45900000	46550000	1.9659289736458527	1.9659289736458527
SEQ00655	chr8	46550000	53100000	2.624067806498672	2.624067806498672
SEQ00656	chr8	53100000	53650000	3.4950667283048578	3.4950667283048578
SEQ00657	chr8	53650000	54050000	3.9469766927142684	3.9469766927142684
SEQ00658	chr8	54050000	55450000	3.439919967835371	3.439919967835371
SEQ00659	chr8	55450000	55950000	3.439919967835371	3.439919967835371
SEQ00660	chr8	55950000	66300000	2.718941290682877	2.718941290682877
SEQ00661	chr8	66300000	67300000	3.01019928237361	3.01019928237361
SEQ00662	chr8	67300000	73200000	2.7129190498013886	2.7129190498013886
SEQ00663	chr8	73200000	75550000	2.8983925447377676	2.8983925447377676
SEQ00664	chr8	75550000	78300000	2.685682946438171	2.685682946438171
SEQ00665	chr8	78300000	79150000	2.8227336419501445	2.8227336419501445
SEQ00666	chr8	79150000	79250000	2.8227336419501445	2.8227336419501445
SEQ00667	chr8	79250000	79300000	2.8227336419501445	2.8227336419501445
SEQ00668	chr8	79300000	82350000	2.8227336419501445	2.8227336419501445
SEQ00669	chr8	82350000	85650000	2.6637394978488484	2.6637394978488484
SEQ00670	chr8	85650000	85850000	0.9726684313664382	0.9726684313664382
SEQ00671	chr8	85850000	88050000	2.628926850976093	2.628926850976093
SEQ00672	chr8	88050000	91450000	2.791798852606638	2.791798852606638
SEQ00673	chr8	91450000	93550000	2.65299324093761	2.65299324093761
SEQ00674	chr8	93550000	95550000	2.93126418673166	2.93126418673166
SEQ00675	chr8	95550000	97500000	2.7074618323382325	2.7074618323382325
SEQ00676	chr8	97500000	100100000	2.939920208834274	2.939920208834274
SEQ00677	chr8	100100000	107000000	4.3094089130131765	4.3094089130131765
SEQ00678	chr8	107000000	113850000	4.088495351338375	4.088495351338375
SEQ00679	chr8	113850000	114350000	4.365388339759183	4.365388339759183
SEQ00680	chr8	114350000	114400000	4.365388339759183	4.365388339759183
SEQ00681	chr8	114400000	114450000	4.365388339759183	4.365388339759183
SEQ00682	chr8	114450000	114750000	5.3352282748509205	5.3352282748509205
SEQ00683	chr8	114750000	114800000	5.3352282748509205	5.3352282748509205
SEQ00684	chr8	114800000	132100000	4.257421709007258	4.257421709007258
SEQ00685	chr8	132100000	132550000	3.3603325171492866	3.3603325171492866
SEQ00686	chr8	132550000	133100000	4.103514354510057	4.103514354510057
SEQ00687	chr8	133100000	134450000	5.107686578229093	5.107686578229093
SEQ00688	chr8	134450000	134500000	5.107686578229093	5.107686578229093
SEQ00689	chr8	134500000	134900000	5.851149174496114	5.851149174496114
SEQ00690	chr8	134900000	135250000	3.9077386962465708	3.9077386962465708
SEQ00691	chr8	135250000	136550000	1.582953635774989	1.582953635774989
SEQ00692	chr8	136550000	137900000	1.8766480371532928	1.8766480371532928
SEQ00693	chr8	137900000	140150000	1.6027884293554084	1.6027884293554084
SEQ00694	chr8	140150000	141450000	2.1044985271532894	2.1044985271532894
SEQ00695	chr8	141450000	145138636	1.827723709760941	1.827723709760941
SEQ00696	chr9	0	200000	2.9077092150364936	2.9077092150364936
SEQ00697	chr9	200000	3550000	1.3925904162670022	1.3925904162670022
SEQ00698	chr9	3550000	3600000	1.3925904162670022	1.3925904162670022
SEQ00699	chr9	3600000	4350000	3.7361930464371356	3.7361930464371356
SEQ00700	chr9	4350000	7400000	4.971116797082727	4.971116797082727
SEQ00701	chr9	7400000	7500000	4.280947075819568	4.280947075819568
SEQ00702	chr9	7500000	9850000	3.787529170852436	3.787529170852436
SEQ00703	chr9	9850000	19050000	4.7932693096536045	4.7932693096536045
SEQ00704	chr9	19050000	20350000	1.4604409228029545	1.4604409228029545
SEQ00705	chr9	20350000	22950000	1.551425048555964	1.551425048555964
SEQ00706	chr9	22950000	30550000	1.401355510358723	1.401355510358723
SEQ00707	chr9	30550000	38000000	1.4814233684183185	1.4814233684183185
SEQ00708	chr9	38000000	38450000	1.4814233684183185	1.4814233684183185
SEQ00709	chr9	38450000	38900000	2.0338838600709654	2.0338838600709654
SEQ00710	chr9	38900000	39050000	2.0338838600709654	2.0338838600709654
SEQ00711	chr9	39050000	39600000	2.0338838600709654	2.0338838600709654
SEQ00712	chr9	39600000	40700000	0.7358787604214871	0.7358787604214871
SEQ00713	chr9	40700000	41300000	2.432451432924797	2.432451432924797
SEQ00714	chr9	41300000	41600000	0.6293000662921676	0.6293000662921676
SEQ00715	chr9	41600000	42700000	0.6293000662921676	0.6293000662921676
SEQ00716	chr9	42700000	43150000	2.474556529615176	2.474556529615176
SEQ00717	chr9	43150000	43200000	2.474556529615176	2.474556529615176
SEQ00718	chr9	43200000	43300000	2.474556529615176	2.474556529615176
SEQ00719	chr9	43300000	45550000	1.233091622156315	1.233091622156315
SEQ00720	chr9	45550000	60500000	0.0020000059398117102	0.0020000059398117102
SEQ00721	chr9	60500000	60650000	1.6314751352730077	1.6314751352730077
SEQ00722	chr9	60650000	61700000	1.6314751352730077	1.6314751352730077
SEQ00723	chr9	61700000	62100000	1.6314751352730077	1.6314751352730077
SEQ00724	chr9	62100000	63850000	1.6314751352730077	1.6314751352730077
SEQ00725	chr9	63850000	65350000	1.6314751352730077	1.6314751352730077
SEQ00726	chr9	65350000	70500000	1.6314751352730077	1.6314751352730077
SEQ00727	chr9	70500000	85000000	1.6314751352730077	1.6314751352730077
SEQ00728	chr9	85000000	87300000	1.6314751352730077	1.6314751352730077
SEQ00729	chr9	87300000	87700000	1.6314751352730077	1.6314751352730077
SEQ00730	chr9	87700000	90650000	1.6314751352730077	1.6314751352730077
SEQ00731	chr9	90650000	91250000	1.6314751352730077	1.6314751352730077
SEQ00732	chr9	91250000	131300000	1.6314751352730077	1.6314751352730077
SEQ00733	chr9	131300000	132250000	3.4106624975932713	3.4106624975932713
SEQ00734	chr9	132250000	138394717	3.4106624975932713	3.4106624975932713
SEQ00735	chrX	0	350000	0.0020000059398117102	0.0020000059398117102
SEQ00736	chrX	350000	2750000	0.0020000059398117102	0.0020000059398117102
SEQ00737	chrX	2750000	3700000	1.377448136833229	1.377448136833229
SEQ00738	chrX	3700000	7250000	0.6978408707172458	0.6978408707172458
SEQ00739	chrX	7250000	7650000	0.6978408707172458	0.6978408707172458
SEQ00740	chrX	7650000	10900000	0.6978408707172458	0.6978408707172458
SEQ00741	chrX	10900000	11300000	1.4339492843760053	1.4339492843760053
SEQ00742	chrX	11300000	24450000	1.4339492843760053	1.4339492843760053
SEQ00743	chrX	24450000	38300000	1.4339492843760053	1.4339492843760053
SEQ00744	chrX	38300000	40550000	0.671863471629617	0.671863471629617
SEQ00745	chrX	40550000	48000000	0.7483110582641044	0.7483110582641044
SEQ00746	chrX	48000000	50500000	1.286304317584612	1.286304317584612
SEQ00747	chrX	50500000	50550000	1.286304317584612	1.286304317584612
SEQ00748	chrX	50550000	51950000	0.783741610556954	0.783741610556954
SEQ00749	chrX	51950000	52200000	0.783741610556954	0.783741610556954
SEQ00750	chrX	52200000	52650000	0.783741610556954	0.783741610556954
SEQ00751	chrX	52650000	53700000	0.783741610556954	0.783741610556954
SEQ00752	chrX	53700000	54000000	0.783741610556954	0.783741610556954
SEQ00753	chrX	54000000	55000000	1.4676683517854339	1.4676683517854339
SEQ00754	chrX	55000000	55600000	0.6969755731167796	0.6969755731167796
SEQ00755	chrX	55600000	62400000	0.05651665927231614	0.05651665927231614
SEQ00756	chrX	62400000	62450000	0.05651665927231614	0.05651665927231614
SEQ00757	chrX	62450000	89250000	0.6951036376317878	0.6951036376317878
SEQ00758	chrX	89250000	92850000	1.111025554285028	1.111025554285028
SEQ00759	chrX	92850000	118000000	0.7264774892099992	0.7264774892099992
SEQ00760	chrX	118000000	118250000	1.2589055079217706	1.2589055079217706
SEQ00761	chrX	118250000	119000000	1.2589055079217706	1.2589055079217706
SEQ00762	chrX	119000000	119100000	1.2589055079217706	1.2589055079217706
SEQ00763	chrX	119100000	119150000	1.2589055079217706	1.2589055079217706
SEQ00764	chrX	119150000	122700000	2.0984152538111545	2.0984152538111545
SEQ00765	chrX	122700000	122750000	2.0984152538111545	2.0984152538111545
SEQ00766	chrX	122750000	126100000	1.449409243354023	1.449409243354023
SEQ00767	chrX	126100000	126150000	1.449409243354023	1.449409243354023
SEQ00768	chrX	126150000	130050000	2.053940657670214	2.053940657670214
SEQ00769	chrX	130050000	130100000	2.053940657670214	2.053940657670214
SEQ00770	chrX	130100000	131250000	1.4980720374358223	1.4980720374358223
SEQ00771	chrX	131250000	131950000	2.223087910673381	2.223087910673381
SEQ00772	chrX	131950000	132000000	2.223087910673381	2.223087910673381
SEQ00773	chrX	132000000	137200000	1.44138426376578	1.44138426376578
SEQ00774	chrX	137200000	142000000	0.7113443407363235	0.7113443407363235
SEQ00775	chrX	142000000	143000000	1.3753006156976986	1.3753006156976986
SEQ00776	chrX	143000000	143050000	1.3753006156976986	1.3753006156976986
SEQ00777	chrX	143050000	144650000	1.9740503670359835	1.9740503670359835
SEQ00778	chrX	144650000	144700000	1.9740503670359835	1.9740503670359835
SEQ00779	chrX	144700000	146500000	1.3277467517765034	1.3277467517765034
SEQ00780	chrX	146500000	154050000	0.6980101885059972	0.6980101885059972
SEQ00781	chrX	154050000	154300000	0.6980101885059972	0.6980101885059972
SEQ00782	chrX	154300000	156040895	1.3090343907109219	1.3090343907109219
