sv_id	chrom1	pos1	chrom2	pos2	orientation	eaglec2_probability	is_external	is_foldback	vertex1	vertex2	junction_cn	endpoint_cn_capacity	reciprocal_source1_cn	reciprocal_source2_cn	observed_cn_jump_diagnostic	junction_pairs	junction_window_bp	poisson_background_eta	sv_reads_per_cn	poisson_expected_pairs	junction_fraction_of_capacity	cnv_identifiable
SV01	X	125280000	X	142150000	--	1.0	False	True	X:125280000:L	X:142150000:L	0.8656617648008165	3.0186405371029363	0.000273716176514019	0.000279339838567122	1.2252404903971543	632.0	50000	26.0	700.765774417	632.6261369938311	0.2867720598596391	True
SV02	X	118270000	X	145590000	-+	1.0	False	False	X:118270000:L	X:145590000:R	0.9780283624800638	1.8322289601172022	0.00027115361232837415	0.08793091301040978	1.8322292171137968	687.0	50000	2.0	700.765774417	687.3688028351322	0.5337915641380879	True
SV03	X	24480000	X	130400000	+-	1.0	False	False	X:24480000:R	X:130400000:L	1.3156975330754281	2.1728679989064714	0.7536710392406806	1.3156972639891134	0.0	932.0	50000	10.0	700.765774417	931.9958006641389	0.6055119472225523	True
SV04	X	38160000	X	47880000	+-	1.0	False	False	X:38160000:R	X:47880000:L	0.9638913517229898	1.9806817056424335	2.8529882858877422e-05	0.0002703825364153325	1.9806857438660495	678.0	50000	5.0	700.765774417	680.4620695440099	0.48664626374703246	True
SV05	X	129240000	X	141090000	+-	0.9999	False	False	X:129240000:R	X:141090000:L	0.5596643105544122	2.0091705872059547	0.0002709593664696341	0.06285087567745964	1.0678205117125579	397.0	50000	5.0	700.765774417	397.19359399921905	0.27855489927946203	True
SV06	X	54050000	X	55030000	-+	0.9998	False	False	X:54050000:L	X:55030000:R	1.5582859677723593	2.6775239296869477	0.2209162889177168	0.048485436618220315	1.5098003677686906	1262.0	50000	170.0	700.765774417	1261.9934729691417	0.5819876903787568	True
SV07	X	24480000	X	153330000	--	0.9993	False	True	X:24480000:L	X:153330000:L	0.9122974050122048	2.1266738322193732	0.35027091118327874	0.00027437602000844976	1.1845443504473943	640.0	50000	1.0	700.765774417	640.3067975219972	0.4289785256162866	True
SV08	X	117140000	X	143760000	-+	0.9939	False	False	X:117140000:L	X:143760000:R	1.143695984167473	3.0186405371029363	0.3919710105188413	0.0002918373713096088	1.956815730083075	809.0	50000	8.0	700.765774417	809.4630020427321	0.3788778326236572	True
SV09	X	55640000	X	118180000	+-	0.9845	False	False	X:55640000:R	X:118180000:L	0.769548846467797	1.1677233989984885	0.00021479636968502747	0.7695485802289082	1.1555078346974201	540.0	50000	1.0	700.765774417	540.2734933467148	0.659016379330764	True
SV10	X	11300000	X	50275000	++	0.9743	False	True	X:11300000:R	X:50275000:R	1.1165084522703457	1.9035604664550518	0.00018629671316517372	0.8698287053259728	1.8964549977242537	783.0	50000	1.0	700.765774417	783.4109101983548	0.5865368985885636	True
SV11	X	121870000	X	131100000	++	0.9734	False	True	X:121870000:R	X:131100000:R	1.0856189945734156	3.6330952395755345	0.00027430244201698587	0.00027381010089056374	1.7217384004043255	777.0	50000	17.0	700.765774417	777.7646354540445	0.2988138000754012	True
SV12	X	51700000	X	117140000	+-	0.9641	False	False	X:51700000:R	X:117140000:L	1.6568627556704223	1.6568807194125914	0.10203090760368937	0.45177606255612374	1.009191527800175	1171.0	50000	1.0	700.765774417	1162.0727120800682	0.9999891580957164	True
SV13	X	7160000	X	7580000	+-	0.886	False	False	X:7160000:R	X:7580000:L	1.0871464793222863	1.0871611285822782	0.01626017054292633	0.016260711153730237	0.8263357557536755	778.0	50000	2.0	700.765774417	763.8350444869969	0.9999865252172775	True
SV14	X	10925000	X	11275000	-+	0.4301	False	False	X:10925000:L	X:11275000:R	7.613120971819852	7.613184421911616	1.0870976771145935	7.613120695535092	0.9070487567195671	5366.0	50000	2.0	700.765774417	5337.014613547642	0.9999916657618878	True
SV15	X	118200000	X	130950000	-+	0.3161	False	False	X:118200000:L	X:130950000:R	0.1569692354073314	1.3379295763038248	0.15696896640450858	0.15696896682382544	0.0	124.0	50000	14.000000000000002	700.765774417	123.99866780986297	0.11732249453740001	True
SV16	X	38125000	X	48400000	++	0.2481	False	False	X:38125000:R	X:48400000:R	0.39530826732431684	1.9806817056424335	0.395307997493359	0.39530799794226934	0.0	303.0	50000	26.0	700.765774417	303.01850408496733	0.19958192484849488	True
SV18	X	10650000	X	48450000	+-	0.1485	False	False	X:10650000:R	X:48450000:L	0.10702430262061542	1.0871611285822782	0.10702403432507228	0.10702403451940368	0.0	98.0	50000	23.0	700.765774417	97.99896830737492	0.09844382751265342	True
SV19	X	53000000	X	123200000	-+	0.1433	False	False	X:53000000:L	X:123200000:R	0.07277980518967316	1.340154250949747	0.07277953711143859	0.0727795373030935	0.0	64.0	50000	13.0	700.765774417	64.00159654565971	0.0543070360281999	True
SV20	X	129200000	X	141150000	++	0.1332	False	False	X:129200000:R	X:141150000:R	0.15269129459776218	2.0091705872059547	0.15269102559132167	0.15269102568668402	0.0	119.0	50000	12.0	700.765774417	119.0008333055351	0.07599717792509682	True
SV21	X	24450000	X	121850000	++	0.1154	False	False	X:24450000:R	X:121850000:R	0.12843532498957017	2.8051905700610815	0.1284350568554088	0.12843505639004185	0.0	96.0	50000	6.0	700.765774417	96.00307997881521	0.045784884050417134	True
SV22	X	77350000	X	77775000	-+	0.1045	False	False	X:77350000:L	X:77775000:R	2.73520772932978	2.7352349155979887	2.7352074526007266	2.7352074526007266	0.0	2143.0	50000	204.0	700.765774417	2120.739962635147	0.9999900607190799	True
