sv_id	chrom1	pos1	chrom2	pos2	orientation	eaglec2_probability	is_external	is_foldback	vertex1	vertex2	junction_cn	endpoint_cn_capacity	reciprocal_source1_cn	reciprocal_source2_cn	cnv_breakpoint_target_cn	junction_pairs	junction_window_bp	poisson_background_eta	sv_reads_per_cn	poisson_expected_pairs	junction_fraction_of_capacity	cnv_identifiable
SV01	X	125280000	X	142150000	--	1.0	False	True	X:125280000:L	X:142150000:L	1.0096864387686362	3.0188519370411195	3.7632500571060756e-11	0.0	1.2252404903971543	632.0	50000	26.0	700.765774417	733.5536991820462	0.3344604040959573	True
SV02	X	118270000	X	145590000	-+	1.0	False	False	X:118270000:L	X:145590000:R	0.9786922334293744	1.8322292171137968	4.077832974210159e-11	0.0	1.8322292171137968	687.0	50000	2.0	700.765774417	687.8340208750388	0.5341538189043021	True
SV03	X	24480000	X	130400000	+-	1.0	False	False	X:24480000:R	X:130400000:L	5.663223304621458e-09	2.1728671948196214	0.0	0.0	0.0	932.0	50000	10.0	700.765774417	10.000003968593065	2.6063366036006565e-09	False
SV04	X	38160000	X	47880000	+-	1.0	False	False	X:38160000:R	X:47880000:L	1.0649591774611094	1.9806857438660495	0.0	4.094029760516042e-11	1.9806857438660495	678.0	50000	5.0	700.765774417	751.2869427160256	0.537671955664427	True
SV05	X	129240000	X	141090000	+-	0.9999	False	False	X:129240000:R	X:141090000:L	0.5599929194843858	2.00917050326763	3.95838662291515e-11	0.0	1.0678205117125579	397.0	50000	5.0	700.765774417	397.4238718905123	0.2787184654431453	True
SV06	X	54050000	X	55030000	-+	0.9998	False	False	X:54050000:L	X:55030000:R	1.5097882428787788	2.677524915639995	0.0	2.140975069721952e-11	1.5098003677686906	1262.0	50000	170.0	700.765774417	1228.0079272266291	0.563874582103712	True
SV07	X	24480000	X	153330000	--	0.9993	False	True	X:24480000:L	X:153330000:L	1.9939906260575266e-07	2.1262334405646675	2.434191653798341e-08	4.1140841056937976e-11	1.184036860832935	640.0	50000	1.0	700.765774417	1.000139732038525	9.37804188390518e-08	False
SV08	X	117140000	X	143760000	-+	0.9939	False	False	X:117140000:L	X:143760000:R	1.143145461713219	3.0188519370411195	0.0	2.733279539729465e-11	1.956815730083075	809.0	50000	8.0	700.765774417	809.077214748743	0.3786689395683497	True
SV09	X	55640000	X	118180000	+-	0.9845	False	False	X:55640000:R	X:118180000:L	5.876452021543296e-09	1.1677245478713043	1.7252898297990813e-10	0.0	1.1570182760278043	540.0	50000	1.0	700.765774417	1.0000041180164516	5.03239572402219e-09	False
SV10	X	11300000	X	50275000	++	0.9743	False	True	X:11300000:R	X:50275000:R	1.116316348213876	1.9022409516478505	3.526711949962582e-10	0.0	1.8972459530097536	783.0	50000	1.0	700.765774417	783.2762902504543	0.5868427694435066	True
SV11	X	121870000	X	131100000	++	0.9734	False	True	X:121870000:R	X:131100000:R	1.6088358655548953	3.6500089460643173	0.0	3.475636487500834e-11	1.7217384004043255	777.0	50000	17.0	700.765774417	1144.4171112354206	0.4407758691357864	True
SV12	X	51700000	X	117140000	+-	0.9641	False	False	X:51700000:R	X:117140000:L	0.9070049566397113	1.0090516338446813	0.0	0.0	1.0090516338446813	1171.0	50000	1.0	700.765774417	636.5980308396847	0.8988687260570081	True
SV13	X	7160000	X	7580000	+-	0.886	False	False	X:7160000:R	X:7580000:L	0.826333689129484	0.8263357557536755	4.908886332485022e-11	1.2094307948436517e-10	0.8263357557536755	778.0	50000	2.0	700.765774417	581.0663675896794	0.9999974990502625	True
SV14	X	10925000	X	11275000	-+	0.4301	False	False	X:10925000:L	X:11275000:R	2.466895842264749e-09	1.9022409516478505	4.090976956847846e-11	0.0	0.907839712005067	5366.0	50000	2.0	700.765774417	2.000001728716175	1.2968366810354681e-09	False
SV15	X	118200000	X	130950000	-+	0.3161	False	False	X:118200000:L	X:130950000:R	7.171392560198078e-09	1.337927554786112	0.0	0.0	0.0	124.0	50000	14.000000000000002	700.765774417	14.000005025466463	5.360075390139142e-09	False
SV16	X	38125000	X	48400000	++	0.2481	False	False	X:38125000:R	X:48400000:R	7.157838741963751e-09	1.9806857438660495	0.0	0.0	0.0	303.0	50000	26.0	700.765774417	26.00000501596841	3.613818478842863e-09	False
SV18	X	10650000	X	48450000	+-	0.1485	False	False	X:10650000:R	X:48450000:L	7.247563323500847e-09	0.9944012396427835	0.0	0.0	0.0	98.0	50000	23.0	700.765774417	23.000005078844325	7.288369155799094e-09	False
SV19	X	53000000	X	123200000	-+	0.1433	False	False	X:53000000:L	X:123200000:R	7.2394309389374374e-09	1.340062231564462	0.0	0.0	0.0	64.0	50000	13.0	700.765774417	13.000005073145429	5.4023095110185516e-09	False
SV20	X	129200000	X	141150000	++	0.1332	False	False	X:129200000:R	X:141150000:R	7.1558437425195645e-09	2.00917050326763	0.0	0.0	0.0	119.0	50000	12.0	700.765774417	12.000005014570382	3.5615910799415e-09	False
SV21	X	24450000	X	121850000	++	0.1154	False	False	X:24450000:R	X:121850000:R	6.963021799130471e-09	2.2565206795870805	0.0	0.0	0.0	96.0	50000	6.0	700.765774417	6.0000048794473635	3.0857336527510267e-09	False
SV22	X	77350000	X	77775000	-+	0.1045	False	False	X:77350000:L	X:77775000:R	7.10618142656882e-09	1.3178626336250763	0.0	0.0	0.0	2143.0	50000	204.0	700.765774417	204.00000497976873	5.392201922458092e-09	False
