chrom1	pos1	chrom2	pos2	local_signal_mean	local_background_mean	junction_pairs	background_pairs
X	125280000	X	142150000	25.28	1.04	632.0	26.0
X	118270000	X	145590000	27.48	0.08	687.0	2.0
X	24480000	X	130400000	37.28	0.4	932.0	10.0
X	38160000	X	47880000	27.12	0.2	678.0	5.0
X	129240000	X	141090000	15.88	0.2	397.0	5.0
X	54050000	X	55030000	50.48	6.8	1262.0	170.0
X	24480000	X	153330000	25.6	0.04	640.0	1.0
X	117140000	X	143760000	32.36	0.32	809.0	8.0
X	55640000	X	118180000	21.6	1e-06	540.0	2.4999999999999998e-05
X	11300000	X	50275000	31.32	1e-06	783.0	2.4999999999999998e-05
X	121870000	X	131100000	31.08	0.68	777.0	17.0
X	51700000	X	117140000	46.84	1e-06	1171.0	2.4999999999999998e-05
X	7160000	X	7580000	31.12	0.08	778.0	2.0
X	10925000	X	11275000	214.64	0.08	5366.0	2.0
X	118200000	X	130950000	4.96	0.56	124.0	14.000000000000002
X	38125000	X	48400000	12.12	1.04	303.0	26.0
X	11275000	X	50275000	26.2	1e-06	655.0	2.4999999999999998e-05
X	10650000	X	48450000	3.92	0.92	98.0	23.0
X	53000000	X	123200000	2.56	0.52	64.0	13.0
X	129200000	X	141150000	4.76	0.48	119.0	12.0
X	24450000	X	121850000	3.84	0.24	96.0	6.0
X	77350000	X	77775000	85.72	8.16	2143.0	204.0
